unified_id,word,variants,category,sources,media_count
1,পরিবার,পরিবার,পারিবারিক সম্পর্ক,"BdSLW102, ishaara",5
2,সম্পর্ক,সম্পর্ক,সাধারণ প্রশাসন ও সামাজিক,"BdSLW102, ishaara",5
3,বাবা,বাবা / আব্বা,পারিবারিক সম্পর্ক,"BdSLW102, BdSLW401, ishaara",5
4,মা,মা,পারিবারিক সম্পর্ক,"BdSLW102, BdSLW401, ishaara",5
5,ভাই,ভাই,পারিবারিক সম্পর্ক,"BdSLW102, BdSLW401, ishaara",5
6,বোন,বোন,পারিবারিক সম্পর্ক,"BdSLW102, ishaara",5
7,স্বামী,স্বামী,পারিবারিক সম্পর্ক,"BdSLW102, ishaara",5
8,স্ত্রী,স্ত্রী,পারিবারিক সম্পর্ক,"BdSLW102, BdSLW401, ishaara",5
9,চাচা,চাচা,পারিবারিক সম্পর্ক,"BdSLW102, BdSLW401, ishaara",5
10,মামা,মামা,,"BdSLW102, BdSLW401",0
11,খালা,খালা,,"BdSLW102, BdSLW401",0
12,ফুফু,ফুফু,,BdSLW102,0
13,বন্ধু,বন্ধু,বিবিধ (সাধারণ),"BdSLW102, BdSLW401, ishaara",5
14,কালো,কালো,,BdSLW102,0
15,সাদা,সাদা,রং,"BdSLW102, ishaara",5
16,লাল,লাল,রং,"BdSLW102, ishaara",5
17,নীল,নীল,রং,"BdSLW102, ishaara",5
18,হলুদ,হলুদ,,BdSLW102,0
19,সবুজ,সবুজ,,BdSLW102,0
20,খাদ্য,খাদ্য,বিবিধ (সাধারণ),"BdSLW102, ishaara",5
21,ফলমূল,ফলমূল,,BdSLW102,0
22,ভাত,ভাত,খাদ্য ও পানীয় (সাধারণ),"BdSLW102, BdSLW401, ishaara",5
23,মাছ,মাছ,খাদ্য ও পানীয় (সাধারণ),"BdSLW102, BdSLW401, ishaara",5
24,মাংস,মাংস,খাদ্য ও পানীয় (সাধারণ),"BdSLW102, ishaara",5
25,মুরগী,মুরগী,প্রাণী,"BdSLW102, ishaara",5
26,চা,চা,খাদ্য ও পানীয় (সাধারণ),"BdSLW102, BdSLW401, ishaara",5
27,কফি,কফি,খাদ্য ও পানীয় (সাধারণ),"BdSLW102, ishaara",5
28,রুটি,রুটি,খাদ্য ও পানীয় (সাধারণ),"BdSLW102, ishaara",5
29,সবজি,সবজি,,BdSLW102,0
30,ডাল,ডাল,খাদ্য ও পানীয় (সাধারণ),"BdSLW102, BdSLW401, ishaara",5
31,মিষ্টি,মিষ্টি,খাদ্য ও পানীয় (সাধারণ),"BdSLW102, ishaara",5
32,পানি,পানি,খাদ্য ও পানীয় (সাধারণ),"BdSLW102, ishaara",5
33,দুধ,দুধ,খাদ্য ও পানীয় (সাধারণ),"BdSLW102, BdSLW401, ishaara",5
34,আম,আম,ফল,"BdSLW102, BdSLW401, ishaara",5
35,কাঁঠাল,কাঁঠাল,ফল,"BdSLW102, ishaara",5
36,আপেল,আপেল,ফল,"BdSLW102, ishaara",5
37,কমলা,কমলা,রং,"BdSLW102, BdSLW401, ishaara",5
38,কলা,কলা,ফল,"BdSLW102, BdSLW401, ishaara",5
39,আঙ্গুর,আঙ্গুর,ফল,"BdSLW102, BdSLW401, ishaara",5
40,পেঁপে,পেঁপে,ফল,"BdSLW102, ishaara",5
41,স্কুল,স্কুল,শিক্ষা,"BdSLW102, ishaara",5
42,কলেজ,কলেজ,শিক্ষা,"BdSLW102, ishaara",5
43,বিশ্ববিদ্যালয়,বিশ্ববিদ্যালয়,,BdSLW102,0
44,অফিস,অফিস,বিবিধ (সাধারণ),"BdSLW102, ishaara",5
45,কাজ,কাজ,ক্রিয়া ও অবস্থা,"BdSLW102, ishaara",5
46,কম্পিউটার,কম্পিউটার,প্রযুক্তি ও ইলেকট্রনিক্স,"BdSLW102, ishaara",5
47,মোবাইল,মোবাইল,,BdSLW102,0
48,ইন্টারনেট,ইন্টারনেট,যোগাযোগ ও তথ্য প্রযুক্তি,"BdSLW102, ishaara",5
49,বই,বই,শিক্ষা,"BdSLW102, ishaara",5
50,কলম,কলম,বিবিধ (সাধারণ),"BdSLW102, ishaara",5
51,বাতি,বাতি,,BdSLW102,0
52,পাখা,পাখা,বিবিধ (সাধারণ),"BdSLW102, BdSLW401, ishaara",5
53,টেলিভিশন,টেলিভিশন,,BdSLW102,0
54,ক্রিকেট,ক্রিকেট,বিবিধ (সাধারণ),"BdSLW102, ishaara",5
55,ফুটবল,ফুটবল,খেলাধুলা ও বিনোদন,"BdSLW102, ishaara",5
56,হাঁটা,হাঁটা,ক্রিয়া ও অবস্থা,"BdSLW102, ishaara",5
57,কথা বলা,কথা বলা,ক্রিয়া ও অবস্থা,"BdSLW102, ishaara",5
58,ঘুমানো,ঘুমানো,ক্রিয়া ও অবস্থা,"BdSLW102, ishaara",5
59,আসা,আসা,,BdSLW102,0
60,যাওয়া,যাওয়া,,BdSLW102,0
61,দেখা,দেখা,,BdSLW102,0
62,বিভাগ,বিভাগ,সাধারণ প্রশাসন ও সামাজিক,"BdSLW102, ishaara",5
63,ঢাকা,ঢাকা,বাংলাদেশের স্থান,"BdSLW102, ishaara",5
64,চট্টগ্রাম,চট্টগ্রাম,প্রকৃতি ও পরিবেশ,"BdSLW102, ishaara",5
65,সিলেট,সিলেট,বিবিধ (সাধারণ),"BdSLW102, ishaara",5
66,খুলনা,খুলনা,বাংলাদেশের স্থান,"BdSLW102, ishaara",5
67,রাজশাহী,রাজশাহী,বাংলাদেশের স্থান,"BdSLW102, ishaara",5
68,রংপুর,রংপুর,বাংলাদেশের স্থান,"BdSLW102, ishaara",5
69,ময়মনসিংহ,ময়মনসিংহ,,BdSLW102,0
70,দিন,দিন,,BdSLW102,0
71,শনিবার,শনিবার,সপ্তাহের দিন,"BdSLW102, ishaara",5
72,রবিবার,রবিবার,সপ্তাহের দিন,"BdSLW102, ishaara",5
73,সোমবার,সোমবার,সপ্তাহের দিন,"BdSLW102, ishaara",5
74,মঙ্গলবার,মঙ্গলবার,সপ্তাহের দিন,"BdSLW102, ishaara",5
75,বুধবার,বুধবার,সপ্তাহের দিন,"BdSLW102, ishaara",5
76,বৃহস্পতিবার,বৃহস্পতিবার,সপ্তাহের দিন,"BdSLW102, ishaara",5
77,শুক্রবার,শুক্রবার,সপ্তাহের দিন,"BdSLW102, ishaara",5
78,পেশা,পেশা,,BdSLW102,0
79,গৃহিণী,গৃহিণী,পেশা ও জীবিকা,"BdSLW102, ishaara",5
80,স্যার,স্যার,,BdSLW102,0
81,ম্যাডাম,ম্যাডাম,শিক্ষা,"BdSLW102, ishaara",5
82,ডাক্তার,ডাক্তার,স্বাস্থ্য ও চিকিৎসা,"BdSLW102, ishaara",5
83,শ্রমিক,শ্রমিক,সাধারণ প্রশাসন ও সামাজিক,"BdSLW102, ishaara",5
84,উকিল,উকিল,পেশা ও জীবিকা,"BdSLW102, ishaara",5
85,পুলিশ,পুলিশ,সাধারণ প্রশাসন ও সামাজিক,"BdSLW102, ishaara",5
86,সাংবাদিক,সাংবাদিক,পেশা ও জীবিকা,"BdSLW102, ishaara",5
87,প্রকৌশলী,প্রকৌশলী,পেশা ও জীবিকা,"BdSLW102, ishaara",5
88,বাংলা,বাংলা,বিবিধ (সাধারণ),"BdSLW102, ishaara",5
89,ইশারা,ইশারা,,BdSLW102,0
90,ভাষা,ভাষা,আইন ও অপরাধ,"BdSLW102, ishaara",5
91,আমি,আমি,সর্বনাম ও সাধারণ কথ্য শব্দ,"BdSLW102, ishaara",5
92,তুমি,তুমি / আপনি,সর্বনাম ও সাধারণ কথ্য শব্দ,"BdSLW102, ishaara",10
93,আমার,আমার,সর্বনাম ও সাধারণ কথ্য শব্দ,"BdSLW102, ishaara",5
94,আমাদের,আমাদের,সর্বনাম ও সাধারণ কথ্য শব্দ,"BdSLW102, ishaara",5
95,হাজার,হাজার,সাধারণ প্রশাসন ও সামাজিক,"BdSLW102, ishaara",5
96,লাখ,লাখ,সাধারণ প্রশাসন ও সামাজিক,"BdSLW102, ishaara",5
97,ছেলে,ছেলে,সর্বনাম ও সাধারণ কথ্য শব্দ,"BdSLW102, ishaara",5
98,মেয়ে,মেয়ে,,BdSLW102,0
99,রোজা,রোজা,ধর্ম,"BdSLW102, ishaara",5
100,ঈদ,ঈদ,ধর্ম,"BdSLW102, ishaara",5
101,কোরবানির ঈদ,কোরবানির ঈদ,,BdSLW102,0
102,আত্মীয়,আত্মীয়,,BdSLW401,0
103,ববান,ববান,,BdSLW401,0
104,ববৌ,ববৌ,,BdSLW401,0
105,চাচী,চাচী,পারিবারিক সম্পর্ক,"BdSLW401, ishaara",5
106,দাদা,দাদা / নানা,পারিবারিক সম্পর্ক,"BdSLW401, ishaara",10
107,দাদী,দাদী / নানী,পারিবারিক সম্পর্ক,"BdSLW401, ishaara",10
108,দাযয়ত্ব,দাযয়ত্ব,,BdSLW401,0
109,বদবর,বদবর,,BdSLW401,0
110,দুলাভাই,দুলাভাই,পারিবারিক সম্পর্ক,"BdSLW401, ishaara",5
111,ফু ফা,ফু ফা,,BdSLW401,0
112,ফু ফু,ফু ফু,,BdSLW401,0
113,জামাই,জামাই,পারিবারিক সম্পর্ক,"BdSLW401, ishaara",5
114,খালু,খালু,,BdSLW401,0
115,কনযা,কনযা,,BdSLW401,0
116,মামী,মামী,,BdSLW401,0
117,ননদ,ননদ,পারিবারিক সম্পর্ক,"BdSLW401, ishaara",5
118,পযরবার,পযরবার,,BdSLW401,0
119,পুত্র,পুত্র,,BdSLW401,0
120,শ্বাশুয়ি,শ্বাশুয়ি,,BdSLW401,0
121,শ্বশুর,শ্বশুর,,BdSLW401,0
122,সতীন,সতীন,,BdSLW401,0
123,ভাবী,ভাবী,পারিবারিক সম্পর্ক,"BdSLW401, ishaara",5
124,ভাগ্নে,ভাগ্নে,,BdSLW401,0
125,ভাযে,ভাযে,,BdSLW401,0
126,ভায়রা,ভায়রা,,BdSLW401,0
127,ভাগ্নলা,ভাগ্নলা,,BdSLW401,0
128,ভাস্তে,ভাস্তে,,BdSLW401,0
129,ভাসুর,ভাসুর,,BdSLW401,0
130,আলু,আলু,শাকসব্জি ও রান্নার উপকরণ,"BdSLW401, ishaara",5
131,আনারস,আনারস,ফল,"BdSLW401, ishaara",5
132,আগ্নপল,আগ্নপল,,BdSLW401,0
133,যবস্কু ট,যবস্কু ট,,BdSLW401,0
134,বরই,বরই,ফল,"BdSLW401, ishaara",5
135,বকক,বকক,,BdSLW401,0
136,চাল,চাল,খাদ্য ও পানীয় (সাধারণ),"BdSLW401, ishaara",5
137,যচযন,যচযন,,BdSLW401,0
138,যচপস,যচপস,,BdSLW401,0
139,চকগ্নলট,চকগ্নলট,,BdSLW401,0
140,যডম,যডম,,BdSLW401,0
141,যফডার,যফডার,,BdSLW401,0
142,ফল,ফল,বিবিধ (সাধারণ),"BdSLW401, ishaara",5
143,ফগ্নলর রস,ফগ্নলর রস,,BdSLW401,0
144,গাজর,গাজর,শাকসব্জি ও রান্নার উপকরণ,"BdSLW401, ishaara",5
145,গু়ি,গু়ি,,BdSLW401,0
146,আইস স্তিম,আইস স্তিম,,BdSLW401,0
147,ঝাল,ঝাল,বিবিধ (সাধারণ),"BdSLW401, ishaara",5
148,কাগ্নলাজাম,কাগ্নলাজাম,,BdSLW401,0
149,খাবার,খাবার,খাদ্য ও পানীয় (সাধারণ),"BdSLW401, ishaara",5
150,ব খজরু,ব খজরু,,BdSLW401,0
151,বলবু,বলবু,,BdSLW401,0
152,যলচু,যলচু,,BdSLW401,0
153,লবণ,লবণ,খাদ্য ও পানীয় (সাধারণ),"BdSLW401, ishaara",5
154,মাাংস,মাাংস,,BdSLW401,0
155,যমসটট,যমসটট,,BdSLW401,0
156,মযরচ,মযরচ,,BdSLW401,0
157,পান,পান,শাকসব্জি ও রান্নার উপকরণ,"BdSLW401, ishaara",5
158,বপয়ারা,বপয়ারা,,BdSLW401,0
159,বপালাও,বপালাও,,BdSLW401,0
160,রুটট,রুটট,,BdSLW401,0
161,সবস্তজ,সবস্তজ,,BdSLW401,0
162,সুপাযর,সুপাযর,,BdSLW401,0
163,তাল,তাল,ফল,"BdSLW401, ishaara",5
164,বতেঁ তু ল,বতেঁ তু ল,,BdSLW401,0
165,তরমুজ,তরমুজ,ফল,"BdSLW401, ishaara",5
166,আলতা,আলতা,সৌন্দর্য ও সাজসজ্জা,"BdSLW401, ishaara",5
167,আাংটট,আাংটট,,BdSLW401,0
168,আতর,আতর,সৌন্দর্য ও সাজসজ্জা,"BdSLW401, ishaara",5
169,বায়িওয়ালা,বায়িওয়ালা,,BdSLW401,0
170,ববল্ট,ববল্ট,,BdSLW401,0
171,রক্তপাত,রক্তপাত,স্বাস্থ্য ও চিকিৎসা,"BdSLW401, ishaara",5
172,ব্লাউজ,ব্লাউজ,পোশাক ও ফ্যাশন,"BdSLW401, ishaara",5
173,ববারখা,ববারখা,,BdSLW401,0
174,ববাতাম,ববাতাম,,BdSLW401,0
175,টুযপ,টুযপ,,BdSLW401,0
176,চাদর,চাদর,গৃহস্থালি সরঞ্জাম,"BdSLW401, ishaara",5
177,যচরুযন,যচরুযন,,BdSLW401,0
178,চশমা,চশমা,বিবিধ (সাধারণ),"BdSLW401, ishaara",5
179,চুয়ি,চুয়ি,,BdSLW401,0
180,যিপ,যিপ,,BdSLW401,0
181,স্তিম,স্তিম,,BdSLW401,0
182,তথ্য,তথ্য,সাধারণ প্রশাসন ও সামাজিক,"BdSLW401, ishaara",5
183,বদনাদার,বদনাদার,,BdSLW401,0
184,দত্তক,দত্তক,,BdSLW401,0
185,যফতা,যফতা,,BdSLW401,0
186,ফতু য়া,ফতু য়া,,BdSLW401,0
187,বগস্তি,বগস্তি,,BdSLW401,0
188,ঘয়ি,ঘয়ি,,BdSLW401,0
189,বলাভস,বলাভস,,BdSLW401,0
190,গলার হার,গলার হার,পোশাক ও ফ্যাশন,"BdSLW401, ishaara",5
191,গ্রহীতা,গ্রহীতা,,BdSLW401,0
192,গুরু,গুরু,বিবিধ (সাধারণ),"BdSLW401, ishaara",5
193,হাফপযান্ট,হাফপযান্ট,,BdSLW401,0
194,জমজ,জমজ,পারিবারিক সম্পর্ক,"BdSLW401, ishaara",5
195,জতু া,জতু া,,BdSLW401,0
196,কাজল,কাজল,সৌন্দর্য ও সাজসজ্জা,"BdSLW401, ishaara",5
197,কাগ্ননর দুল,কাগ্ননর দুল,,BdSLW401,0
198,যলযপযিক,যলযপযিক,,BdSLW401,0
199,লুযঙ্গ,লুযঙ্গ,,BdSLW401,0
200,বমকআপ,বমকআপ,,BdSLW401,0
201,মাযলক,মাযলক,,BdSLW401,0
202,বমগ্নহদী,বমগ্নহদী,,BdSLW401,0
203,বমহমান,বমহমান,,BdSLW401,0
204,বমাজা,বমাজা,,BdSLW401,0
205,বনইলপযলশ,বনইলপযলশ,,BdSLW401,0
206,ও়িনা,ও়িনা,,BdSLW401,0
207,অযভভাবক,অযভভাবক,,BdSLW401,0
208,পায়জামা,পায়জামা,,BdSLW401,0
209,পািাযব,পািাযব,,BdSLW401,0
210,পযান্ট,পযান্ট,,BdSLW401,0
211,পাওনাদার,পাওনাদার,,BdSLW401,0
212,বপটটগ্নকাট,বপটটগ্নকাট,,BdSLW401,0
213,পারযফউম,পারযফউম,,BdSLW401,0
214,পগ্নকট,পগ্নকট,,BdSLW401,0
215,পাউডার,পাউডার,,BdSLW401,0
216,বেযমক,বেযমক,,BdSLW401,0
217,বেযমকা,বেযমকা,,BdSLW401,0
218,েযতগ্নবশী,েযতগ্নবশী,,BdSLW401,0
219,রূপা,রূপা,সৌন্দর্য ও সাজসজ্জা,"BdSLW401, ishaara",5
220,সযানগ্নডল,সযানগ্নডল,,BdSLW401,0
221,শযামপু,শযামপু,,BdSLW401,0
222,শায়ি,শায়ি,,BdSLW401,0
223,বশভ,বশভ,,BdSLW401,0
224,শাটট,শাটট,,BdSLW401,0
225,বশরওয়াযন,বশরওয়াযন,,BdSLW401,0
226,যশষ্য,যশষ্য,,BdSLW401,0
227,শুভাকাঙ্ক্ষী,শুভাকাঙ্ক্ষী,,BdSLW401,0
228,সহকমী,সহকমী,,BdSLW401,0
229,সহপাঠী,সহপাঠী,বিবিধ (সাধারণ),"BdSLW401, ishaara",5
230,সমবয়সী,সমবয়সী,,BdSLW401,0
231,সম্পকট,সম্পকট,,BdSLW401,0
232,বসানা,বসানা,,BdSLW401,0
233,শত্রু,শত্রু,বিবিধ (সাধারণ),"BdSLW401, ishaara",5
234,বছাগ্নয়টার,বছাগ্নয়টার,,BdSLW401,0
235,টাই,টাই,পোশাক ও ফ্যাশন,"BdSLW401, ishaara",5
236,টটপ,টটপ,,BdSLW401,0
237,ভা়িাগ্নট,ভা়িাগ্নট,,BdSLW401,0
238,আেঁচল,আেঁচল,,BdSLW401,0
239,আলনা,আলনা,বিবিধ (সাধারণ),"BdSLW401, ishaara",5
240,আগ্নলা,আগ্নলা,,BdSLW401,0
241,বযাগ,বযাগ,,BdSLW401,0
242,বাযলশ,বাযলশ,,BdSLW401,0
243,বােঁযশ,বােঁযশ,,BdSLW401,0
244,বাথ্রুম,বাথ্রুম,,BdSLW401,0
245,বাটট,বাটট,,BdSLW401,0
246,যবছা,যবছা,,BdSLW401,0
247,যবছানা,যবছানা,,BdSLW401,0
248,বক্স,বক্স,,BdSLW401,0
249,বেসগ্নলট,বেসগ্নলট,,BdSLW401,0
250,বাল্ব,বাল্ব,,BdSLW401,0
251,বচয়ার,বচয়ার,,BdSLW401,0
252,চামচ,চামচ,গৃহস্থালি সরঞ্জাম,"BdSLW401, ishaara",5
253,ছাতা,ছাতা,গৃহস্থালি সরঞ্জাম,"BdSLW401, ishaara",5
254,চুগ্নলর বযান্ড,চুগ্নলর বযান্ড,,BdSLW401,0
255,বকাট,বকাট,,BdSLW401,0
256,কাপ,কাপ,খাদ্য ও পানীয় (সাধারণ),"BdSLW401, ishaara",5
257,ধুযত,ধুযত,,BdSLW401,0
258,দরজা,দরজা,বিবিধ (সাধারণ),"BdSLW401, ishaara",5
259,ফযান,ফযান,,BdSLW401,0
260,হুক,হুক,,BdSLW401,0
261,জযাগ্নকট,জযাগ্নকট,,BdSLW401,0
262,জানালা,জানালা,গৃহস্থালি সরঞ্জাম,"BdSLW401, ishaara",5
263,জাঙযগয়া,জাঙযগয়া,,BdSLW401,0
264,স্তজন্স,স্তজন্স,,BdSLW401,0
265,জাযস ট,জাযস ট,,BdSLW401,0
266,ঝু য়ি,ঝু য়ি,,BdSLW401,0
267,কােঁযচ,কােঁযচ,,BdSLW401,0
268,কাযমজ,কাযমজ,,BdSLW401,0
269,কােঁটাচামচ,কােঁটাচামচ,,BdSLW401,0
270,বখােঁপা,বখােঁপা,,BdSLW401,0
271,বখােঁপার কােঁটা,বখােঁপার কােঁটা,,BdSLW401,0
272,খ়িম,খ়িম,,BdSLW401,0
273,লগ্নকট,লগ্নকট,,BdSLW401,0
274,মাফলার,মাফলার,পোশাক ও ফ্যাশন,"BdSLW401, ishaara",5
275,বমা়িা,বমা়িা,,BdSLW401,0
276,মশায়ি,মশায়ি,,BdSLW401,0
277,নাকফু ল,নাকফু ল,,BdSLW401,0
278,নাইটট,নাইটট,,BdSLW401,0
279,বনালক,বনালক,,BdSLW401,0
280,নুপুর,নুপুর,,BdSLW401,0
281,পাগয়ি,পাগয়ি,,BdSLW401,0
282,বেট,বেট,,BdSLW401,0
283,বরইনগ্নকাট,বরইনগ্নকাট,,BdSLW401,0
284,সাগ্নলায়ার,সাগ্নলায়ার,,BdSLW401,0
285,স্কাফট,স্কাফট,,BdSLW401,0
286,বসযমজ,বসযমজ,,BdSLW401,0
287,সানলাস,সানলাস,,BdSLW401,0
288,সুতা,সুতা,ক্রিয়া ও অবস্থা,"BdSLW401, ishaara",5
289,বটযবল,বটযবল,,BdSLW401,0
290,বটযলগ্নফান,বটযলগ্নফান,,BdSLW401,0
291,টাইযপন,টাইযপন,,BdSLW401,0
292,টটকযল,টটকযল,,BdSLW401,0
293,টু থ্োস,টু থ্োস,,BdSLW401,0
294,টু থ্গ্ন পি,টু থ্গ্ন পি,,BdSLW401,0
295,টটশাটট,টটশাটট,,BdSLW401,0
296,টটউবলাইট,টটউবলাইট,,BdSLW401,0
297,টটযভ,টটযভ,,BdSLW401,0
298,এযস,এযস,,BdSLW401,0
299,অযাপাটটগ্নমন্ট,অযাপাটটগ্নমন্ট,,BdSLW401,0
300,অযডও কযাগ্নসট,অযডও কযাগ্নসট,,BdSLW401,0
301,আয়না,আয়না,,BdSLW401,0
302,বালযত,বালযত,,BdSLW401,0
303,বালু,বালু,গৃহস্থালি সরঞ্জাম,"BdSLW401, ishaara",5
304,বব়িার ঘর,বব়িার ঘর,,BdSLW401,0
305,ববযসন,ববযসন,,BdSLW401,0
306,যবছানার চাদর,যবছানার চাদর,,BdSLW401,0
307,বদনা,বদনা,গৃহস্থালি সরঞ্জাম,"BdSLW401, ishaara",5
308,বুকগ্নশল্ভ,বুকগ্নশল্ভ,,BdSLW401,0
309,যেফগ্নকস,যেফগ্নকস,,BdSLW401,0
310,কয লাং ববল,কয লাং ববল,,BdSLW401,0
311,কযাগ্নসট বেয়ার,কযাগ্নসট বেয়ার,,BdSLW401,0
312,চাদ,চাদ,,BdSLW401,0
313,ছাকু যন,ছাকু যন,,BdSLW401,0
314,চুলা,চুলা,গৃহস্থালি সরঞ্জাম,"BdSLW401, ishaara",5
315,দালান,দালান,গৃহস্থালি সরঞ্জাম,"BdSLW401, ishaara",5
316,বদয়াল,বদয়াল,,BdSLW401,0
317,ইট,ইট,গৃহস্থালি সরঞ্জাম,"BdSLW401, ishaara",5
318,এগ্নলাগ্নমগ্নলা,এগ্নলাগ্নমগ্নলা,,BdSLW401,0
319,যিজ,যিজ,,BdSLW401,0
320,িাই পযান,িাই পযান,,BdSLW401,0
321,ফু লদাযন,ফু লদাযন,,BdSLW401,0
322,গাযলচা,গাযলচা,,BdSLW401,0
323,গামছা,গামছা,সৌন্দর্য ও সাজসজ্জা,"BdSLW401, ishaara",5
324,ইযস্ত্র,ইযস্ত্র,,BdSLW401,0
325,ঝা়িু,ঝা়িু,,BdSLW401,0
326,জগ,জগ,গৃহস্থালি সরঞ্জাম,"BdSLW401, ishaara",5
327,কােঁথ্া,কােঁথ্া,,BdSLW401,0
328,বকটযল,বকটযল,,BdSLW401,0
329,কক্ খ,কক্ খ,,BdSLW401,0
330,কু য়া,কু য়া,,BdSLW401,0
331,কু গ্ন়ি ঘর,কু গ্ন়ি ঘর,,BdSLW401,0
332,বলপ,বলপ,,BdSLW401,0
333,যলফট,যলফট,,BdSLW401,0
334,মাটটর ঘর,মাটটর ঘর,,BdSLW401,0
335,বমগ্নঝ,বমগ্নঝ,,BdSLW401,0
336,বমামবাযত,বমামবাযত,,BdSLW401,0
337,মগ,মগ,গৃহস্থালি সরঞ্জাম,"BdSLW401, ishaara",5
338,নলকু প,নলকু প,,BdSLW401,0
339,পাযনর কল,পাযনর কল,,BdSLW401,0
340,পদটা,পদটা,,BdSLW401,0
341,বেসার কু কার,বেসার কু কার,,BdSLW401,0
342,পুকু র,পুকু র,,BdSLW401,0
343,বরযডও,বরযডও,,BdSLW401,0
344,রুমাল,রুমাল,গৃহস্থালি সরঞ্জাম,"BdSLW401, ishaara",5
345,সাবান,সাবান,ক্রিয়া ও অবস্থা,"BdSLW401, ishaara",5
346,সাজাগ্ননা,সাজাগ্ননা,,BdSLW401,0
347,যসগ্নমন্ট,যসগ্নমন্ট,,BdSLW401,0
348,যসেঁয়ি,যসেঁয়ি,,BdSLW401,0
349,বসাফা,বসাফা,,BdSLW401,0
350,সুটগ্নকস,সুটগ্নকস,,BdSLW401,0
351,সুইস,সুইস,,BdSLW401,0
352,বটযবল লযাম্প,বটযবল লযাম্প,,BdSLW401,0
353,টটগ্ননর ঘর,টটগ্ননর ঘর,,BdSLW401,0
354,টচটলাইট,টচটলাইট,,BdSLW401,0
355,উপকরণ,উপকরণ,গৃহস্থালি সরঞ্জাম,"BdSLW401, ishaara",5
356,বারান্দা,বারান্দা,গৃহস্থালি সরঞ্জাম,"BdSLW401, ishaara",5
357,ওয়াযশাং বমযশন,ওয়াযশাং বমযশন,,BdSLW401,0
358,এযাসগ্নে,এযাসগ্নে,,BdSLW401,0
359,বব্লন্ডার,বব্লন্ডার,,BdSLW401,0
360,বটট,বটট,,BdSLW401,0
361,চাকু,চাকু,গৃহস্থালি সরঞ্জাম,"BdSLW401, ishaara",5
362,যচমযন,যচমযন,,BdSLW401,0
363,যছটযকযন,যছটযকযন,,BdSLW401,0
364,দা,দা,গৃহস্থালি সরঞ্জাম,"BdSLW401, ishaara",5
365,যদয়াশলাই,যদয়াশলাই,,BdSLW401,0
366,যডটারগ্নজন্ট পাউডার,যডটারগ্নজন্ট পাউডার,,BdSLW401,0
367,দয়ি,দয়ি,,BdSLW401,0
368,যগ্রল,যগ্রল,,BdSLW401,0
369,হযাঙ্গার,হযাঙ্গার,,BdSLW401,0
370,হাযরগ্নকন,হাযরগ্নকন,,BdSLW401,0
371,কম্বল,কম্বল,গৃহস্থালি সরঞ্জাম,"BdSLW401, ishaara",5
372,কগ্নমাড,কগ্নমাড,,BdSLW401,0
373,করাত,করাত,গৃহস্থালি সরঞ্জাম,"BdSLW401, ishaara",5
374,মাইগ্নিাওগ্নয়ভ ওগ্নভন,মাইগ্নিাওগ্নয়ভ ওগ্নভন,,BdSLW401,0
375,পাগ্নপাস,পাগ্নপাস,,BdSLW401,0
376,বপগ্নরক,বপগ্নরক,,BdSLW401,0
377,রামদা,রামদা,,BdSLW401,0
378,স্িু,স্িু,,BdSLW401,0
379,টযাাংযক,টযাাংযক,,BdSLW401,0
380,তার,তার,,BdSLW401,0
381,টব,টব,গৃহস্থালি সরঞ্জাম,"BdSLW401, ishaara",5
382,টয়গ্নলট টটসুয,টয়গ্নলট টটসুয,,BdSLW401,0
383,উঠান,উঠান,,BdSLW401,0
384,আলকাতরা,আলকাতরা,বিবিধ (সাধারণ),"BdSLW401, ishaara",5
385,বােঁশ,বােঁশ,,BdSLW401,0
386,ববলুযন,ববলুযন,,BdSLW401,0
387,বটল,বটল,,BdSLW401,0
388,বয়াম,বয়াম,,BdSLW401,0
389,ছাউনী,ছাউনী,,BdSLW401,0
390,ছয়ি,ছয়ি,,BdSLW401,0
391,চুন,চুন,শাকসব্জি ও রান্নার উপকরণ,"BdSLW401, ishaara",5
392,ঢাকনা,ঢাকনা,গৃহস্থালি সরঞ্জাম,"BdSLW401, ishaara",5
393,বদালনা,বদালনা,,BdSLW401,0
394,বঢাল,বঢাল,,BdSLW401,0
395,ড্রয়ার,ড্রয়ার,,BdSLW401,0
396,ফাইল,ফাইল,সাধারণ প্রশাসন ও সামাজিক,"BdSLW401, ishaara",5
397,ফ্লাস্ক,ফ্লাস্ক,,BdSLW401,0
398,বফাম,বফাম,,BdSLW401,0
399,বফাল্ডার,বফাল্ডার,,BdSLW401,0
400,গামলা,গামলা,,BdSLW401,0
401,ঘগ্নরর খুেঁটট,ঘগ্নরর খুেঁটট,,BdSLW401,0
402,গযদ,গযদ,,BdSLW401,0
403,বগায়াল ঘর,বগায়াল ঘর,,BdSLW401,0
404,হামান যদো,হামান যদো,,BdSLW401,0
405,হােঁয়ি,হােঁয়ি,,BdSLW401,0
406,হাতু য়ি,হাতু য়ি,,BdSLW401,0
407,ঝু ল ঝা়িু,ঝু ল ঝা়িু,,BdSLW401,0
408,জতু ার তাক,জতু ার তাক,,BdSLW401,0
409,কাগ্নে,কাগ্নে,,BdSLW401,0
410,খ়ি,খ়ি,,BdSLW401,0
411,খুযি,খুযি,,BdSLW401,0
412,বকাযকল,বকাযকল,,BdSLW401,0
413,কু শন,কু শন,,BdSLW401,0
414,লাইটার,লাইটার,বিবিধ (সাধারণ),"BdSLW401, ishaara",5
415,মাদুর,মাদুর,বিবিধ (সাধারণ),"BdSLW401, ishaara",5
416,মই,মই,গৃহস্থালি সরঞ্জাম,"BdSLW401, ishaara",5
417,যন়িাযন,যন়িাযন,,BdSLW401,0
418,পাস্তচাং বমযশন,পাস্তচাং বমযশন,,BdSLW401,0
419,যপন,যপন,,BdSLW401,0
420,োযিক,োযিক,,BdSLW401,0
421,োগ,োগ,,BdSLW401,0
422,োসাদ,োসাদ,,BdSLW401,0
423,েদীপ,েদীপ,,BdSLW401,0
424,বসচ,বসচ,,BdSLW401,0
425,বসলাই বমযশন,বসলাই বমযশন,,BdSLW401,0
426,শাওয়ার,শাওয়ার,,BdSLW401,0
427,িযাপলার,িযাপলার,,BdSLW401,0
428,সুেঁই,সুেঁই,,BdSLW401,0
429,তাবু,তাবু,গৃহস্থালি সরঞ্জাম,"BdSLW401, ishaara",5
430,তাক,তাক,বিবিধ (সাধারণ),"BdSLW401, ishaara",5
431,টটযফন কযাযরয়ার,টটযফন কযাযরয়ার,,BdSLW401,0
432,এইডস,এইডস,স্বাস্থ্য ও চিকিৎসা,"BdSLW401, ishaara",5
433,বাত,বাত,স্বাস্থ্য ও চিকিৎসা,"BdSLW401, ishaara",5
434,বযাগ্নন্ডজ,বযাগ্নন্ডজ,,BdSLW401,0
435,কযাপসুল,কযাপসুল,,BdSLW401,0
436,যচযকৎসা,যচযকৎসা,,BdSLW401,0
437,বচাখ ওঠা,বচাখ ওঠা,,BdSLW401,0
438,বডঙগু,বডঙগু,,BdSLW401,0
439,ডক্টর,ডক্টর,,BdSLW401,0
440,দাংশন,দাংশন,,BdSLW401,0
441,দবূ লট,দবূ লট,,BdSLW401,0
442,বফােঁ়িা,বফােঁ়িা,,BdSLW401,0
443,ঘামাযচ,ঘামাযচ,,BdSLW401,0
444,গলগণ্ড,গলগণ্ড,স্বাস্থ্য ও চিকিৎসা,"BdSLW401, ishaara",5
445,বহাযমওপযাযথ্,বহাযমওপযাযথ্,,BdSLW401,0
446,হসযপটাল,হসযপটাল,,BdSLW401,0
447,হৃদগ্নরাগ,হৃদগ্নরাগ,,BdSLW401,0
448,ইনগ্নজকশন,ইনগ্নজকশন,,BdSLW401,0
449,স্তজবাণু,স্তজবাণু,,BdSLW401,0
450,যক্ষ্মা,যক্ষ্মা,,BdSLW401,0
451,জস্তন্ডস,জস্তন্ডস,,BdSLW401,0
452,জ্বর,জ্বর,স্বাস্থ্য ও চিকিৎসা,"BdSLW401, ishaara",5
453,কাযশ,কাযশ,,BdSLW401,0
454,ক্ষত,ক্ষত,স্বাস্থ্য ও চিকিৎসা,"BdSLW401, ishaara",5
455,স্তিযম,স্তিযম,,BdSLW401,0
456,মাস্ক,মাস্ক,গৃহস্থালি সরঞ্জাম,"BdSLW401, ishaara",5
457,মাথ্া বযাথ্া,মাথ্া বযাথ্া,,BdSLW401,0
458,মযাগ্নলযরয়া,মযাগ্নলযরয়া,,BdSLW401,0
459,মলম,মলম,স্বাস্থ্য ও চিকিৎসা,"BdSLW401, ishaara",5
460,যনরাময়,যনরাময়,,BdSLW401,0
461,নাস ট,নাস ট,,BdSLW401,0
462,অবস,অবস,,BdSLW401,0
463,অগ্গান,অগ্গান,,BdSLW401,0
464,অযনদ্রা,অযনদ্রা,,BdSLW401,0
465,অপুটি,অপুটি,,BdSLW401,0
466,অরুযচ,অরুযচ,,BdSLW401,0
467,অসস্তে,অসস্তে,,BdSLW401,0
468,অসুস্থ,অসুস্থ,স্বাস্থ্য ও চিকিৎসা,"BdSLW401, ishaara",5
469,অগ্নস্ত্রাপচার,অগ্নস্ত্রাপচার,,BdSLW401,0
470,ঔষ্ধ,ঔষ্ধ,,BdSLW401,0
471,সযাভলন,সযাভলন,,BdSLW401,0
472,সুস্থ,সুস্থ,স্বাস্থ্য ও চিকিৎসা,"BdSLW401, ishaara",5
473,সাংিামক,সাংিামক,,BdSLW401,0
474,সযদট,সযদট,,BdSLW401,0
475,বিগ্নঠাগ্নস্কাপ,বিগ্নঠাগ্নস্কাপ,,BdSLW401,0
476,টযাবগ্নলট,টযাবগ্নলট,,BdSLW401,0
477,থ্াগ্নম টাযমটার,থ্াগ্নম টাযমটার,,BdSLW401,0
478,তু লা,তু লা,,BdSLW401,0
479,উম্মাদ,উম্মাদ,,BdSLW401,0
480,ভাইরাস,ভাইরাস,স্বাস্থ্য ও চিকিৎসা,"BdSLW401, ishaara",5
481,যভটাযমন,যভটাযমন,,BdSLW401,0
482,এক্সগ্নর,এক্সগ্নর,,BdSLW401,0
483,বিশেষ,বিশেষ,বিশেষণ ও বর্ণনামূলক শব্দ,ishaara,5
484,দুপুর,দুপুর,ঋতু ও সময়,ishaara,5
485,সকাল,সকাল,ঋতু ও সময়,ishaara,5
486,চলাচল,চলাচল,বিবিধ (সাধারণ),ishaara,5
487,ভোর,ভোর,ঋতু ও সময়,ishaara,5
488,প্রতিদিন,প্রতিদিন,ঋতু ও সময়,ishaara,5
489,সমাদর,সমাদর,বিশেষণ ও বর্ণনামূলক শব্দ,ishaara,5
490,আঁকা,আঁকা,বিবিধ (সাধারণ),ishaara,5
491,অঢেল,অঢেল,বিশেষণ ও বর্ণনামূলক শব্দ,ishaara,5
492,শহর,শহর,বাংলাদেশের স্থান,ishaara,5
493,মিল,মিল,বিশেষণ ও বর্ণনামূলক শব্দ,ishaara,5
494,চিরকাল,চিরকাল,ঋতু ও সময়,ishaara,5
495,রাখা,রাখা,ক্রিয়া ও অবস্থা,ishaara,5
496,সূর্য,সূর্য,বিবিধ (সাধারণ),ishaara,5
497,পাকা,পাকা,বিশেষণ ও বর্ণনামূলক শব্দ,ishaara,5
498,জুতা,জুতা,বিবিধ (সাধারণ),ishaara,5
499,পাওয়া,পাওয়া,ক্রিয়া ও অবস্থা,ishaara,5
500,সহজ,সহজ,বিশেষণ ও বর্ণনামূলক শব্দ,ishaara,5
501,রোদ,রোদ,ঋতু ও সময়,ishaara,5
502,আয়,আয়,আর্থিক ও ব্যবসা,ishaara,5
503,খাম,খাম,বিবিধ (সাধারণ),ishaara,5
504,অপরাধ,অপরাধ,বিবিধ (সাধারণ),ishaara,5
505,রং,রং,বিবিধ (সাধারণ),ishaara,5
506,আকাশী রং,আকাশী রং,রং,ishaara,5
507,মাস,মাস,মাস,ishaara,5
508,মার্চ,মার্চ,মাস,ishaara,5
509,এপ্রিল,এপ্রিল,মাস,ishaara,5
510,মে,মে,মাস,ishaara,5
511,জুন,জুন,মাস,ishaara,5
512,জুলাই,জুলাই,মাস,ishaara,5
513,সেপ্টেম্বর,সেপ্টেম্বর,মাস,ishaara,5
514,অক্টোবর,অক্টোবর,মাস,ishaara,5
515,নভেম্বর,নভেম্বর,মাস,ishaara,5
516,ডিসেম্বর,ডিসেম্বর,মাস,ishaara,5
517,শিং মাছ,শিং মাছ,বিবিধ (সাধারণ),ishaara,5
518,পাহারাদার,পাহারাদার,বিবিধ (সাধারণ),ishaara,5
519,একা,একা,সর্বনাম ও সাধারণ কথ্য শব্দ,ishaara,5
520,আমরা,আমরা,সর্বনাম ও সাধারণ কথ্য শব্দ,ishaara,5
521,কীটনাশক,কীটনাশক,বিবিধ (সাধারণ),ishaara,5
522,উঁচু,উঁচু,বিশেষণ ও বর্ণনামূলক শব্দ,ishaara,5
523,পাকাচুল,পাকাচুল,বিশেষণ ও বর্ণনামূলক শব্দ,ishaara,5
524,গরম লাগা,গরম লাগা,বিবিধ (সাধারণ),ishaara,5
525,দফা,দফা,বিবিধ (সাধারণ),ishaara,5
526,বমি,বমি,বিবিধ (সাধারণ),ishaara,5
527,মদিনা,মদিনা,বাংলাদেশের স্থান,ishaara,5
528,পড়া,পড়া,ক্রিয়া ও অবস্থা,ishaara,5
529,পয়সা,পয়সা,আর্থিক ও ব্যবসা,ishaara,5
530,ভাইয়া,ভাইয়া,পারিবারিক সম্পর্ক,ishaara,5
531,মাওই,মাওই,পারিবারিক সম্পর্ক,ishaara,5
532,খালা (Mothers sister),খালা (Mothers sister),পারিবারিক সম্পর্ক,ishaara,5
533,ফুপু,ফুপু,পারিবারিক সম্পর্ক,ishaara,5
534,বউ,বউ,পারিবারিক সম্পর্ক,ishaara,5
535,ফুপা,ফুপা,পারিবারিক সম্পর্ক,ishaara,5
536,শ্যালক (Brother-in-law),শ্যালক (Brother-in-law),পারিবারিক সম্পর্ক,ishaara,5
537,শালিকা (Sister-in-law),শালিকা (Sister-in-law),পারিবারিক সম্পর্ক,ishaara,5
538,মামা (Uncle),মামা (Uncle),পারিবারিক সম্পর্ক,ishaara,5
539,নাতি (Grandson),নাতি (Grandson),পারিবারিক সম্পর্ক,ishaara,5
540,নাতনি,নাতনি,পারিবারিক সম্পর্ক,ishaara,5
541,মামাতো ভাই (Cousin),মামাতো ভাই (Cousin),পারিবারিক সম্পর্ক,ishaara,5
542,শ্বশুর (Father-in-law),শ্বশুর (Father-in-law),পারিবারিক সম্পর্ক,ishaara,5
543,শাশুরি (Mother-in-law),শাশুরি (Mother-in-law),পারিবারিক সম্পর্ক,ishaara,5
544,ভায়রা (Husband of wifes sister),ভায়রা (Husband of wifes sister),পারিবারিক সম্পর্ক,ishaara,5
545,দেবর,দেবর,পারিবারিক সম্পর্ক,ishaara,5
546,মামাতো বোন (Cousin),মামাতো বোন (Cousin),পারিবারিক সম্পর্ক,ishaara,5
547,কন্যা (Daughter),কন্যা (Daughter),পারিবারিক সম্পর্ক,ishaara,5
548,আত্মীয়,আত্মীয়,পারিবারিক সম্পর্ক,ishaara,5
549,ভাগ্নে (Nephew),ভাগ্নে (Nephew),পারিবারিক সম্পর্ক,ishaara,5
550,মামী (Aunt),মামী (Aunt),পারিবারিক সম্পর্ক,ishaara,5
551,ভাগ্নী (Niece),ভাগ্নী (Niece),পারিবারিক সম্পর্ক,ishaara,5
552,খালু (Uncle),খালু (Uncle),পারিবারিক সম্পর্ক,ishaara,5
553,ফলাফল,ফলাফল,শিক্ষা,ishaara,5
554,লেখা,লেখা,ক্রিয়া ও অবস্থা,ishaara,5
555,কাগজ,কাগজ,শিক্ষা,ishaara,5
556,বিরতি,বিরতি,শিক্ষা,ishaara,5
557,সনদপত্র,সনদপত্র,শিক্ষা,ishaara,5
558,ক্যাম্পাস,ক্যাম্পাস,শিক্ষা,ishaara,5
559,পরীক্ষার্থী,পরীক্ষার্থী,শিক্ষা,ishaara,5
560,বিষয়,বিষয়,শিক্ষা,ishaara,5
561,বেতন,বেতন,শিক্ষা,ishaara,5
562,খাতা,খাতা,শিক্ষা,ishaara,5
563,পেন্সিল,পেন্সিল,শিক্ষা,ishaara,5
564,টিউশনি,টিউশনি,শিক্ষা,ishaara,5
565,ছুটি,ছুটি,ঋতু ও সময়,ishaara,5
566,ভর্তি,ভর্তি,শিক্ষা,ishaara,5
567,শিক্ষা,শিক্ষা,শিক্ষা,ishaara,5
568,রোল নম্বর,রোল নম্বর,শিক্ষা,ishaara,5
569,রোগী,রোগী,স্বাস্থ্য ও চিকিৎসা,ishaara,5
570,সাহায্য,সাহায্য,স্বাস্থ্য ও চিকিৎসা,ishaara,5
571,আহত,আহত,স্বাস্থ্য ও চিকিৎসা,ishaara,5
572,ঔষধ,ঔষধ,স্বাস্থ্য ও চিকিৎসা,ishaara,5
573,অবশ,অবশ,স্বাস্থ্য ও চিকিৎসা,ishaara,5
574,সর্দি,সর্দি,স্বাস্থ্য ও চিকিৎসা,ishaara,5
575,হাসপাতাল,হাসপাতাল,স্বাস্থ্য ও চিকিৎসা,ishaara,5
576,ভিটামিন,ভিটামিন,স্বাস্থ্য ও চিকিৎসা,ishaara,5
577,ডেঙ্গু,ডেঙ্গু,স্বাস্থ্য ও চিকিৎসা,ishaara,5
578,অজ্ঞান,অজ্ঞান,স্বাস্থ্য ও চিকিৎসা,ishaara,5
579,স্বাস্থ্য,স্বাস্থ্য,স্বাস্থ্য ও চিকিৎসা,ishaara,5
580,ব্যান্ডেজ,ব্যান্ডেজ,স্বাস্থ্য ও চিকিৎসা,ishaara,5
581,জীবন,জীবন,স্বাস্থ্য ও চিকিৎসা,ishaara,5
582,টিউমার,টিউমার,স্বাস্থ্য ও চিকিৎসা,ishaara,5
583,ব্রণ,ব্রণ,স্বাস্থ্য ও চিকিৎসা,ishaara,5
584,আয়না,আয়না,সৌন্দর্য ও সাজসজ্জা,ishaara,5
585,ক্লিনিক,ক্লিনিক,স্বাস্থ্য ও চিকিৎসা,ishaara,5
586,টনসিল,টনসিল,স্বাস্থ্য ও চিকিৎসা,ishaara,5
587,অ্যাম্বুলেন্স,অ্যাম্বুলেন্স,স্বাস্থ্য ও চিকিৎসা,ishaara,5
588,অস্ত্রোপচার (অপারেশন),অস্ত্রোপচার (অপারেশন),স্বাস্থ্য ও চিকিৎসা,ishaara,5
589,হাত,হাত,শরীরের অংশ,ishaara,5
590,চুল,চুল,শরীরের অংশ,ishaara,5
591,পেট,পেট,শরীরের অংশ,ishaara,5
592,চেহারা,চেহারা,শরীরের অংশ,ishaara,5
593,ঠোঁট,ঠোঁট,শরীরের অংশ,ishaara,5
594,মানুষ,মানুষ,বিবিধ (সাধারণ),ishaara,5
595,গাল,গাল,শরীরের অংশ,ishaara,5
596,দাঁত,দাঁত,শরীরের অংশ,ishaara,5
597,টেবিল,টেবিল,গৃহস্থালি সরঞ্জাম,ishaara,5
598,রুটিন,রুটিন,বিবিধ (সাধারণ),ishaara,5
599,পরীক্ষা,পরীক্ষা,শিক্ষা,ishaara,5
600,টিন,টিন,বিবিধ (সাধারণ),ishaara,5
601,বিপি মেশিন,বিপি মেশিন,স্বাস্থ্য ও চিকিৎসা,ishaara,5
602,বাড়িওয়ালা,বাড়িওয়ালা,বিবিধ (সাধারণ),ishaara,5
603,লম্বা,লম্বা,বিশেষণ ও বর্ণনামূলক শব্দ,ishaara,5
604,বুদ্ধি,বুদ্ধি,চরিত্র ও গুণাবলী,ishaara,5
605,যত্ন,যত্ন,ক্রিয়া ও অবস্থা,ishaara,5
606,বোকা,বোকা,চরিত্র ও গুণাবলী,ishaara,5
607,লোভ,লোভ,চরিত্র ও গুণাবলী,ishaara,5
608,চুমুক,চুমুক,চরিত্র ও গুণাবলী,ishaara,5
609,ঘর,ঘর,বিবিধ (সাধারণ),ishaara,5
610,গরীব,গরীব,বিশেষণ ও বর্ণনামূলক শব্দ,ishaara,5
611,ক্লান্ত,ক্লান্ত,বিশেষণ ও বর্ণনামূলক শব্দ,ishaara,5
612,ডায়বেটিক,ডায়বেটিক,স্বাস্থ্য ও চিকিৎসা,ishaara,5
613,রাবার (ইরেজার),রাবার (ইরেজার),বিবিধ (সাধারণ),ishaara,5
614,বাসা,বাসা,বিবিধ (সাধারণ),ishaara,5
615,ফর্সা,ফর্সা,বিশেষণ ও বর্ণনামূলক শব্দ,ishaara,5
616,নারী (মহিলা,নারী (মহিলা / মেয়ে),বিবিধ (সাধারণ),ishaara,5
617,মাথা ব্যথা,মাথা ব্যথা,স্বাস্থ্য ও চিকিৎসা,ishaara,5
618,চিকিৎসা,চিকিৎসা,স্বাস্থ্য ও চিকিৎসা,ishaara,5
619,জন্ডিস,জন্ডিস,স্বাস্থ্য ও চিকিৎসা,ishaara,5
620,সোজা,সোজা,বিশেষণ ও বর্ণনামূলক শব্দ,ishaara,5
621,সোনা,সোনা,চরিত্র ও গুণাবলী,ishaara,5
622,গর্ব,গর্ব,বিশেষণ ও বর্ণনামূলক শব্দ,ishaara,5
623,চিঠি,চিঠি,যোগাযোগ ও তথ্য প্রযুক্তি,ishaara,5
624,খবর,খবর,যোগাযোগ ও তথ্য প্রযুক্তি,ishaara,5
625,সিম কার্ড,সিম কার্ড,প্রযুক্তি ও ইলেকট্রনিক্স,ishaara,5
626,ফ্লেক্সি লোড,ফ্লেক্সি লোড,প্রযুক্তি ও ইলেকট্রনিক্স,ishaara,5
627,হেড ফোন,হেড ফোন,প্রযুক্তি ও ইলেকট্রনিক্স,ishaara,5
628,রাজধানী,রাজধানী,বাংলাদেশের স্থান,ishaara,5
629,মার্কেট,মার্কেট,বিবিধ (সাধারণ),ishaara,5
630,বাংলাদেশ,বাংলাদেশ,বাংলাদেশের স্থান,ishaara,5
631,মতিঝিল,মতিঝিল,বাংলাদেশের স্থান,ishaara,5
632,আনন্দ,আনন্দ,বিবিধ (সাধারণ),ishaara,5
633,থানা,থানা,বাংলাদেশের স্থান,ishaara,5
634,সাভার,সাভার,বাংলাদেশের স্থান,ishaara,5
635,ধানমন্ডি,ধানমন্ডি,বাংলাদেশের স্থান,ishaara,5
636,কাজী অফিস,কাজী অফিস,বাংলাদেশের স্থান,ishaara,5
637,তাজ মহল,তাজ মহল,বাংলাদেশের স্থান,ishaara,5
638,বিমান বন্দর,বিমান বন্দর,বাংলাদেশের স্থান,ishaara,5
639,বসুন্ধরা সিটি,বসুন্ধরা সিটি,বাংলাদেশের স্থান,ishaara,5
640,দুষ্টু,দুষ্টু,বিশেষণ ও বর্ণনামূলক শব্দ,ishaara,5
641,জেলা,জেলা,সাধারণ প্রশাসন ও সামাজিক,ishaara,5
642,পদ্মা নদী,পদ্মা নদী,বাংলাদেশের স্থান,ishaara,5
643,সূর্যোদয়,সূর্যোদয়,বিবিধ (সাধারণ),ishaara,5
644,সহ্য,সহ্য,বিশেষণ ও বর্ণনামূলক শব্দ,ishaara,5
645,ঝুঁড়ি,ঝুঁড়ি,গৃহস্থালি সরঞ্জাম,ishaara,5
646,চার্জার,চার্জার,প্রযুক্তি ও ইলেকট্রনিক্স,ishaara,5
647,মোমবাতি,মোমবাতি,গৃহস্থালি সরঞ্জাম,ishaara,5
648,দোলনা,দোলনা,গৃহস্থালি সরঞ্জাম,ishaara,5
649,পর্দা,পর্দা,গৃহস্থালি সরঞ্জাম,ishaara,5
650,কলমদানী,কলমদানী,গৃহস্থালি সরঞ্জাম,ishaara,5
651,গ্লাস,গ্লাস,গৃহস্থালি সরঞ্জাম,ishaara,5
652,সোফা,সোফা,গৃহস্থালি সরঞ্জাম,ishaara,5
653,মেঝে,মেঝে,গৃহস্থালি সরঞ্জাম,ishaara,5
654,বোতল,বোতল,গৃহস্থালি সরঞ্জাম,ishaara,5
655,মশারী,মশারী,গৃহস্থালি সরঞ্জাম,ishaara,5
656,রান্না,রান্না,গৃহস্থালি সরঞ্জাম,ishaara,5
657,বস্তা,বস্তা,গৃহস্থালি সরঞ্জাম,ishaara,5
658,বিছানা,বিছানা,গৃহস্থালি সরঞ্জাম,ishaara,5
659,কৌতূহল,কৌতূহল,বিশেষণ ও বর্ণনামূলক শব্দ,ishaara,5
660,স্মৃতি,স্মৃতি,"আবেগ, অনুভূতি ও মানসিক অবস্থা",ishaara,5
661,বাক্স,বাক্স,গৃহস্থালি সরঞ্জাম,ishaara,5
662,আত্মহত্যা,আত্মহত্যা,গৃহস্থালি সরঞ্জাম,ishaara,5
663,সন্দেহ,সন্দেহ,"আবেগ, অনুভূতি ও মানসিক অবস্থা",ishaara,5
664,দায়িত্ব,দায়িত্ব,"আবেগ, অনুভূতি ও মানসিক অবস্থা",ishaara,5
665,অত্যাচার,অত্যাচার,"আবেগ, অনুভূতি ও মানসিক অবস্থা",ishaara,5
666,ফাঁকি,ফাঁকি,বিবিধ (সাধারণ),ishaara,5
667,টেলিফোন,টেলিফোন,প্রযুক্তি ও ইলেকট্রনিক্স,ishaara,5
668,সংবাদপত্র,সংবাদপত্র,যোগাযোগ ও তথ্য প্রযুক্তি,ishaara,5
669,চিকন,চিকন,বিশেষণ ও বর্ণনামূলক শব্দ,ishaara,5
670,মোটা,মোটা,বিশেষণ ও বর্ণনামূলক শব্দ,ishaara,5
671,পুরুষ,পুরুষ,যোগাযোগ ও তথ্য প্রযুক্তি,ishaara,5
672,রিপোর্ট,রিপোর্ট,যোগাযোগ ও তথ্য প্রযুক্তি,ishaara,5
673,ম্যাসেজ,ম্যাসেজ,যোগাযোগ ও তথ্য প্রযুক্তি,ishaara,5
674,ল্যাপ টপ,ল্যাপ টপ,যোগাযোগ ও তথ্য প্রযুক্তি,ishaara,5
675,শিশু,শিশু,যোগাযোগ ও তথ্য প্রযুক্তি,ishaara,5
676,চট্টগ্রাম বিভাগ,চট্টগ্রাম বিভাগ,বাংলাদেশের স্থান,ishaara,5
677,সুখ,সুখ,বিশেষণ ও বর্ণনামূলক শব্দ,ishaara,5
678,সংসদ ভবন,সংসদ ভবন,সরকার ও রাজনীতি,ishaara,5
679,বিশ্ববিদ্যালয়,বিশ্ববিদ্যালয়,শিক্ষা,ishaara,5
680,ক্লাব,ক্লাব,শিক্ষা,ishaara,5
681,চিন্তা,চিন্তা,ক্রিয়া ও অবস্থা,ishaara,5
682,সবাই,সবাই,বিবিধ (সাধারণ),ishaara,5
683,উপকার,উপকার,বিবিধ (সাধারণ),ishaara,5
684,তাদের,তাদের,বিবিধ (সাধারণ),ishaara,5
685,অবাক,অবাক,বিশেষণ ও বর্ণনামূলক শব্দ,ishaara,5
686,আবার,আবার,বিবিধ (সাধারণ),ishaara,5
687,পরে,পরে,সর্বনাম ও সাধারণ কথ্য শব্দ,ishaara,5
688,তারা,তারা,সর্বনাম ও সাধারণ কথ্য শব্দ,ishaara,5
689,তখন,তখন,সর্বনাম ও সাধারণ কথ্য শব্দ,ishaara,5
690,বানানো,বানানো,ক্রিয়া ও অবস্থা,ishaara,5
691,পিছন,পিছন,সর্বনাম ও সাধারণ কথ্য শব্দ,ishaara,5
692,ভুল,ভুল,সর্বনাম ও সাধারণ কথ্য শব্দ,ishaara,5
693,ক্ষতিকর,ক্ষতিকর,বিশেষণ ও বর্ণনামূলক শব্দ,ishaara,5
694,ভাল,ভাল,বিশেষণ ও বর্ণনামূলক শব্দ,ishaara,5
695,সাবধানে,সাবধানে,বিশেষণ ও বর্ণনামূলক শব্দ,ishaara,5
696,কাছে,কাছে / সংলগ্ন,সর্বনাম ও সাধারণ কথ্য শব্দ,ishaara,10
697,ভিড়,ভিড় / জট্‌লা,সর্বনাম ও সাধারণ কথ্য শব্দ,ishaara,10
698,কখন,কখন,সর্বনাম ও সাধারণ কথ্য শব্দ,ishaara,5
699,তাড়াতাড়ি,তাড়াতাড়ি,ঋতু ও সময়,ishaara,5
700,নদী,নদী,প্রকৃতি ও পরিবেশ,ishaara,5
701,রাগ,রাগ,"আবেগ, অনুভূতি ও মানসিক অবস্থা",ishaara,5
702,প্রিয়,প্রিয়,বিবিধ (সাধারণ),ishaara,5
703,সেবা করা,সেবা করা,ক্রিয়া ও অবস্থা,ishaara,5
704,হিংসা,হিংসা,"আবেগ, অনুভূতি ও মানসিক অবস্থা",ishaara,5
705,ধমক,ধমক,"আবেগ, অনুভূতি ও মানসিক অবস্থা",ishaara,5
706,ভাড়াটে,ভাড়াটে,বিবিধ (সাধারণ),ishaara,5
707,চাঁদ,চাঁদ,প্রকৃতি ও পরিবেশ,ishaara,5
708,মেঘনা নদী,মেঘনা নদী,প্রকৃতি ও পরিবেশ,ishaara,5
709,সমুদ্র,সমুদ্র,প্রকৃতি ও পরিবেশ,ishaara,5
710,মায়া,মায়া / দরদ,"আবেগ, অনুভূতি ও মানসিক অবস্থা",ishaara,10
711,কৌটা,কৌটা,বিবিধ (সাধারণ),ishaara,5
712,চালাক,চালাক,চরিত্র ও গুণাবলী,ishaara,5
713,দুর্বল,দুর্বল,বিশেষণ ও বর্ণনামূলক শব্দ,ishaara,5
714,বালিশ,বালিশ,গৃহস্থালি সরঞ্জাম,ishaara,5
715,দেয়াল,দেয়াল,গৃহস্থালি সরঞ্জাম,ishaara,5
716,প্লেট,প্লেট,গৃহস্থালি সরঞ্জাম,ishaara,5
717,তালা,তালা,গৃহস্থালি সরঞ্জাম,ishaara,5
718,চাবি,চাবি,গৃহস্থালি সরঞ্জাম,ishaara,5
719,ছাদ,ছাদ,গৃহস্থালি সরঞ্জাম,ishaara,5
720,বাথরুম,বাথরুম,গৃহস্থালি সরঞ্জাম,ishaara,5
721,ফ্রিজ,ফ্রিজ,গৃহস্থালি সরঞ্জাম,ishaara,5
722,বালতি,বালতি,গৃহস্থালি সরঞ্জাম,ishaara,5
723,খেলনা,খেলনা,গৃহস্থালি সরঞ্জাম,ishaara,5
724,চিঠির বাক্স,চিঠির বাক্স,গৃহস্থালি সরঞ্জাম,ishaara,5
725,দিয়াশলাই,দিয়াশলাই,গৃহস্থালি সরঞ্জাম,ishaara,5
726,ছবি,ছবি,গৃহস্থালি সরঞ্জাম,ishaara,5
727,সিঁড়ি,সিঁড়ি,গৃহস্থালি সরঞ্জাম,ishaara,5
728,অস্থির,অস্থির,"আবেগ, অনুভূতি ও মানসিক অবস্থা",ishaara,5
729,স্বপ্ন,স্বপ্ন,"আবেগ, অনুভূতি ও মানসিক অবস্থা",ishaara,5
730,অনুরোধ করা,অনুরোধ করা,ক্রিয়া ও অবস্থা,ishaara,5
731,ভয়,ভয়,"আবেগ, অনুভূতি ও মানসিক অবস্থা",ishaara,5
732,প্রশংসা,প্রশংসা,"আবেগ, অনুভূতি ও মানসিক অবস্থা",ishaara,5
733,মেধাবী,মেধাবী,চরিত্র ও গুণাবলী,ishaara,5
734,জিজ্ঞাসা করা,জিজ্ঞাসা করা,ক্রিয়া ও অবস্থা,ishaara,5
735,সমালোচনা,সমালোচনা,"আবেগ, অনুভূতি ও মানসিক অবস্থা",ishaara,5
736,স্বাস্থ্যকর,স্বাস্থ্যকর,স্বাস্থ্য ও চিকিৎসা,ishaara,5
737,কিডনী,কিডনী,স্বাস্থ্য ও চিকিৎসা,ishaara,5
738,শ্বাস,শ্বাস,স্বাস্থ্য ও চিকিৎসা,ishaara,5
739,খাটো,খাটো,চরিত্র ও গুণাবলী,ishaara,5
740,আগলে রাখা,আগলে রাখা,ক্রিয়া ও অবস্থা,ishaara,5
741,অনিচ্ছা,অনিচ্ছা,"আবেগ, অনুভূতি ও মানসিক অবস্থা",ishaara,5
742,আরাম,আরাম,"আবেগ, অনুভূতি ও মানসিক অবস্থা",ishaara,5
743,কান্না,কান্না,"আবেগ, অনুভূতি ও মানসিক অবস্থা",ishaara,5
744,খুশী,খুশী,"আবেগ, অনুভূতি ও মানসিক অবস্থা",ishaara,5
745,শান্ত,শান্ত,"আবেগ, অনুভূতি ও মানসিক অবস্থা",ishaara,5
746,বেড়া,বেড়া,বিবিধ (সাধারণ),ishaara,5
747,বাটি,বাটি,গৃহস্থালি সরঞ্জাম,ishaara,5
748,তোয়ালে,তোয়ালে,গৃহস্থালি সরঞ্জাম,ishaara,5
749,টিউব লাইট,টিউব লাইট,গৃহস্থালি সরঞ্জাম,ishaara,5
750,খাঁচা,খাঁচা,গৃহস্থালি সরঞ্জাম,ishaara,5
751,মাজা,মাজা,গৃহস্থালি সরঞ্জাম,ishaara,5
752,ক্যালেন্ডার,ক্যালেন্ডার,গৃহস্থালি সরঞ্জাম,ishaara,5
753,কাঁথা,কাঁথা,গৃহস্থালি সরঞ্জাম,ishaara,5
754,লেপ,লেপ,গৃহস্থালি সরঞ্জাম,ishaara,5
755,নেইল কাটার,নেইল কাটার,গৃহস্থালি সরঞ্জাম,ishaara,5
756,ব্রাশ,ব্রাশ,গৃহস্থালি সরঞ্জাম,ishaara,5
757,উত্তর (নর্থ),উত্তর (নর্থ),গৃহস্থালি সরঞ্জাম,ishaara,5
758,ড্রয়ার,ড্রয়ার,গৃহস্থালি সরঞ্জাম,ishaara,5
759,ঝাড়ু,ঝাড়ু,গৃহস্থালি সরঞ্জাম,ishaara,5
760,বিশ্বাস,বিশ্বাস,"আবেগ, অনুভূতি ও মানসিক অবস্থা",ishaara,5
761,অলস,অলস,চরিত্র ও গুণাবলী,ishaara,5
762,রাজশাহী বিভাগ,রাজশাহী বিভাগ,বাংলাদেশের স্থান,ishaara,5
763,রংপুর বিভাগ,রংপুর বিভাগ,বাংলাদেশের স্থান,ishaara,5
764,পুত্র (Son),পুত্র (Son),পারিবারিক সম্পর্ক,ishaara,5
765,অভিভাবক,অভিভাবক,পারিবারিক সম্পর্ক,ishaara,5
766,মেদ,মেদ,চরিত্র ও গুণাবলী,ishaara,5
767,গেট,গেট,বিবিধ (সাধারণ),ishaara,5
768,কক্ষ,কক্ষ,বিবিধ (সাধারণ),ishaara,5
769,ইস্ত্রি,ইস্ত্রি,বিবিধ (সাধারণ),ishaara,5
770,সেফটিপিন,সেফটিপিন,বিবিধ (সাধারণ),ishaara,5
771,সোজা চুল,সোজা চুল,বিবিধ (সাধারণ),ishaara,5
772,কোকড়া চুল,কোকড়া চুল,বিবিধ (সাধারণ),ishaara,5
773,দৃষ্টি,দৃষ্টি,বিবিধ (সাধারণ),ishaara,5
774,গর্ভাবস্থা,গর্ভাবস্থা,বিবিধ (সাধারণ),ishaara,5
775,ঢেউ,ঢেউ,বিবিধ (সাধারণ),ishaara,5
776,পৃথিবী,পৃথিবী,প্রকৃতি ও পরিবেশ,ishaara,5
777,প্রেসার কুকার,প্রেসার কুকার,বিবিধ (সাধারণ),ishaara,5
778,ট্রে,ট্রে,বিবিধ (সাধারণ),ishaara,5
779,গ্রীল,গ্রীল,বিবিধ (সাধারণ),ishaara,5
780,উপস্থিত,উপস্থিত,বিবিধ (সাধারণ),ishaara,5
781,নেতৃত্ব,নেতৃত্ব,সাধারণ প্রশাসন ও সামাজিক,ishaara,5
782,মেলা,মেলা,অনুষ্ঠান ও সামাজিক কার্যক্রম,ishaara,5
783,আলোচনা,আলোচনা,অনুষ্ঠান ও সামাজিক কার্যক্রম,ishaara,5
784,নাটক,নাটক,অনুষ্ঠান ও সামাজিক কার্যক্রম,ishaara,5
785,সভা,সভা,অনুষ্ঠান ও সামাজিক কার্যক্রম,ishaara,5
786,উৎসব,উৎসব,অনুষ্ঠান ও সামাজিক কার্যক্রম,ishaara,5
787,ধন্যবাদ,ধন্যবাদ,অনুষ্ঠান ও সামাজিক কার্যক্রম,ishaara,5
788,আমন্ত্রণ,আমন্ত্রণ,অনুষ্ঠান ও সামাজিক কার্যক্রম,ishaara,5
789,জন্মদিন,জন্মদিন,অনুষ্ঠান ও সামাজিক কার্যক্রম,ishaara,5
790,সমাজ,সমাজ,সাধারণ প্রশাসন ও সামাজিক,ishaara,5
791,কোলাকুলি,কোলাকুলি,অনুষ্ঠান ও সামাজিক কার্যক্রম,ishaara,5
792,মিছিল,মিছিল,সরকার ও রাজনীতি,ishaara,5
793,উপহার,উপহার,অনুষ্ঠান ও সামাজিক কার্যক্রম,ishaara,5
794,নৌকা বাইচ,নৌকা বাইচ,অনুষ্ঠান ও সামাজিক কার্যক্রম,ishaara,5
795,করমর্দন,করমর্দন,অনুষ্ঠান ও সামাজিক কার্যক্রম,ishaara,5
796,কেমন আছ,কেমন আছ,অনুষ্ঠান ও সামাজিক কার্যক্রম,ishaara,5
797,বন্ধু দিবস,বন্ধু দিবস,অনুষ্ঠান ও সামাজিক কার্যক্রম,ishaara,5
798,স্বাস্থ্য দিবস,স্বাস্থ্য দিবস,অনুষ্ঠান ও সামাজিক কার্যক্রম,ishaara,5
799,সাক্ষরতা দিবস,সাক্ষরতা দিবস,অনুষ্ঠান ও সামাজিক কার্যক্রম,ishaara,5
800,শোক দিবস,শোক দিবস,অনুষ্ঠান ও সামাজিক কার্যক্রম,ishaara,5
801,বিয়ে,বিয়ে,অনুষ্ঠান ও সামাজিক কার্যক্রম,ishaara,5
802,বাবা দিবস,বাবা দিবস,অনুষ্ঠান ও সামাজিক কার্যক্রম,ishaara,5
803,হস্ত শিল্প মেলা,হস্ত শিল্প মেলা,অনুষ্ঠান ও সামাজিক কার্যক্রম,ishaara,5
804,বড়দিন,বড়দিন,অনুষ্ঠান ও সামাজিক কার্যক্রম,ishaara,5
805,যাদু,যাদু,অনুষ্ঠান ও সামাজিক কার্যক্রম,ishaara,5
806,কৌতুক,কৌতুক,অনুষ্ঠান ও সামাজিক কার্যক্রম,ishaara,5
807,হাত তালি,হাত তালি,অনুষ্ঠান ও সামাজিক কার্যক্রম,ishaara,5
808,মা দিবস,মা দিবস,অনুষ্ঠান ও সামাজিক কার্যক্রম,ishaara,5
809,নাচ,নাচ,অনুষ্ঠান ও সামাজিক কার্যক্রম,ishaara,5
810,শীতমেলা,শীতমেলা,অনুষ্ঠান ও সামাজিক কার্যক্রম,ishaara,5
811,শোক সভা,শোক সভা,অনুষ্ঠান ও সামাজিক কার্যক্রম,ishaara,5
812,কাবিননামা,কাবিননামা,অনুষ্ঠান ও সামাজিক কার্যক্রম,ishaara,5
813,দাওয়াত,দাওয়াত,অনুষ্ঠান ও সামাজিক কার্যক্রম,ishaara,5
814,আলোকসজ্জা,আলোকসজ্জা,অনুষ্ঠান ও সামাজিক কার্যক্রম,ishaara,5
815,বিবাহ বার্ষিকী,বিবাহ বার্ষিকী,অনুষ্ঠান ও সামাজিক কার্যক্রম,ishaara,5
816,অনুষ্ঠান,অনুষ্ঠান,অনুষ্ঠান ও সামাজিক কার্যক্রম,ishaara,5
817,ঈদ উল আযহা,ঈদ উল আযহা,অনুষ্ঠান ও সামাজিক কার্যক্রম,ishaara,5
818,শ্রম দিবস,শ্রম দিবস,অনুষ্ঠান ও সামাজিক কার্যক্রম,ishaara,5
819,ভোট,ভোট,সরকার ও রাজনীতি,ishaara,5
820,নারী দিবস,নারী দিবস,অনুষ্ঠান ও সামাজিক কার্যক্রম,ishaara,5
821,ভালোবাসা দিবস,ভালোবাসা দিবস,অনুষ্ঠান ও সামাজিক কার্যক্রম,ishaara,5
822,পরিবেশ দিবস,পরিবেশ দিবস,অনুষ্ঠান ও সামাজিক কার্যক্রম,ishaara,5
823,পিকনিক,পিকনিক,অনুষ্ঠান ও সামাজিক কার্যক্রম,ishaara,5
824,বই মেলা,বই মেলা,অনুষ্ঠান ও সামাজিক কার্যক্রম,ishaara,5
825,এইডস দিবস,এইডস দিবস,অনুষ্ঠান ও সামাজিক কার্যক্রম,ishaara,5
826,আন্দোলন,আন্দোলন,সরকার ও রাজনীতি,ishaara,5
827,তালি দেওয়া,তালি দেওয়া,অনুষ্ঠান ও সামাজিক কার্যক্রম,ishaara,5
828,মৃত্যু বার্ষিকী,মৃত্যু বার্ষিকী,অনুষ্ঠান ও সামাজিক কার্যক্রম,ishaara,5
829,চৌরাস্তা,চৌরাস্তা,পরিবহন ও যানবাহন,ishaara,5
830,রবীন্দ্রনাথ ঠাকুর,রবীন্দ্রনাথ ঠাকুর,বিখ্যাত ব্যক্তি,ishaara,5
831,নির্বাচন,নির্বাচন,সাধারণ প্রশাসন ও সামাজিক,ishaara,5
832,বরযাত্রী,বরযাত্রী,অনুষ্ঠান ও সামাজিক কার্যক্রম,ishaara,5
833,এটিএম কার্ড,এটিএম কার্ড,অনুষ্ঠান ও সামাজিক কার্যক্রম,ishaara,5
834,আদমশুমারি,আদমশুমারি,সরকার ও রাজনীতি,ishaara,5
835,অংশগ্রহণ,অংশগ্রহণ,অনুষ্ঠান ও সামাজিক কার্যক্রম,ishaara,5
836,নোবেল পুরস্কার,নোবেল পুরস্কার,অনুষ্ঠান ও সামাজিক কার্যক্রম,ishaara,5
837,বৌ-ভাত,বৌ-ভাত,অনুষ্ঠান ও সামাজিক কার্যক্রম,ishaara,5
838,কবি নজরুল,কবি নজরুল,বিখ্যাত ব্যক্তি,ishaara,5
839,কম্পিউটার মেলা,কম্পিউটার মেলা,অনুষ্ঠান ও সামাজিক কার্যক্রম,ishaara,5
840,শুভেচ্ছা কার্ড,শুভেচ্ছা কার্ড,অনুষ্ঠান ও সামাজিক কার্যক্রম,ishaara,5
841,র‍্যালী,র‍্যালী,অনুষ্ঠান ও সামাজিক কার্যক্রম,ishaara,5
842,অভ্যর্থনা,অভ্যর্থনা,অনুষ্ঠান ও সামাজিক কার্যক্রম,ishaara,5
843,গায়ে হলুদ,গায়ে হলুদ,অনুষ্ঠান ও সামাজিক কার্যক্রম,ishaara,5
844,শিশু দিবস,শিশু দিবস,অনুষ্ঠান ও সামাজিক কার্যক্রম,ishaara,5
845,পরিবার দিবস,পরিবার দিবস,অনুষ্ঠান ও সামাজিক কার্যক্রম,ishaara,5
846,হরতাল,হরতাল,অনুষ্ঠান ও সামাজিক কার্যক্রম,ishaara,5
847,স্বাধীনতা দিবস,স্বাধীনতা দিবস,অনুষ্ঠান ও সামাজিক কার্যক্রম,ishaara,5
848,টিভি,টিভি,প্রযুক্তি ও ইলেকট্রনিক্স,ishaara,5
849,লিফট,লিফট,প্রযুক্তি ও ইলেকট্রনিক্স,ishaara,5
850,রেডিও,রেডিও,প্রযুক্তি ও ইলেকট্রনিক্স,ishaara,5
851,যোগাযোগ,যোগাযোগ,যোগাযোগ ও তথ্য প্রযুক্তি,ishaara,5
852,মাইক্রোফোন,মাইক্রোফোন,প্রযুক্তি ও ইলেকট্রনিক্স,ishaara,5
853,ড্রোন,ড্রোন,প্রযুক্তি ও ইলেকট্রনিক্স,ishaara,5
854,বিদ্যুৎ,বিদ্যুৎ,প্রযুক্তি ও ইলেকট্রনিক্স,ishaara,5
855,রিমোট কন্ট্রোল,রিমোট কন্ট্রোল,প্রযুক্তি ও ইলেকট্রনিক্স,ishaara,5
856,লেমিনেটিং,লেমিনেটিং,প্রযুক্তি ও ইলেকট্রনিক্স,ishaara,5
857,ইঞ্জিন,ইঞ্জিন,প্রযুক্তি ও ইলেকট্রনিক্স,ishaara,5
858,ইউপিএস,ইউপিএস,প্রযুক্তি ও ইলেকট্রনিক্স,ishaara,5
859,ছবি ওয়াস,ছবি ওয়াস,প্রযুক্তি ও ইলেকট্রনিক্স,ishaara,5
860,ফটোকপি,ফটোকপি,প্রযুক্তি ও ইলেকট্রনিক্স,ishaara,5
861,এটিএম বুথ,এটিএম বুথ,প্রযুক্তি ও ইলেকট্রনিক্স,ishaara,5
862,তর্ক,তর্ক,বিবিধ (সাধারণ),ishaara,5
863,ঠিকানা,ঠিকানা,বিবিধ (সাধারণ),ishaara,5
864,পিকআপ ভ্যান,পিকআপ ভ্যান,পরিবহন ও যানবাহন,ishaara,5
865,কাউন্টার,কাউন্টার,পরিবহন ও যানবাহন,ishaara,5
866,টেম্পু,টেম্পু,পরিবহন ও যানবাহন,ishaara,5
867,বাস স্টপেজ,বাস স্টপেজ,পরিবহন ও যানবাহন,ishaara,5
868,সড়ক দূর্ঘটনা,সড়ক দূর্ঘটনা,পরিবহন ও যানবাহন,ishaara,5
869,মাল গাড়ি,মাল গাড়ি,পরিবহন ও যানবাহন,ishaara,5
870,গাড়ি,গাড়ি,পরিবহন ও যানবাহন,ishaara,5
871,মটর সাইকেল,মটর সাইকেল,পরিবহন ও যানবাহন,ishaara,5
872,ফেরি,ফেরি,পরিবহন ও যানবাহন,ishaara,5
873,রিক্সা,রিক্সা,পরিবহন ও যানবাহন,ishaara,5
874,সাইকেল,সাইকেল,পরিবহন ও যানবাহন,ishaara,5
875,টিকিট,টিকিট,পরিবহন ও যানবাহন,ishaara,5
876,গায়িকা,গায়িকা,বিবিধ (সাধারণ),ishaara,5
877,তালাক,তালাক,আইন ও অপরাধ,ishaara,5
878,আঘাত,আঘাত,আইন ও অপরাধ,ishaara,5
879,অনিয়ম,অনিয়ম,আইন ও অপরাধ,ishaara,5
880,বিচার,বিচার,আইন ও অপরাধ,ishaara,5
881,আক্রমণ,আক্রমণ,আইন ও অপরাধ,ishaara,5
882,নেশা,নেশা,আইন ও অপরাধ,ishaara,5
883,টহল,টহল,আইন ও অপরাধ,ishaara,5
884,নিহত,নিহত,আইন ও অপরাধ,ishaara,5
885,জেলখানা,জেলখানা,আইন ও অপরাধ,ishaara,5
886,আটক,আটক,আইন ও অপরাধ,ishaara,5
887,চাঁদা,চাঁদা,আইন ও অপরাধ,ishaara,5
888,কয়েদী,কয়েদী,আইন ও অপরাধ,ishaara,5
889,আইন,আইন,আইন ও অপরাধ,ishaara,5
890,দোষ,দোষ,আইন ও অপরাধ,ishaara,5
891,গোয়েন্দা,গোয়েন্দা,আইন ও অপরাধ,ishaara,5
892,মিথ্যা,মিথ্যা,আইন ও অপরাধ,ishaara,5
893,দখল,দখল,আইন ও অপরাধ,ishaara,5
894,ধাক্কা,ধাক্কা,আইন ও অপরাধ,ishaara,5
895,নিরাপদ,নিরাপদ,আইন ও অপরাধ,ishaara,5
896,প্রতারণা,প্রতারণা,আইন ও অপরাধ,ishaara,5
897,মাতাল,মাতাল,আইন ও অপরাধ,ishaara,5
898,ঘুষ,ঘুষ,আইন ও অপরাধ,ishaara,5
899,ফাঁসি,ফাঁসি,আইন ও অপরাধ,ishaara,5
900,জুয়া,জুয়া,আইন ও অপরাধ,ishaara,5
901,বোমা,বোমা,আইন ও অপরাধ,ishaara,5
902,ছিনতাইকারী,ছিনতাইকারী,আইন ও অপরাধ,ishaara,5
903,স্বীকার করা,স্বীকার করা,আইন ও অপরাধ,ishaara,5
904,পলাতক,পলাতক,আইন ও অপরাধ,ishaara,5
905,আদালত,আদালত,আইন ও অপরাধ,ishaara,5
906,পাহারা,পাহারা,আইন ও অপরাধ,ishaara,5
907,চোর,চোর,আইন ও অপরাধ,ishaara,5
908,মোট,মোট,আইন ও অপরাধ,ishaara,5
909,গ্রহণ,গ্রহণ,আইন ও অপরাধ,ishaara,5
910,জমি,জমি,আইন ও অপরাধ,ishaara,5
911,শপথ,শপথ,আইন ও অপরাধ,ishaara,5
912,শেখা,শেখা,ক্রিয়া ও অবস্থা,ishaara,5
913,প্রাপক,প্রাপক,বিবিধ (সাধারণ),ishaara,5
914,নিয়ম,নিয়ম,আইন ও অপরাধ,ishaara,5
915,ফুট,ফুট,পরিমাপ ও একক,ishaara,5
916,ধনী,ধনী,আইন ও অপরাধ,ishaara,5
917,বাতিল,বাতিল / অপসারণ / সরান,আইন ও অপরাধ,ishaara,10
918,আঠা,আঠা,বিবিধ (সাধারণ),ishaara,5
919,মাতৃভূমি,মাতৃভূমি,আইন ও অপরাধ,ishaara,5
920,পরিমাপ ( ওজন ),পরিমাপ ( ওজন ),পরিমাপ ও একক,ishaara,5
921,ক্যালকুলেটর,ক্যালকুলেটর,পরিমাপ ও একক,ishaara,5
922,চলন্ত সিঁড়ি,চলন্ত সিঁড়ি,বিবিধ (সাধারণ),ishaara,5
923,সমাহিত,সমাহিত,বিবিধ (সাধারণ),ishaara,5
924,মণ,মণ,পরিমাপ ও একক,ishaara,5
925,মোড়ক,মোড়ক,বিবিধ (সাধারণ),ishaara,5
926,পরিচালক,পরিচালক,পেশা ও জীবিকা,ishaara,5
927,আশ্রয়,আশ্রয়,বিবিধ (সাধারণ),ishaara,5
928,শোকাহত,শোকাহত,বিবিধ (সাধারণ),ishaara,5
929,প্রশ্ন,প্রশ্ন,বিবিধ (সাধারণ),ishaara,5
930,প্রস্থ,প্রস্থ,পরিমাপ ও একক,ishaara,5
931,অভিনন্দন,অভিনন্দন,বিবিধ (সাধারণ),ishaara,5
932,নেতা,নেতা,সরকার ও রাজনীতি,ishaara,5
933,বর্তমান,বর্তমান,বিবিধ (সাধারণ),ishaara,5
934,গ্রাম,গ্রাম,সাধারণ প্রশাসন ও সামাজিক,ishaara,5
935,প্রতিবাদ,প্রতিবাদ,সাধারণ প্রশাসন ও সামাজিক,ishaara,5
936,প্রশ্ন চিহ্ন,প্রশ্ন চিহ্ন,বিবিধ (সাধারণ),ishaara,5
937,সেরা (শ্রেষ্ঠ),সেরা (শ্রেষ্ঠ),বিবিধ (সাধারণ),ishaara,5
938,তদন্ত,তদন্ত,বিবিধ (সাধারণ),ishaara,5
939,বিমান বাহিনী,বিমান বাহিনী,সংখ্যা,ishaara,5
940,যোগ,যোগ,পরিমাপ ও একক,ishaara,5
941,এক বার,এক বার,সংখ্যা,ishaara,5
942,মিলিমিটার,মিলিমিটার,পরিমাপ ও একক,ishaara,5
943,কাহিনী,কাহিনী,বিবিধ (সাধারণ),ishaara,5
944,বানান করা,বানান করা,ক্রিয়া ও অবস্থা,ishaara,5
945,চওড়া,চওড়া,পরিমাপ ও একক,ishaara,5
946,শাস্তি,শাস্তি,আইন ও অপরাধ,ishaara,5
947,বিয়োগ,বিয়োগ,সংখ্যা,ishaara,5
948,দেড়,দেড়,পরিমাপ ও একক,ishaara,5
949,ছাই রং,ছাই রং,রং,ishaara,5
950,তরল,তরল,বিবিধ (সাধারণ),ishaara,5
951,খুন,খুন,আইন ও অপরাধ,ishaara,5
952,ডাকাত,ডাকাত,আইন ও অপরাধ,ishaara,5
953,চড় (থাপ্পর),চড় (থাপ্পর),আইন ও অপরাধ,ishaara,5
954,আসামী,আসামী,আইন ও অপরাধ,ishaara,5
955,চাঁদাবাজি,চাঁদাবাজি,আইন ও অপরাধ,ishaara,5
956,গ্রেফতার,গ্রেফতার,আইন ও অপরাধ,ishaara,5
957,রায়,রায়,আইন ও অপরাধ,ishaara,5
958,অপকর্ম,অপকর্ম,আইন ও অপরাধ,ishaara,5
959,জরিমানা,জরিমানা,আইন ও অপরাধ,ishaara,5
960,জড়িত,জড়িত,আইন ও অপরাধ,ishaara,5
961,অধিকার,অধিকার,আইন ও অপরাধ,ishaara,5
962,পকেটমার,পকেটমার,আইন ও অপরাধ,ishaara,5
963,জামিন,জামিন,আইন ও অপরাধ,ishaara,5
964,দেনমোহর,দেনমোহর,বিবিধ (সাধারণ),ishaara,5
965,চাঁদাবাজ,চাঁদাবাজ,আইন ও অপরাধ,ishaara,5
966,কারফিউ,কারফিউ,আইন ও অপরাধ,ishaara,5
967,নিরাপত্তা,নিরাপত্তা,আইন ও অপরাধ,ishaara,5
968,মাস্তান,মাস্তান,আইন ও অপরাধ,ishaara,5
969,দালাল,দালাল,আইন ও অপরাধ,ishaara,5
970,বাল্য বিবাহ,বাল্য বিবাহ,আইন ও অপরাধ,ishaara,5
971,সুপ্রীম কোর্ট,সুপ্রীম কোর্ট,আইন ও অপরাধ,ishaara,5
972,প্রমাণ,প্রমাণ,আইন ও অপরাধ,ishaara,5
973,পালানো,পালানো,আইন ও অপরাধ,ishaara,5
974,পাচারকারী,পাচারকারী,আইন ও অপরাধ,ishaara,5
975,মৃত্যুদণ্ড,মৃত্যুদণ্ড,আইন ও অপরাধ,ishaara,5
976,সংঘর্ষ,সংঘর্ষ,আইন ও অপরাধ,ishaara,5
977,বিস্ফোরণ,বিস্ফোরণ,আইন ও অপরাধ,ishaara,5
978,সন্ত্রাস,সন্ত্রাস,আইন ও অপরাধ,ishaara,5
979,র‍্যাব,র‍্যাব,আইন ও অপরাধ,ishaara,5
980,সংবিধান,সংবিধান,আইন ও অপরাধ,ishaara,5
981,গুলি,গুলি,আইন ও অপরাধ,ishaara,5
982,অপহরণ,অপহরণ,আইন ও অপরাধ,ishaara,5
983,হাইকোর্ট,হাইকোর্ট,আইন ও অপরাধ,ishaara,5
984,অন্যায়,অন্যায়,আইন ও অপরাধ,ishaara,5
985,মামলা,মামলা,আইন ও অপরাধ,ishaara,5
986,জালিয়াত,জালিয়াত,আইন ও অপরাধ,ishaara,5
987,নৌ বাহিনী,নৌ বাহিনী,আইন ও অপরাধ,ishaara,5
988,সাফল্য,সাফল্য,বিবিধ (সাধারণ),ishaara,5
989,গল্প,গল্প,বিবিধ (সাধারণ),ishaara,5
990,সমান,সমান,বিবিধ (সাধারণ),ishaara,5
991,দলিল,দলিল,সাধারণ প্রশাসন ও সামাজিক,ishaara,5
992,তালিকা,তালিকা,সাধারণ প্রশাসন ও সামাজিক,ishaara,5
993,প্রচার,প্রচার,সাধারণ প্রশাসন ও সামাজিক,ishaara,5
994,ক্ষতি,ক্ষতি,বিবিধ (সাধারণ),ishaara,5
995,খাঁটি,খাঁটি,বিবিধ (সাধারণ),ishaara,5
996,নিয়মিত,নিয়মিত,সাধারণ প্রশাসন ও সামাজিক,ishaara,5
997,কৌশল,কৌশল,বিবিধ (সাধারণ),ishaara,5
998,রচনা,রচনা,বিবিধ (সাধারণ),ishaara,5
999,ভাগ,ভাগ,সাধারণ প্রশাসন ও সামাজিক,ishaara,5
1000,পোস্টার,পোস্টার,সাধারণ প্রশাসন ও সামাজিক,ishaara,5
1001,ফরম,ফরম,সাধারণ প্রশাসন ও সামাজিক,ishaara,5
1002,জনতা,জনতা,সাধারণ প্রশাসন ও সামাজিক,ishaara,5
1003,ডানে,ডানে,বিবিধ (সাধারণ),ishaara,5
1004,গজ,গজ,পরিমাপ ও একক,ishaara,5
1005,আজ,আজ,বিবিধ (সাধারণ),ishaara,5
1006,সুন্দর,সুন্দর,বিশেষণ ও বর্ণনামূলক শব্দ,ishaara,5
1007,দোকান,দোকান,বিবিধ (সাধারণ),ishaara,5
1008,কেনা,কেনা,বিবিধ (সাধারণ),ishaara,5
1009,বৃষ্টি,বৃষ্টি,প্রকৃতি ও পরিবেশ,ishaara,5
1010,বিকেল,বিকেল,ঋতু ও সময়,ishaara,5
1011,কথা,কথা,বিবিধ (সাধারণ),ishaara,5
1012,মাটি,মাটি,বিবিধ (সাধারণ),ishaara,5
1013,আকাশ,আকাশ,প্রকৃতি ও পরিবেশ,ishaara,5
1014,মিষ্টি (স্বাদ),মিষ্টি (স্বাদ),খাদ্য ও পানীয় (সাধারণ),ishaara,5
1015,ব্যায়াম,ব্যায়াম,খেলাধুলা ও বিনোদন,ishaara,5
1016,চিপস,চিপস,খাদ্য ও পানীয় (সাধারণ),ishaara,5
1017,দরকার,দরকার,বিশেষণ ও বর্ণনামূলক শব্দ,ishaara,5
1018,ট্রেন,ট্রেন,পরিবহন ও যানবাহন,ishaara,5
1019,ধান,ধান,শস্য ও কৃষি,ishaara,5
1020,বিড়াল,বিড়াল,প্রাণী,ishaara,5
1021,রাত,রাত,ঋতু ও সময়,ishaara,5
1022,মারামারি,মারামারি,বিবিধ (সাধারণ),ishaara,5
1023,ব্যাংক,ব্যাংক,আর্থিক ও ব্যবসা,ishaara,5
1024,বাজার,বাজার,আর্থিক ও ব্যবসা,ishaara,5
1025,ব্যবসা,ব্যবসা,আর্থিক ও ব্যবসা,ishaara,5
1026,খেলোয়াড়,খেলোয়াড়,খেলাধুলা ও বিনোদন,ishaara,5
1027,গান বাজনা,গান বাজনা,খেলাধুলা ও বিনোদন,ishaara,5
1028,নকশা,নকশা,বিবিধ (সাধারণ),ishaara,5
1029,নাস্তা,নাস্তা,খাদ্য ও পানীয় (সাধারণ),ishaara,5
1030,নকল,নকল,বিবিধ (সাধারণ),ishaara,5
1031,হুকুম,হুকুম,ক্রিয়া ও অবস্থা,ishaara,5
1032,রসমালাই,রসমালাই,খাদ্য ও পানীয় (সাধারণ),ishaara,5
1033,লালশাক,লালশাক,শাকসব্জি ও রান্নার উপকরণ,ishaara,5
1034,ময়দা,ময়দা,শাকসব্জি ও রান্নার উপকরণ,ishaara,5
1035,চলাফেরা,চলাফেরা,ক্রিয়া ও অবস্থা,ishaara,5
1036,বিল,বিল,আর্থিক ও ব্যবসা,ishaara,5
1037,মশা,মশা,বিবিধ (সাধারণ),ishaara,5
1038,মহিষ,মহিষ,প্রাণী,ishaara,5
1039,ভ্রমণ,ভ্রমণ,ক্রিয়া ও অবস্থা,ishaara,5
1040,হাতের তালু,হাতের তালু,ক্রিয়া ও অবস্থা,ishaara,5
1041,উন্নতি,উন্নতি,বিবিধ (সাধারণ),ishaara,5
1042,কী,কী,বিবিধ (সাধারণ),ishaara,5
1043,নুডুলস,নুডুলস,খাদ্য ও পানীয় (সাধারণ),ishaara,5
1044,শব্দ,শব্দ,বিবিধ (সাধারণ),ishaara,5
1045,কয়েল,কয়েল,গৃহস্থালি সরঞ্জাম,ishaara,5
1046,গরু,গরু,গৃহস্থালি সরঞ্জাম,ishaara,5
1047,আবর্জনা,আবর্জনা,বিবিধ (সাধারণ),ishaara,5
1048,সীমানা,সীমানা,সাধারণ প্রশাসন ও সামাজিক,ishaara,5
1049,শান্তি,শান্তি,বিবিধ (সাধারণ),ishaara,5
1050,মচকানো,মচকানো,বিবিধ (সাধারণ),ishaara,5
1051,চুম্বক,চুম্বক,বিবিধ (সাধারণ),ishaara,5
1052,কাবিন,কাবিন,সাধারণ প্রশাসন ও সামাজিক,ishaara,5
1053,ট্রাফিক সিগন্যাল,ট্রাফিক সিগন্যাল,সাধারণ প্রশাসন ও সামাজিক,ishaara,5
1054,লালন-পালন,লালন-পালন,ক্রিয়া ও অবস্থা,ishaara,5
1055,দামী,দামী,আর্থিক ও ব্যবসা,ishaara,5
1056,ফেরি ওয়ালা,ফেরি ওয়ালা,বিবিধ (সাধারণ),ishaara,5
1057,মোবাইল ফোন,মোবাইল ফোন,প্রযুক্তি ও ইলেকট্রনিক্স,ishaara,5
1058,চেয়ারম্যান,চেয়ারম্যান,সাধারণ প্রশাসন ও সামাজিক,ishaara,5
1059,ঘড়ি,ঘড়ি,গৃহস্থালি সরঞ্জাম,ishaara,5
1060,পেশা (চাকুরি),পেশা (চাকুরি),সাধারণ প্রশাসন ও সামাজিক,ishaara,5
1061,ফুটবল খেলা,ফুটবল খেলা,খেলাধুলা ও বিনোদন,ishaara,5
1062,সাপ,সাপ,প্রাণী,ishaara,5
1063,শীতকাল,শীতকাল,ঋতু ও সময়,ishaara,5
1064,বাতাস,বাতাস,প্রকৃতি ও পরিবেশ,ishaara,5
1065,সমুচা,সমুচা,খাদ্য ও পানীয় (সাধারণ),ishaara,5
1066,সত্য,সত্য,বিশেষণ ও বর্ণনামূলক শব্দ,ishaara,5
1067,শিক্ষক,শিক্ষক,শিক্ষা,ishaara,5
1068,ঝড়,ঝড়,প্রকৃতি ও পরিবেশ,ishaara,5
1069,চোখ,চোখ,শরীরের অংশ,ishaara,5
1070,পরিচয়,পরিচয়,বিবিধ (সাধারণ),ishaara,5
1071,ঠাণ্ডা,ঠাণ্ডা,বিশেষণ ও বর্ণনামূলক শব্দ,ishaara,5
1072,আলো,আলো,ক্রিয়া ও অবস্থা,ishaara,5
1073,নার্স,নার্স,স্বাস্থ্য ও চিকিৎসা,ishaara,5
1074,গভীর,গভীর,বিশেষণ ও বর্ণনামূলক শব্দ,ishaara,5
1075,প্রধান,প্রধান,বিশেষণ ও বর্ণনামূলক শব্দ,ishaara,5
1076,ডিম,ডিম,খাদ্য ও পানীয় (সাধারণ),ishaara,5
1077,কাঁচা,কাঁচা,বিশেষণ ও বর্ণনামূলক শব্দ,ishaara,5
1078,মজা,মজা,বিশেষণ ও বর্ণনামূলক শব্দ,ishaara,5
1079,বানর,বানর,প্রাণী,ishaara,5
1080,জানা,জানা,বিশেষণ ও বর্ণনামূলক শব্দ,ishaara,5
1081,কবর,কবর,বিবিধ (সাধারণ),ishaara,5
1082,কনুই,কনুই,শরীরের অংশ,ishaara,5
1083,রেস্তোরাঁ,রেস্তোরাঁ,বিবিধ (সাধারণ),ishaara,5
1084,তুলনা,তুলনা,বিশেষণ ও বর্ণনামূলক শব্দ,ishaara,5
1085,উৎসাহ,উৎসাহ,বিবিধ (সাধারণ),ishaara,5
1086,চিড়া,চিড়া,খাদ্য ও পানীয় (সাধারণ),ishaara,5
1087,দই,দই,খাদ্য ও পানীয় (সাধারণ),ishaara,5
1088,বিরিয়ানী (Biriani),বিরিয়ানী (Biriani),খাদ্য ও পানীয় (সাধারণ),ishaara,5
1089,সাথে,সাথে,খাদ্য ও পানীয় (সাধারণ),ishaara,5
1090,মিনিট,মিনিট,ঋতু ও সময়,ishaara,5
1091,ছোট,ছোট,বিশেষণ ও বর্ণনামূলক শব্দ,ishaara,5
1092,নাম,নাম,বিবিধ (সাধারণ),ishaara,5
1093,দৈর্ঘ্য,দৈর্ঘ্য,পরিমাপ ও একক,ishaara,5
1094,দেশ,দেশ,বিবিধ (সাধারণ),ishaara,5
1095,জন্ম,জন্ম,খাদ্য ও পানীয় (সাধারণ),ishaara,5
1096,টাঙ্গাইল,টাঙ্গাইল,বাংলাদেশের স্থান,ishaara,5
1097,কোথায়,কোথায়,বিবিধ (সাধারণ),ishaara,5
1098,আছে,আছে,সর্বনাম ও সাধারণ কথ্য শব্দ,ishaara,5
1099,মুক্তিযুদ্ধ,মুক্তিযুদ্ধ,সাধারণ প্রশাসন ও সামাজিক,ishaara,5
1100,ভারত,ভারত,দেশ ও আন্তর্জাতিক,ishaara,5
1101,মুক্তিযোদ্ধা,মুক্তিযোদ্ধা,সাধারণ প্রশাসন ও সামাজিক,ishaara,5
1102,,,বিবিধ (সাধারণ),ishaara,10
1103,আইসক্রীম,আইসক্রীম,খাদ্য ও পানীয় (সাধারণ),ishaara,5
1104,বাগান,বাগান,বাগান ও গাছপালা,ishaara,5
1105,বার,বার,বিবিধ (সাধারণ),ishaara,5
1106,শিশু পার্ক,শিশু পার্ক,বিবিধ (সাধারণ),ishaara,5
1107,আগামীকাল,আগামীকাল,ঋতু ও সময়,ishaara,5
1108,টাকা,টাকা,আর্থিক ও ব্যবসা,ishaara,5
1109,কবিতা,কবিতা,বিবিধ (সাধারণ),ishaara,5
1110,তারিখ,তারিখ,ঋতু ও সময়,ishaara,5
1111,ক্রিকেট খেলা,ক্রিকেট খেলা,খেলাধুলা ও বিনোদন,ishaara,5
1112,পাসপোর্ট,পাসপোর্ট,সাধারণ প্রশাসন ও সামাজিক,ishaara,5
1113,এলাকা,এলাকা,সাধারণ প্রশাসন ও সামাজিক,ishaara,5
1114,জাতীয় সংগীত,জাতীয় সংগীত,খাদ্য ও পানীয় (সাধারণ),ishaara,5
1115,জাতীয়,জাতীয়,সাধারণ প্রশাসন ও সামাজিক,ishaara,5
1116,কুকুর,কুকুর,প্রাণী,ishaara,5
1117,উচ্চতা,উচ্চতা,পরিমাপ ও একক,ishaara,5
1118,ঘূর্ণিঝড়,ঘূর্ণিঝড়,প্রকৃতি ও পরিবেশ,ishaara,5
1119,আবাসিক,আবাসিক,সাধারণ প্রশাসন ও সামাজিক,ishaara,5
1120,প্রথম,প্রথম,বিবিধ (সাধারণ),ishaara,5
1121,কিলোমিটার,কিলোমিটার,পরিমাপ ও একক,ishaara,5
1122,সম্মান,সম্মান,বিবিধ (সাধারণ),ishaara,5
1123,গাছ,গাছ,বাগান ও গাছপালা,ishaara,5
1124,ভূমিকম্প,ভূমিকম্প,প্রকৃতি ও পরিবেশ,ishaara,5
1125,ভলিবল,ভলিবল,খেলাধুলা ও বিনোদন,ishaara,5
1126,আবহাওয়া,আবহাওয়া,বিবিধ (সাধারণ),ishaara,5
1127,গান,গান,সংগীত ও সংস্কৃতি,ishaara,5
1128,আগামী,আগামী,বিবিধ (সাধারণ),ishaara,5
1129,সূর্যাস্ত,সূর্যাস্ত,বিবিধ (সাধারণ),ishaara,5
1130,ফুল,ফুল,ফুল,ishaara,5
1131,উত্তরাধিকার,উত্তরাধিকার,বিশেষণ ও বর্ণনামূলক শব্দ,ishaara,5
1132,তরকারী,তরকারী,খাদ্য ও পানীয় (সাধারণ),ishaara,5
1133,ফসল,ফসল,শস্য ও কৃষি,ishaara,5
1134,স্টেডিয়াম,স্টেডিয়াম,খেলাধুলা ও বিনোদন,ishaara,5
1135,পাট,পাট,শস্য ও কৃষি,ishaara,5
1136,দক্ষতা,দক্ষতা,বিশেষণ ও বর্ণনামূলক শব্দ,ishaara,5
1137,কে,কে,বিবিধ (সাধারণ),ishaara,5
1138,গ্যাস,গ্যাস,বিবিধ (সাধারণ),ishaara,5
1139,ইলিশ মাছ,ইলিশ মাছ,বিবিধ (সাধারণ),ishaara,5
1140,মিষ্টান্ন,মিষ্টান্ন,খাদ্য ও পানীয় (সাধারণ),ishaara,5
1141,স্বেচ্ছাসেবী,স্বেচ্ছাসেবী,সাধারণ প্রশাসন ও সামাজিক,ishaara,5
1142,মসজিদ,মসজিদ,বিবিধ (সাধারণ),ishaara,5
1143,তোমাদের,তোমাদের,সর্বনাম ও সাধারণ কথ্য শব্দ,ishaara,5
1144,প্রতিষ্ঠান,প্রতিষ্ঠান,সাধারণ প্রশাসন ও সামাজিক,ishaara,5
1145,সময়,সময়,ঋতু ও সময়,ishaara,5
1146,পদোন্নতি,পদোন্নতি,সাধারণ প্রশাসন ও সামাজিক,ishaara,5
1147,বিস্কুট,বিস্কুট,খাদ্য ও পানীয় (সাধারণ),ishaara,5
1148,কয়টি,কয়টি,বিশেষণ ও বর্ণনামূলক শব্দ,ishaara,5
1149,নতুন,নতুন,বিশেষণ ও বর্ণনামূলক শব্দ,ishaara,5
1150,স্নাতক (গ্রাজুয়েশন),স্নাতক (গ্রাজুয়েশন),শিক্ষা,ishaara,5
1151,সামনে,সামনে,সাধারণ প্রশাসন ও সামাজিক,ishaara,5
1152,পরিষ্কার,পরিষ্কার,বিশেষণ ও বর্ণনামূলক শব্দ,ishaara,5
1153,গতকাল,গতকাল,বিবিধ (সাধারণ),ishaara,5
1154,পাঞ্জাবী,পাঞ্জাবী,পোশাক ও ফ্যাশন,ishaara,5
1155,রাস্তা,রাস্তা,বিবিধ (সাধারণ),ishaara,5
1156,চালু করা,চালু করা,ক্রিয়া ও অবস্থা,ishaara,5
1157,ইংরেজী,ইংরেজী,বিবিধ (সাধারণ),ishaara,5
1158,সংখ্যা,সংখ্যা,বিবিধ (সাধারণ),ishaara,5
1159,অক্সিজেন,অক্সিজেন,বিবিধ (সাধারণ),ishaara,5
1160,জ্ঞান (মেধা),জ্ঞান (মেধা),শিক্ষা,ishaara,5
1161,পুকুর,পুকুর,প্রকৃতি ও পরিবেশ,ishaara,5
1162,পাখি,পাখি,প্রাণী,ishaara,5
1163,শব্দ ( আওয়াজ ),শব্দ ( আওয়াজ ),প্রকৃতি ও পরিবেশ,ishaara,5
1164,গতি,গতি,বিবিধ (সাধারণ),ishaara,5
1165,চকলেট,চকলেট,খাদ্য ও পানীয় (সাধারণ),ishaara,5
1166,দাবা,দাবা,খেলাধুলা ও বিনোদন,ishaara,5
1167,কবি,কবি,সংগীত ও সংস্কৃতি,ishaara,5
1168,জাদুঘর,জাদুঘর,বিবিধ (সাধারণ),ishaara,5
1169,বাস,বাস,পরিবহন ও যানবাহন,ishaara,5
1170,কাশফুল,কাশফুল,বাগান ও গাছপালা,ishaara,5
1171,কৃষক,কৃষক,সাধারণ প্রশাসন ও সামাজিক,ishaara,5
1172,ভূট্টা,ভূট্টা,শস্য ও কৃষি,ishaara,5
1173,লাইব্রেরী,লাইব্রেরী,শিক্ষা,ishaara,5
1174,কুষ্টিয়া,কুষ্টিয়া,বিবিধ (সাধারণ),ishaara,5
1175,সোয়েটার,সোয়েটার,পোশাক ও ফ্যাশন,ishaara,5
1176,ঘাস,ঘাস,বাগান ও গাছপালা,ishaara,5
1177,দক্ষ,দক্ষ,বিশেষণ ও বর্ণনামূলক শব্দ,ishaara,5
1178,মুড়ি,মুড়ি,খাদ্য ও পানীয় (সাধারণ),ishaara,5
1179,বাইরে,বাইরে,বিবিধ (সাধারণ),ishaara,5
1180,এখানে,এখানে,বিবিধ (সাধারণ),ishaara,5
1181,অপেক্ষা,অপেক্ষা,বিবিধ (সাধারণ),ishaara,5
1182,ফ্যাক্স,ফ্যাক্স,যোগাযোগ ও তথ্য প্রযুক্তি,ishaara,5
1183,খুঁজে পাওয়া,খুঁজে পাওয়া,বিবিধ (সাধারণ),ishaara,5
1184,পরিশ্রম,পরিশ্রম,ক্রিয়া ও অবস্থা,ishaara,5
1185,তাকে (উনাকে),তাকে (উনাকে),সর্বনাম ও সাধারণ কথ্য শব্দ,ishaara,5
1186,মন (হৃদয়),মন (হৃদয়),খাদ্য ও পানীয় (সাধারণ),ishaara,5
1187,শুরু করা,শুরু করা,ক্রিয়া ও অবস্থা,ishaara,5
1188,চিনি,চিনি,খাদ্য ও পানীয় (সাধারণ),ishaara,5
1189,দোকানদার,দোকানদার,বিবিধ (সাধারণ),ishaara,5
1190,সে,সে,সর্বনাম ও সাধারণ কথ্য শব্দ,ishaara,5
1191,আগুন,আগুন,প্রকৃতি ও পরিবেশ,ishaara,5
1192,ধ্যান,ধ্যান,ক্রিয়া ও অবস্থা,ishaara,5
1193,শহীদ মিনার,শহীদ মিনার,বাংলাদেশের স্থান,ishaara,5
1194,রকেট,রকেট,পরিবহন ও যানবাহন,ishaara,5
1195,লালবাগের কেল্লা,লালবাগের কেল্লা,বাংলাদেশের স্থান,ishaara,5
1196,দল,দল,সাধারণ প্রশাসন ও সামাজিক,ishaara,5
1197,পিঠা,পিঠা,খাদ্য ও পানীয় (সাধারণ),ishaara,5
1198,সব সময়,সব সময়,বিবিধ (সাধারণ),ishaara,5
1199,নাই,নাই,বিবিধ (সাধারণ),ishaara,5
1200,হাট,হাট,সাধারণ প্রশাসন ও সামাজিক,ishaara,5
1201,লক্ষ্য (উদ্দেশ্য),লক্ষ্য (উদ্দেশ্য),ক্রিয়া ও অবস্থা,ishaara,5
1202,কষ্ট,কষ্ট,বিবিধ (সাধারণ),ishaara,5
1203,পাপ,পাপ,বিবিধ (সাধারণ),ishaara,5
1204,বেকার,বেকার,সাধারণ প্রশাসন ও সামাজিক,ishaara,5
1205,ময়লা,ময়লা,বিবিধ (সাধারণ),ishaara,5
1206,গ্রহণ করা,গ্রহণ করা,ক্রিয়া ও অবস্থা,ishaara,5
1207,দুর্নীতি,দুর্নীতি,সাধারণ প্রশাসন ও সামাজিক,ishaara,5
1208,ত্রাণ,ত্রাণ,সাধারণ প্রশাসন ও সামাজিক,ishaara,5
1209,তেল,তেল,বিবিধ (সাধারণ),ishaara,5
1210,উট,উট,প্রাণী,ishaara,5
1211,আত্ম বিশ্বাস,আত্ম বিশ্বাস,বিশেষণ ও বর্ণনামূলক শব্দ,ishaara,5
1212,খেলার মাঠ,খেলার মাঠ,খেলাধুলা ও বিনোদন,ishaara,5
1213,বিপদ,বিপদ,সাধারণ প্রশাসন ও সামাজিক,ishaara,5
1214,ক্ষমতা,ক্ষমতা,সাধারণ প্রশাসন ও সামাজিক,ishaara,5
1215,সন্তুষ্ট,সন্তুষ্ট,বিশেষণ ও বর্ণনামূলক শব্দ,ishaara,5
1216,শহীদ,শহীদ,সাধারণ প্রশাসন ও সামাজিক,ishaara,5
1217,শরীর,শরীর,শরীরের অংশ,ishaara,5
1218,সৈনিক (পাইলট),সৈনিক (পাইলট),পেশা ও জীবিকা,ishaara,5
1219,কঠোর,কঠোর,বিশেষণ ও বর্ণনামূলক শব্দ,ishaara,5
1220,বিজ্ঞানী,বিজ্ঞানী,পেশা ও জীবিকা,ishaara,5
1221,খ্যাতি,খ্যাতি / বিখ্যাত,বিশেষণ ও বর্ণনামূলক শব্দ,ishaara,10
1222,কিছু,কিছু,বিশেষণ ও বর্ণনামূলক শব্দ,ishaara,5
1223,সেনাবাহিনী,সেনাবাহিনী,সাধারণ প্রশাসন ও সামাজিক,ishaara,5
1224,সিনেমা,সিনেমা,খেলাধুলা ও বিনোদন,ishaara,5
1225,সাপুড়ে,সাপুড়ে,সংগীত ও সংস্কৃতি,ishaara,5
1226,বাদাম,বাদাম,খাদ্য ও পানীয় (সাধারণ),ishaara,5
1227,বন,বন,বাগান ও গাছপালা,ishaara,5
1228,মধু,মধু,সাধারণ প্রশাসন ও সামাজিক,ishaara,5
1229,ধোপা,ধোপা,পেশা ও জীবিকা,ishaara,5
1230,দৃশ্য,দৃশ্য,বিবিধ (সাধারণ),ishaara,5
1231,বিক্রেতা,বিক্রেতা,পেশা ও জীবিকা,ishaara,5
1232,শুঁটকি মাছ,শুঁটকি মাছ,খাদ্য ও পানীয় (সাধারণ),ishaara,5
1233,চার্চ (গির্জা),চার্চ (গির্জা),ধর্ম,ishaara,5
1234,ঝাড়ুদার,ঝাড়ুদার,সাধারণ প্রশাসন ও সামাজিক,ishaara,5
1235,চলচ্চিত্র,চলচ্চিত্র,বিবিধ (সাধারণ),ishaara,5
1236,রংধনু,রংধনু,প্রকৃতি ও পরিবেশ,ishaara,5
1237,মুসুর ডাল,মুসুর ডাল,শাকসব্জি ও রান্নার উপকরণ,ishaara,5
1238,বিক্রি,বিক্রি,ক্রিয়া ও অবস্থা,ishaara,5
1239,হায়,হায়,বিবিধ (সাধারণ),ishaara,5
1240,দুঃখিত,দুঃখিত,বিবিধ (সাধারণ),ishaara,5
1241,আটা,আটা,শাকসব্জি ও রান্নার উপকরণ,ishaara,5
1242,অল্প,অল্প,বিশেষণ ও বর্ণনামূলক শব্দ,ishaara,5
1243,গণিত,গণিত,শিক্ষা,ishaara,5
1244,চিড়িয়াখানা,চিড়িয়াখানা,খেলাধুলা ও বিনোদন,ishaara,5
1245,প্রবেশ,প্রবেশ,ক্রিয়া ও অবস্থা,ishaara,5
1246,গ্যারেজ,গ্যারেজ,বিবিধ (সাধারণ),ishaara,5
1247,চার,চার,সংখ্যা,ishaara,5
1248,পর্যন্ত,পর্যন্ত,বিশেষণ ও বর্ণনামূলক শব্দ,ishaara,5
1249,থাকা,থাকা,ক্রিয়া ও অবস্থা,ishaara,5
1250,টিকেট,টিকেট,বিবিধ (সাধারণ),ishaara,5
1251,ডাক টিকেট,ডাক টিকেট,বিবিধ (সাধারণ),ishaara,5
1252,সাত,সাত,সংখ্যা,ishaara,5
1253,বেলুন,বেলুন,বিশেষণ ও বর্ণনামূলক শব্দ,ishaara,5
1254,উপরে,উপরে,বিশেষণ ও বর্ণনামূলক শব্দ,ishaara,5
1255,দশ,দশ,বিবিধ (সাধারণ),ishaara,5
1256,অতিথি,অতিথি,বিবিধ (সাধারণ),ishaara,5
1257,কবুতর,কবুতর,প্রাণী,ishaara,5
1258,অনুসরণ করা,অনুসরণ করা,বিবিধ (সাধারণ),ishaara,5
1259,খাওয়া,খাওয়া,ক্রিয়া ও অবস্থা,ishaara,5
1260,ঘন্টা,ঘন্টা,ঋতু ও সময়,ishaara,5
1261,পাঁচ,পাঁচ,সংখ্যা,ishaara,5
1262,লিটার,লিটার,বিবিধ (সাধারণ),ishaara,5
1263,বেঞ্চ,বেঞ্চ,বিশেষণ ও বর্ণনামূলক শব্দ,ishaara,5
1264,বছর,বছর,ঋতু ও সময়,ishaara,5
1265,ক্যাপ্টেন,ক্যাপ্টেন,বিবিধ (সাধারণ),ishaara,5
1266,কেউ,কেউ,সর্বনাম ও সাধারণ কথ্য শব্দ,ishaara,5
1267,তোমাদেরকে (আপনাদেরকে),তোমাদেরকে (আপনাদেরকে),সর্বনাম ও সাধারণ কথ্য শব্দ,ishaara,5
1268,ধারণা,ধারণা,বিশেষণ ও বর্ণনামূলক শব্দ,ishaara,5
1269,আয়োজন,আয়োজন,বিবিধ (সাধারণ),ishaara,5
1270,চাওয়া,চাওয়া,ক্রিয়া ও অবস্থা,ishaara,5
1271,অবশ্যই,অবশ্যই,বিশেষণ ও বর্ণনামূলক শব্দ,ishaara,5
1272,বৈষম্য,বৈষম্য,বিবিধ (সাধারণ),ishaara,5
1273,বেশি,বেশি,বিশেষণ ও বর্ণনামূলক শব্দ,ishaara,5
1274,তিন,তিন,সংখ্যা,ishaara,5
1275,বগুড়া,বগুড়া,বিবিধ (সাধারণ),ishaara,5
1276,ইঞ্চি,ইঞ্চি,পরিমাপ ও একক,ishaara,5
1277,বরিশাল,বরিশাল,বিবিধ (সাধারণ),ishaara,5
1278,মিটার (পরিমাপ একক),মিটার (পরিমাপ একক),পরিমাপ ও একক,ishaara,5
1279,বিদেশ,বিদেশ,বিবিধ (সাধারণ),ishaara,5
1280,এক হাজার,এক হাজার,সংখ্যা,ishaara,5
1281,প্রচুর,প্রচুর,বিশেষণ ও বর্ণনামূলক শব্দ,ishaara,5
1282,সর্বোচ্চ,সর্বোচ্চ,বিশেষণ ও বর্ণনামূলক শব্দ,ishaara,5
1283,অভাব,অভাব,বিশেষণ ও বর্ণনামূলক শব্দ,ishaara,5
1284,বসন্তকাল,বসন্তকাল,ঋতু ও সময়,ishaara,5
1285,নারায়ণগঞ্জ,নারায়ণগঞ্জ,বাংলাদেশের স্থান,ishaara,5
1286,পাহাড়ী এলাকা,পাহাড়ী এলাকা,বিবিধ (সাধারণ),ishaara,5
1287,চাঁদপুর,চাঁদপুর,বাংলাদেশের স্থান,ishaara,5
1288,শীত,শীত,ঋতু ও সময়,ishaara,5
1289,দাগ,দাগ,বিশেষণ ও বর্ণনামূলক শব্দ,ishaara,5
1290,ভাড়া,ভাড়া,সাধারণ প্রশাসন ও সামাজিক,ishaara,5
1291,ভিসা,ভিসা,সাধারণ প্রশাসন ও সামাজিক,ishaara,5
1292,তৈরী করা,তৈরী করা,ক্রিয়া ও অবস্থা,ishaara,5
1293,সেন্টিমিটার,সেন্টিমিটার,পরিমাপ ও একক,ishaara,5
1294,শেষ,শেষ,বিশেষণ ও বর্ণনামূলক শব্দ,ishaara,5
1295,কেক,কেক,বিবিধ (সাধারণ),ishaara,5
1296,ওজন,ওজন,পরিমাপ ও একক,ishaara,5
1297,ঘুম,ঘুম,ক্রিয়া ও অবস্থা,ishaara,5
1298,গোসল,গোসল,ক্রিয়া ও অবস্থা,ishaara,5
1299,বুড়িগঙ্গা নদী,বুড়িগঙ্গা নদী,বাংলাদেশের স্থান,ishaara,5
1300,স্থান,স্থান,সাধারণ প্রশাসন ও সামাজিক,ishaara,5
1301,দ্বীপ,দ্বীপ,বাংলাদেশের স্থান,ishaara,5
1302,সন্ধ্যা,সন্ধ্যা,ঋতু ও সময়,ishaara,5
1303,কিন্তু,কিন্তু,সর্বনাম ও সাধারণ কথ্য শব্দ,ishaara,5
1304,পরিচয় পত্র,পরিচয় পত্র,সাধারণ প্রশাসন ও সামাজিক,ishaara,5
1305,তোমাকে (আপনাকে),তোমাকে (আপনাকে),সর্বনাম ও সাধারণ কথ্য শব্দ,ishaara,5
1306,অসুবিধা,অসুবিধা,সর্বনাম ও সাধারণ কথ্য শব্দ,ishaara,5
1307,ফেরত,ফেরত,সর্বনাম ও সাধারণ কথ্য শব্দ,ishaara,5
1308,আহা,আহা,সর্বনাম ও সাধারণ কথ্য শব্দ,ishaara,5
1309,আসো,আসো,সর্বনাম ও সাধারণ কথ্য শব্দ,ishaara,5
1310,দেরী,দেরী,সর্বনাম ও সাধারণ কথ্য শব্দ,ishaara,5
1311,হ্যাঁ,হ্যাঁ,সর্বনাম ও সাধারণ কথ্য শব্দ,ishaara,5
1312,কেন,কেন,সর্বনাম ও সাধারণ কথ্য শব্দ,ishaara,5
1313,যাও (নির্দেশ),যাও (নির্দেশ),সর্বনাম ও সাধারণ কথ্য শব্দ,ishaara,5
1314,করতে পারবে,করতে পারবে,সর্বনাম ও সাধারণ কথ্য শব্দ,ishaara,5
1315,এখন,এখন,সর্বনাম ও সাধারণ কথ্য শব্দ,ishaara,5
1316,নাও,নাও,সর্বনাম ও সাধারণ কথ্য শব্দ,ishaara,5
1317,পুরাতন,পুরাতন,ক্রিয়া ও অবস্থা,ishaara,5
1318,আবেদন,আবেদন,বিবিধ (সাধারণ),ishaara,5
1319,এক,এক,সংখ্যা,ishaara,5
1320,দুই,দুই,সংখ্যা,ishaara,5
1321,ছয়,ছয়,সংখ্যা,ishaara,5
1322,আট,আট,সংখ্যা,ishaara,5
1323,নয়,নয়,সংখ্যা,ishaara,5
1324,বিশ,বিশ,সংখ্যা,ishaara,5
1325,পনের,পনের,সংখ্যা,ishaara,5
1326,একশ,একশ,সংখ্যা,ishaara,5
1327,বারো,বারো,সংখ্যা,ishaara,5
1328,ষোল,ষোল,সংখ্যা,ishaara,5
1329,চৌদ্দ,চৌদ্দ,সংখ্যা,ishaara,5
1330,এগার,এগার,সংখ্যা,ishaara,5
1331,উনিশ,উনিশ,সংখ্যা,ishaara,5
1332,আঠার,আঠার,সংখ্যা,ishaara,5
1333,সতের,সতের,সংখ্যা,ishaara,5
1334,তেরো,তেরো,সংখ্যা,ishaara,5
1335,অক্ষর,অক্ষর,শিক্ষা,ishaara,5
1336,দুবার,দুবার,সংখ্যা,ishaara,5
1337,দশমিক,দশমিক,সংখ্যা,ishaara,5
1338,পিঠ,পিঠ,শরীরের অংশ,ishaara,5
1339,ঘাড়,ঘাড়,শরীরের অংশ,ishaara,5
1340,ফুসফুস,ফুসফুস,শরীরের অংশ,ishaara,5
1341,লোম,লোম,শরীরের অংশ,ishaara,5
1342,কপাল,কপাল,শরীরের অংশ,ishaara,5
1343,হাঁড়,হাঁড়,শরীরের অংশ,ishaara,5
1344,মাথা,মাথা,শরীরের অংশ,ishaara,5
1345,জিহ্বা,জিহ্বা,শরীরের অংশ,ishaara,5
1346,শিরা,শিরা,শরীরের অংশ,ishaara,5
1347,মানবদেহ,মানবদেহ,শরীরের অংশ,ishaara,5
1348,বুক,বুক,শরীরের অংশ,ishaara,5
1349,নখ,নখ,শরীরের অংশ,ishaara,5
1350,কানের পর্দা,কানের পর্দা,শরীরের অংশ,ishaara,5
1351,গোঁফ,গোঁফ,শরীরের অংশ,ishaara,5
1352,বগল,বগল,শরীরের অংশ,ishaara,5
1353,লালা,লালা,শরীরের অংশ,ishaara,5
1354,কাঁধ,কাঁধ,শরীরের অংশ,ishaara,5
1355,মস্তিষ্ক,মস্তিষ্ক,শরীরের অংশ,ishaara,5
1356,রক্ত,রক্ত,শরীরের অংশ,ishaara,5
1357,গলা,গলা,শরীরের অংশ,ishaara,5
1358,চোখের মনি,চোখের মনি,শরীরের অংশ,ishaara,5
1359,চামড়া,চামড়া,শরীরের অংশ,ishaara,5
1360,আঙুল,আঙুল,শরীরের অংশ,ishaara,5
1361,কণ্ঠনালী,কণ্ঠনালী,শরীরের অংশ,ishaara,5
1362,মেরুদণ্ড,মেরুদণ্ড,শরীরের অংশ,ishaara,5
1363,দাঁড়ি,দাঁড়ি,শরীরের অংশ,ishaara,5
1364,হৃদপিণ্ড,হৃদপিণ্ড,শরীরের অংশ,ishaara,5
1365,চর্বি,চর্বি,শরীরের অংশ,ishaara,5
1366,টেকো,টেকো,শরীরের অংশ,ishaara,5
1367,ভুড়ি,ভুড়ি,শরীরের অংশ,ishaara,5
1368,ভালুক,ভালুক,প্রাণী,ishaara,5
1369,কাক,কাক,প্রাণী,ishaara,5
1370,পেখম,পেখম,প্রাণী,ishaara,5
1371,ঘোড়া,ঘোড়া,প্রাণী,ishaara,5
1372,ষাঁড়,ষাঁড়,প্রাণী,ishaara,5
1373,বাঘ,বাঘ,প্রাণী,ishaara,5
1374,টিয়া,টিয়া,প্রাণী,ishaara,5
1375,লেজ,লেজ,প্রাণী,ishaara,5
1376,হাতি,হাতি,প্রাণী,ishaara,5
1377,পোষা,পোষা,প্রাণী,ishaara,5
1378,মাছি,মাছি,প্রাণী,ishaara,5
1379,পিঁপড়া,পিঁপড়া,প্রাণী,ishaara,5
1380,তেলাপোকা,তেলাপোকা,প্রাণী,ishaara,5
1381,মোরগ,মোরগ,প্রাণী,ishaara,5
1382,বক,বক,প্রাণী,ishaara,5
1383,সিংহ,সিংহ,প্রাণী,ishaara,5
1384,গাভী,গাভী,প্রাণী,ishaara,5
1385,মাকড়সা,মাকড়সা,প্রাণী,ishaara,5
1386,অজগর সাপ,অজগর সাপ,প্রাণী,ishaara,5
1387,ভেড়া,ভেড়া,প্রাণী,ishaara,5
1388,চিতাবাঘ,চিতাবাঘ,প্রাণী,ishaara,5
1389,মৌমাছি,মৌমাছি,প্রাণী,ishaara,5
1390,ময়ুর,ময়ুর,প্রাণী,ishaara,5
1391,শুকর,শুকর,প্রাণী,ishaara,5
1392,ব্যাঙ,ব্যাঙ,প্রাণী,ishaara,5
1393,ক্যাঙ্গারু,ক্যাঙ্গারু,প্রাণী,ishaara,5
1394,প্রজাপতি,প্রজাপতি,প্রাণী,ishaara,5
1395,ইদুর,ইদুর,প্রাণী,ishaara,5
1396,টিকটিকি,টিকটিকি,প্রাণী,ishaara,5
1397,কচ্ছপ,কচ্ছপ,প্রাণী,ishaara,5
1398,খরগোশ,খরগোশ,প্রাণী,ishaara,5
1399,জিরাফ,জিরাফ,প্রাণী,ishaara,5
1400,হাঁস,হাঁস,প্রাণী,ishaara,5
1401,শিয়াল,শিয়াল,প্রাণী,ishaara,5
1402,রাজহাস,রাজহাস,প্রাণী,ishaara,5
1403,কুমির,কুমির,প্রাণী,ishaara,5
1404,দোয়েল,দোয়েল,প্রাণী,ishaara,5
1405,উকুন,উকুন,প্রাণী,ishaara,5
1406,ঈগল,ঈগল,প্রাণী,ishaara,5
1407,হরিণ,হরিণ,প্রাণী,ishaara,5
1408,ছাগল,ছাগল,প্রাণী,ishaara,5
1409,পাখনা (ডানা),পাখনা (ডানা),প্রাণী,ishaara,5
1410,কাঁকড়া,কাঁকড়া,প্রাণী,ishaara,5
1411,জোঁক,জোঁক,প্রাণী,ishaara,5
1412,ডলফিন,ডলফিন,প্রাণী,ishaara,5
1413,গোল্ড ফিশ,গোল্ড ফিশ,প্রাণী,ishaara,5
1414,গরিলা,গরিলা,প্রাণী,ishaara,5
1415,কেঁচো,কেঁচো,প্রাণী,ishaara,5
1416,ঋণ,ঋণ,আর্থিক ও ব্যবসা,ishaara,5
1417,বিনিয়োগ,বিনিয়োগ,আর্থিক ও ব্যবসা,ishaara,5
1418,নগদ,নগদ,আর্থিক ও ব্যবসা,ishaara,5
1419,সুদ,সুদ,আর্থিক ও ব্যবসা,ishaara,5
1420,লাভ,লাভ,আর্থিক ও ব্যবসা,ishaara,5
1421,বেচা,বেচা,আর্থিক ও ব্যবসা,ishaara,5
1422,ব্যয়,ব্যয়,আর্থিক ও ব্যবসা,ishaara,5
1423,কারখানা,কারখানা,আর্থিক ও ব্যবসা,ishaara,5
1424,ক্রেতা,ক্রেতা,আর্থিক ও ব্যবসা,ishaara,5
1425,ভেজাল,ভেজাল,আর্থিক ও ব্যবসা,ishaara,5
1426,দাড়িপালা,দাড়িপালা,আর্থিক ও ব্যবসা,ishaara,5
1427,রফতানী,রফতানী,আর্থিক ও ব্যবসা,ishaara,5
1428,আমানত,আমানত,আর্থিক ও ব্যবসা,ishaara,5
1429,উৎপন্ন (কৃষি উৎপাদন),উৎপন্ন (কৃষি উৎপাদন),শস্য ও কৃষি,ishaara,5
1430,উপার্জন,উপার্জন,আর্থিক ও ব্যবসা,ishaara,5
1431,আমদানী,আমদানী,আর্থিক ও ব্যবসা,ishaara,5
1432,বানিজ্য মেলা,বানিজ্য মেলা,আর্থিক ও ব্যবসা,ishaara,5
1433,কৃষি ব্যাংক,কৃষি ব্যাংক,আর্থিক ও ব্যবসা,ishaara,5
1434,বীমা,বীমা,আর্থিক ও ব্যবসা,ishaara,5
1435,সাইন বোর্ড,সাইন বোর্ড,আর্থিক ও ব্যবসা,ishaara,5
1436,পুঁজি (মূলধন),পুঁজি (মূলধন),আর্থিক ও ব্যবসা,ishaara,5
1437,এশিয় উন্নয়ন ব্যাংক,এশিয় উন্নয়ন ব্যাংক,আর্থিক ও ব্যবসা,ishaara,5
1438,আয়কর ( ইনকাম ট্যাক্স),আয়কর ( ইনকাম ট্যাক্স),আর্থিক ও ব্যবসা,ishaara,5
1439,ভারতীয় রুপি,ভারতীয় রুপি,আর্থিক ও ব্যবসা,ishaara,5
1440,অগ্রীম,অগ্রীম,আর্থিক ও ব্যবসা,ishaara,5
1441,চেক,চেক,আর্থিক ও ব্যবসা,ishaara,5
1442,ডেকোরেটর,ডেকোরেটর,আর্থিক ও ব্যবসা,ishaara,5
1443,মূল্য,মূল্য,আর্থিক ও ব্যবসা,ishaara,5
1444,অংশীদার,অংশীদার,আর্থিক ও ব্যবসা,ishaara,5
1445,আসল,আসল,আর্থিক ও ব্যবসা,ishaara,5
1446,মুল্যছাড়,মুল্যছাড়,আর্থিক ও ব্যবসা,ishaara,5
1447,ব্যাগ,ব্যাগ,সৌন্দর্য ও সাজসজ্জা,ishaara,5
1448,অলংকার,অলংকার,সৌন্দর্য ও সাজসজ্জা,ishaara,5
1449,চুড়ি,চুড়ি,সৌন্দর্য ও সাজসজ্জা,ishaara,5
1450,ক্লিপ,ক্লিপ,সৌন্দর্য ও সাজসজ্জা,ishaara,5
1451,মেহেদী,মেহেদী,সৌন্দর্য ও সাজসজ্জা,ishaara,5
1452,আংটি,আংটি,সৌন্দর্য ও সাজসজ্জা,ishaara,5
1453,কামানো (সেভ করা),কামানো (সেভ করা),সৌন্দর্য ও সাজসজ্জা,ishaara,5
1454,লকেট,লকেট,সৌন্দর্য ও সাজসজ্জা,ishaara,5
1455,শ্যাম্পু,শ্যাম্পু,সৌন্দর্য ও সাজসজ্জা,ishaara,5
1456,টিপ,টিপ,সৌন্দর্য ও সাজসজ্জা,ishaara,5
1457,মেকআপ,মেকআপ,সৌন্দর্য ও সাজসজ্জা,ishaara,5
1458,সোনার গহনা,সোনার গহনা,সৌন্দর্য ও সাজসজ্জা,ishaara,5
1459,শাঁখা,শাঁখা,সৌন্দর্য ও সাজসজ্জা,ishaara,5
1460,স্বর্ণ,স্বর্ণ,সৌন্দর্য ও সাজসজ্জা,ishaara,5
1461,লোশন,লোশন,সৌন্দর্য ও সাজসজ্জা,ishaara,5
1462,বিউটি পার্লার,বিউটি পার্লার,সৌন্দর্য ও সাজসজ্জা,ishaara,5
1463,সিঁদুর,সিঁদুর,সৌন্দর্য ও সাজসজ্জা,ishaara,5
1464,ফেস ওয়াস,ফেস ওয়াস,সৌন্দর্য ও সাজসজ্জা,ishaara,5
1465,পারফিউম,পারফিউম,সৌন্দর্য ও সাজসজ্জা,ishaara,5
1466,কাঁচের চুড়ি,কাঁচের চুড়ি,সৌন্দর্য ও সাজসজ্জা,ishaara,5
1467,লিপ লাইনার,লিপ লাইনার,সৌন্দর্য ও সাজসজ্জা,ishaara,5
1468,ফেস পাউডার,ফেস পাউডার,সৌন্দর্য ও সাজসজ্জা,ishaara,5
1469,শেভিং ফোম,শেভিং ফোম,সৌন্দর্য ও সাজসজ্জা,ishaara,5
1470,ক্রিম,ক্রিম,সৌন্দর্য ও সাজসজ্জা,ishaara,5
1471,নেইল পলিশ,নেইল পলিশ,সৌন্দর্য ও সাজসজ্জা,ishaara,5
1472,লিপস্টিক,লিপস্টিক,সৌন্দর্য ও সাজসজ্জা,ishaara,5
1473,ভ্যাসলিন,ভ্যাসলিন,সৌন্দর্য ও সাজসজ্জা,ishaara,5
1474,টিকলি,টিকলি,সৌন্দর্য ও সাজসজ্জা,ishaara,5
1475,বাজু বন্ধ,বাজু বন্ধ,সৌন্দর্য ও সাজসজ্জা,ishaara,5
1476,কলপ,কলপ,সৌন্দর্য ও সাজসজ্জা,ishaara,5
1477,ধর্ষণ,ধর্ষণ,আইন ও অপরাধ,ishaara,5
1478,মিমাংসা,মিমাংসা,আইন ও অপরাধ,ishaara,5
1479,কলার ধরা,কলার ধরা,আইন ও অপরাধ,ishaara,5
1480,বৈধ,বৈধ,আইন ও অপরাধ,ishaara,5
1481,অবৈধ,অবৈধ,আইন ও অপরাধ,ishaara,5
1482,চাবুক,চাবুক,আইন ও অপরাধ,ishaara,5
1483,নেশাখোর,নেশাখোর,বিবিধ (সাধারণ),ishaara,5
1484,ফাঁদ,ফাঁদ,আইন ও অপরাধ,ishaara,5
1485,ন্যায়,ন্যায়,আইন ও অপরাধ,ishaara,5
1486,অভিযোগকারী,অভিযোগকারী,আইন ও অপরাধ,ishaara,5
1487,আগ্নেয়াস্ত্র,আগ্নেয়াস্ত্র,আইন ও অপরাধ,ishaara,5
1488,বণ্টন,বণ্টন,আইন ও অপরাধ,ishaara,5
1489,প্রতারক,প্রতারক,আইন ও অপরাধ,ishaara,5
1490,ঘেরাও,ঘেরাও,আইন ও অপরাধ,ishaara,5
1491,ক্রসফায়ার,ক্রসফায়ার,আইন ও অপরাধ,ishaara,5
1492,অভিযুক্ত,অভিযুক্ত,আইন ও অপরাধ,ishaara,5
1493,নিষেধাজ্ঞা,নিষেধাজ্ঞা,আইন ও অপরাধ,ishaara,5
1494,ভূমি আইন,ভূমি আইন,আইন ও অপরাধ,ishaara,5
1495,গ্রেনেড,গ্রেনেড,আইন ও অপরাধ,ishaara,5
1496,ঘাতক,ঘাতক,আইন ও অপরাধ,ishaara,5
1497,শিশু শ্রম,শিশু শ্রম,আইন ও অপরাধ,ishaara,5
1498,কাঠগড়া,কাঠগড়া,আইন ও অপরাধ,ishaara,5
1499,গুপ্তচর,গুপ্তচর,আইন ও অপরাধ,ishaara,5
1500,ইশারা ভাষা,ইশারা ভাষা,বিশেষ শিক্ষা ও প্রতিবন্ধিতা,ishaara,5
1501,প্রতিবন্ধী,প্রতিবন্ধী,বিশেষ শিক্ষা ও প্রতিবন্ধিতা,ishaara,5
1502,শ্রবণ প্রতিবন্ধী,শ্রবণ প্রতিবন্ধী,বিশেষ শিক্ষা ও প্রতিবন্ধিতা,ishaara,5
1503,দৃষ্টি প্রতিবন্ধী,দৃষ্টি প্রতিবন্ধী,বিশেষ শিক্ষা ও প্রতিবন্ধিতা,ishaara,5
1504,সাদা ছড়ি,সাদা ছড়ি,বিশেষ শিক্ষা ও প্রতিবন্ধিতা,ishaara,5
1505,ব্রেইল,ব্রেইল,বিশেষ শিক্ষা ও প্রতিবন্ধিতা,ishaara,5
1506,রাতকানা,রাতকানা,বিশেষ শিক্ষা ও প্রতিবন্ধিতা,ishaara,5
1507,সচেতনতা,সচেতনতা,বিশেষ শিক্ষা ও প্রতিবন্ধিতা,ishaara,5
1508,ফোঁড়া,ফোঁড়া,স্বাস্থ্য ও চিকিৎসা,ishaara,5
1509,জীবাণু,জীবাণু,স্বাস্থ্য ও চিকিৎসা,ishaara,5
1510,প্রসব,প্রসব,স্বাস্থ্য ও চিকিৎসা,ishaara,5
1511,কাশি,কাশি,স্বাস্থ্য ও চিকিৎসা,ishaara,5
1512,কান পাকা,কান পাকা,স্বাস্থ্য ও চিকিৎসা,ishaara,5
1513,কলেরা (ডায়রিয়া),কলেরা (ডায়রিয়া),স্বাস্থ্য ও চিকিৎসা,ishaara,5
1514,পোলিও,পোলিও,স্বাস্থ্য ও চিকিৎসা,ishaara,5
1515,হাঁচি,হাঁচি,স্বাস্থ্য ও চিকিৎসা,ishaara,5
1516,ঘামাচি,ঘামাচি,স্বাস্থ্য ও চিকিৎসা,ishaara,5
1517,কৃমি,কৃমি,স্বাস্থ্য ও চিকিৎসা,ishaara,5
1518,খুস্কি,খুস্কি,স্বাস্থ্য ও চিকিৎসা,ishaara,5
1519,আমাশয়,আমাশয়,স্বাস্থ্য ও চিকিৎসা,ishaara,5
1520,প্রশ্রাব,প্রশ্রাব,স্বাস্থ্য ও চিকিৎসা,ishaara,5
1521,কবিরাজ,কবিরাজ,স্বাস্থ্য ও চিকিৎসা,ishaara,5
1522,চুল ঝরা,চুল ঝরা,স্বাস্থ্য ও চিকিৎসা,ishaara,5
1523,চুলকানো,চুলকানো,স্বাস্থ্য ও চিকিৎসা,ishaara,5
1524,সংক্রামক,সংক্রামক,স্বাস্থ্য ও চিকিৎসা,ishaara,5
1525,বসন্ত রোগ,বসন্ত রোগ,স্বাস্থ্য ও চিকিৎসা,ishaara,5
1526,আয়ু,আয়ু,স্বাস্থ্য ও চিকিৎসা,ishaara,5
1527,ম্যালেরিয়া,ম্যালেরিয়া,স্বাস্থ্য ও চিকিৎসা,ishaara,5
1528,ড্রপ ( ফোঁটা ),ড্রপ ( ফোঁটা ),স্বাস্থ্য ও চিকিৎসা,ishaara,5
1529,আয়ুর্বেদিক,আয়ুর্বেদিক,স্বাস্থ্য ও চিকিৎসা,ishaara,5
1530,থার্মোমিটার,থার্মোমিটার,স্বাস্থ্য ও চিকিৎসা,ishaara,5
1531,অরুচি,অরুচি,স্বাস্থ্য ও চিকিৎসা,ishaara,5
1532,পোলিও টিকা,পোলিও টিকা,স্বাস্থ্য ও চিকিৎসা,ishaara,5
1533,রক্ত স্বল্পতা,রক্ত স্বল্পতা,স্বাস্থ্য ও চিকিৎসা,ishaara,5
1534,ক্র্যাচ,ক্র্যাচ,স্বাস্থ্য ও চিকিৎসা,ishaara,5
1535,ট্যাবলেট,ট্যাবলেট,স্বাস্থ্য ও চিকিৎসা,ishaara,5
1536,জমাট বাঁধা,জমাট বাঁধা,স্বাস্থ্য ও চিকিৎসা,ishaara,5
1537,স্পিচ থেরাপি,স্পিচ থেরাপি,স্বাস্থ্য ও চিকিৎসা,ishaara,5
1538,স্বাস্থ্য কেন্দ্র,স্বাস্থ্য কেন্দ্র,স্বাস্থ্য ও চিকিৎসা,ishaara,5
1539,অপুষ্টি,অপুষ্টি,স্বাস্থ্য ও চিকিৎসা,ishaara,5
1540,স্টেথিস্কোপ,স্টেথিস্কোপ,স্বাস্থ্য ও চিকিৎসা,ishaara,5
1541,রক্তচাপ,রক্তচাপ,স্বাস্থ্য ও চিকিৎসা,ishaara,5
1542,ইনজেকশন,ইনজেকশন,স্বাস্থ্য ও চিকিৎসা,ishaara,5
1543,ফার্মেসী,ফার্মেসী,স্বাস্থ্য ও চিকিৎসা,ishaara,5
1544,টাইফয়েড,টাইফয়েড,স্বাস্থ্য ও চিকিৎসা,ishaara,5
1545,কাঁটা তালু,কাঁটা তালু,স্বাস্থ্য ও চিকিৎসা,ishaara,5
1546,ইনহেলার,ইনহেলার,স্বাস্থ্য ও চিকিৎসা,ishaara,5
1547,ক্যাপসুল,ক্যাপসুল,স্বাস্থ্য ও চিকিৎসা,ishaara,5
1548,স্যাভলন,স্যাভলন,স্বাস্থ্য ও চিকিৎসা,ishaara,5
1549,মানসিক অসুস্থ,মানসিক অসুস্থ,স্বাস্থ্য ও চিকিৎসা,ishaara,5
1550,এক্সরে,এক্সরে,স্বাস্থ্য ও চিকিৎসা,ishaara,5
1551,চোখের ছানি,চোখের ছানি,স্বাস্থ্য ও চিকিৎসা,ishaara,5
1552,কুষ্ঠ রোগ,কুষ্ঠ রোগ,স্বাস্থ্য ও চিকিৎসা,ishaara,5
1553,হৃদরোগ,হৃদরোগ,স্বাস্থ্য ও চিকিৎসা,ishaara,5
1554,হোমিওপ্যাথ,হোমিওপ্যাথ,স্বাস্থ্য ও চিকিৎসা,ishaara,5
1555,স্ট্রোক,স্ট্রোক,স্বাস্থ্য ও চিকিৎসা,ishaara,5
1556,গর্ভপাত,গর্ভপাত,স্বাস্থ্য ও চিকিৎসা,ishaara,5
1557,হাপানী রোগ,হাপানী রোগ,স্বাস্থ্য ও চিকিৎসা,ishaara,5
1558,কাটা ঠোঁট,কাটা ঠোঁট,স্বাস্থ্য ও চিকিৎসা,ishaara,5
1559,রক্ত ক্ষরণ,রক্ত ক্ষরণ,স্বাস্থ্য ও চিকিৎসা,ishaara,5
1560,কফ,কফ,স্বাস্থ্য ও চিকিৎসা,ishaara,5
1561,কোষ্ঠ কাঠিন্য,কোষ্ঠ কাঠিন্য,স্বাস্থ্য ও চিকিৎসা,ishaara,5
1562,রক্তদাতা,রক্তদাতা,স্বাস্থ্য ও চিকিৎসা,ishaara,5
1563,ওড়না,ওড়না,পোশাক ও ফ্যাশন,ishaara,5
1564,ঝুটি,ঝুটি,পোশাক ও ফ্যাশন,ishaara,5
1565,গেঞ্জি,গেঞ্জি,পোশাক ও ফ্যাশন,ishaara,5
1566,পায়জামা,পায়জামা,পোশাক ও ফ্যাশন,ishaara,5
1567,মোজা,মোজা,পোশাক ও ফ্যাশন,ishaara,5
1568,টি শার্ট,টি শার্ট,পোশাক ও ফ্যাশন,ishaara,5
1569,বোতাম,বোতাম,পোশাক ও ফ্যাশন,ishaara,5
1570,খোপা,খোপা,পোশাক ও ফ্যাশন,ishaara,5
1571,শার্ট,শার্ট,পোশাক ও ফ্যাশন,ishaara,5
1572,প্যান্ট,প্যান্ট,পোশাক ও ফ্যাশন,ishaara,5
1573,সালোয়ার,সালোয়ার,পোশাক ও ফ্যাশন,ishaara,5
1574,কামিজ,কামিজ,পোশাক ও ফ্যাশন,ishaara,5
1575,ফতুয়া,ফতুয়া,পোশাক ও ফ্যাশন,ishaara,5
1576,চুলের ব্যান্ড,চুলের ব্যান্ড,পোশাক ও ফ্যাশন,ishaara,5
1577,শাড়ী,শাড়ী,পোশাক ও ফ্যাশন,ishaara,5
1578,লুঙ্গি,লুঙ্গি,পোশাক ও ফ্যাশন,ishaara,5
1579,বেল্ট,বেল্ট,পোশাক ও ফ্যাশন,ishaara,5
1580,ফিতা,ফিতা,গৃহস্থালি সরঞ্জাম,ishaara,5
1581,নাকফুল,নাকফুল,পোশাক ও ফ্যাশন,ishaara,5
1582,রেইন কোট,রেইন কোট,পোশাক ও ফ্যাশন,ishaara,5
1583,সানগ্লাস,সানগ্লাস,পোশাক ও ফ্যাশন,ishaara,5
1584,স্যাণ্ডেল,স্যাণ্ডেল,পোশাক ও ফ্যাশন,ishaara,5
1585,জিন্স,জিন্স,পোশাক ও ফ্যাশন,ishaara,5
1586,কানের দুল,কানের দুল,পোশাক ও ফ্যাশন,ishaara,5
1587,শাডির আঁচল,শাডির আঁচল,পোশাক ও ফ্যাশন,ishaara,5
1588,বোরখা,বোরখা,পোশাক ও ফ্যাশন,ishaara,5
1589,শাল,শাল,পোশাক ও ফ্যাশন,ishaara,5
1590,ক্যাপ,ক্যাপ,পোশাক ও ফ্যাশন,ishaara,5
1591,পরচুলা,পরচুলা,পোশাক ও ফ্যাশন,ishaara,5
1592,স্কার্ফ,স্কার্ফ,পোশাক ও ফ্যাশন,ishaara,5
1593,কোট,কোট,পোশাক ও ফ্যাশন,ishaara,5
1594,শাড়ির ফলস্‌,শাড়ির ফলস্‌,পোশাক ও ফ্যাশন,ishaara,5
1595,শেরওয়ানী,শেরওয়ানী,পোশাক ও ফ্যাশন,ishaara,5
1596,দস্তানা (গ্লাভস),দস্তানা (গ্লাভস),পোশাক ও ফ্যাশন,ishaara,5
1597,নেকাব,নেকাব,পোশাক ও ফ্যাশন,ishaara,5
1598,খোপার কাঁটা,খোপার কাঁটা,পোশাক ও ফ্যাশন,ishaara,5
1599,জামার হুক,জামার হুক,পোশাক ও ফ্যাশন,ishaara,5
1600,চেইন(জিপার),চেইন(জিপার),পোশাক ও ফ্যাশন,ishaara,5
1601,পেটিকোট (সায়া),পেটিকোট (সায়া),পোশাক ও ফ্যাশন,ishaara,5
1602,লেস,লেস,পোশাক ও ফ্যাশন,ishaara,5
1603,শাড়ির পাড়,শাড়ির পাড়,পোশাক ও ফ্যাশন,ishaara,5
1604,ঘোমটা,ঘোমটা,পোশাক ও ফ্যাশন,ishaara,5
1605,দোয়াত,দোয়াত,শিক্ষা,ishaara,5
1606,প্রধান শিক্ষক,প্রধান শিক্ষক,শিক্ষা,ishaara,5
1607,ভর্তি ফি,ভর্তি ফি,শিক্ষা,ishaara,5
1608,পৃষ্ঠা,পৃষ্ঠা,শিক্ষা,ishaara,5
1609,বিদ্যালয়-স্কুল,বিদ্যালয়-স্কুল,শিক্ষা,ishaara,5
1610,শ্রেণীকক্ষ,শ্রেণীকক্ষ,শিক্ষা,ishaara,5
1611,চক,চক,শিক্ষা,ishaara,5
1612,আপা,আপা,শিক্ষা,ishaara,5
1613,সমাবর্তন,সমাবর্তন,শিক্ষা,ishaara,5
1614,কালি,কালি,শিক্ষা,ishaara,5
1615,লেটার,লেটার,শিক্ষা,ishaara,5
1616,মলাট,মলাট,শিক্ষা,ishaara,5
1617,উচ্চ মাধ্যমিক,উচ্চ মাধ্যমিক,শিক্ষা,ishaara,5
1618,কমলা রং,কমলা রং,বিবিধ (সাধারণ),ishaara,5
1619,প্রথম পত্র (দ্বিতীয় পত্র),প্রথম পত্র (দ্বিতীয় পত্র),শিক্ষা,ishaara,5
1620,ছাত্রনেতা,ছাত্রনেতা,শিক্ষা,ishaara,5
1621,ছাত্রাবাস,ছাত্রাবাস,শিক্ষা,ishaara,5
1622,কৃতকার্য,কৃতকার্য,শিক্ষা,ishaara,5
1623,অকৃতকার্য (ফেল),অকৃতকার্য (ফেল),শিক্ষা,ishaara,5
1624,প্লে গ্রুপ,প্লে গ্রুপ,শিক্ষা,ishaara,5
1625,প্রাথমিক বিদ্যালয়,প্রাথমিক বিদ্যালয়,শিক্ষা,ishaara,5
1626,ব্যবহারিক,ব্যবহারিক,শিক্ষা,ishaara,5
1627,পাস,পাস,শিক্ষা,ishaara,5
1628,স্নাতকোত্তর (মাস্টার্স),স্নাতকোত্তর (মাস্টার্স),শিক্ষা,ishaara,5
1629,সম্মান (অনার্স),সম্মান (অনার্স),শিক্ষা,ishaara,5
1630,বিজ্ঞান (বিষয়),বিজ্ঞান (বিষয়),শিক্ষা,ishaara,5
1631,মহাশয়-স্যার,মহাশয়-স্যার,শিক্ষা,ishaara,5
1632,মার্কার,মার্কার,শিক্ষা,ishaara,5
1633,কম্পাস,কম্পাস,শিক্ষা,ishaara,5
1634,শাখা (সেকশন),শাখা (সেকশন),শিক্ষা,ishaara,5
1635,বর,বর,পারিবারিক সম্পর্ক,ishaara,5
1636,জ্বা (Wife of husbands brother),জ্বা (Wife of husbands brother),পারিবারিক সম্পর্ক,ishaara,5
1637,বড় আব্বা (Great grandfather),বড় আব্বা (Great grandfather),পারিবারিক সম্পর্ক,ishaara,5
1638,সৎ ভাই,সৎ ভাই,পারিবারিক সম্পর্ক,ishaara,5
1639,ননাস (Elder sister of Husband),ননাস (Elder sister of Husband),পারিবারিক সম্পর্ক,ishaara,5
1640,সুজি,সুজি,খাদ্য ও পানীয় (সাধারণ),ishaara,5
1641,গুড়,গুড়,খাদ্য ও পানীয় (সাধারণ),ishaara,5
1642,স্পঞ্জ মিষ্টি,স্পঞ্জ মিষ্টি,খাদ্য ও পানীয় (সাধারণ),ishaara,5
1643,শরবত,শরবত,খাদ্য ও পানীয় (সাধারণ),ishaara,5
1644,জিলাপি,জিলাপি,খাদ্য ও পানীয় (সাধারণ),ishaara,5
1645,টমেটো,টমেটো,শাকসব্জি ও রান্নার উপকরণ,ishaara,5
1646,নাড়ু (Naroo [coconut balls]),নাড়ু (Naroo [coconut balls]),খাদ্য ও পানীয় (সাধারণ),ishaara,5
1647,তিল,তিল,খাদ্য ও পানীয় (সাধারণ),ishaara,5
1648,সিংগাড়া,সিংগাড়া,খাদ্য ও পানীয় (সাধারণ),ishaara,5
1649,জলপাই,জলপাই,ফল,ishaara,5
1650,দইবড়া,দইবড়া,খাদ্য ও পানীয় (সাধারণ),ishaara,5
1651,মরিচ,মরিচ,খাদ্য ও পানীয় (সাধারণ),ishaara,5
1652,এলাচি,এলাচি,খাদ্য ও পানীয় (সাধারণ),ishaara,5
1653,বড়া,বড়া,খাদ্য ও পানীয় (সাধারণ),ishaara,5
1654,ডাব,ডাব,খাদ্য ও পানীয় (সাধারণ),ishaara,5
1655,আখ,আখ,খাদ্য ও পানীয় (সাধারণ),ishaara,5
1656,খেঁজুর,খেঁজুর,খাদ্য ও পানীয় (সাধারণ),ishaara,5
1657,পুরি,পুরি,খাদ্য ও পানীয় (সাধারণ),ishaara,5
1658,শাক,শাক,খাদ্য ও পানীয় (সাধারণ),ishaara,5
1659,সেমাই,সেমাই,খাদ্য ও পানীয় (সাধারণ),ishaara,5
1660,তেজপাতা,তেজপাতা,খাদ্য ও পানীয় (সাধারণ),ishaara,5
1661,চিংড়ি,চিংড়ি,খাদ্য ও পানীয় (সাধারণ),ishaara,5
1662,লেবু,লেবু,ফল,ishaara,5
1663,ঘি,ঘি,খাদ্য ও পানীয় (সাধারণ),ishaara,5
1664,পনির,পনির,শাকসব্জি ও রান্নার উপকরণ,ishaara,5
1665,বাঁধাকপি,বাঁধাকপি,শাকসব্জি ও রান্নার উপকরণ,ishaara,5
1666,চিতই পিঠা,চিতই পিঠা,খাদ্য ও পানীয় (সাধারণ),ishaara,5
1667,বাটার বন,বাটার বন,খাদ্য ও পানীয় (সাধারণ),ishaara,5
1668,মূলা,মূলা,শাকসব্জি ও রান্নার উপকরণ,ishaara,5
1669,জিরা,জিরা,শাকসব্জি ও রান্নার উপকরণ,ishaara,5
1670,শাক-সব্জি,শাক-সব্জি,শাকসব্জি ও রান্নার উপকরণ,ishaara,5
1671,লাউ শাক,লাউ শাক,শাকসব্জি ও রান্নার উপকরণ,ishaara,5
1672,মুগ ডাল,মুগ ডাল,শাকসব্জি ও রান্নার উপকরণ,ishaara,5
1673,আদা,আদা,শাকসব্জি ও রান্নার উপকরণ,ishaara,5
1674,হালুয়া,হালুয়া,খাদ্য ও পানীয় (সাধারণ),ishaara,5
1675,মদ,মদ,খাদ্য ও পানীয় (সাধারণ),ishaara,5
1676,বুটের ডাল,বুটের ডাল,শাকসব্জি ও রান্নার উপকরণ,ishaara,5
1677,কচুরলতি,কচুরলতি,শাকসব্জি ও রান্নার উপকরণ,ishaara,5
1678,চানাচুর,চানাচুর,খাদ্য ও পানীয় (সাধারণ),ishaara,5
1679,ছোলা,ছোলা,শাকসব্জি ও রান্নার উপকরণ,ishaara,5
1680,করলা,করলা,শাকসব্জি ও রান্নার উপকরণ,ishaara,5
1681,খিচুড়ি(Khichuri [Rice & Pilses]),খিচুড়ি(Khichuri [Rice & Pilses]),খাদ্য ও পানীয় (সাধারণ),ishaara,5
1682,কচু শাক,কচু শাক,শাকসব্জি ও রান্নার উপকরণ,ishaara,5
1683,খাবার স্যালাইন,খাবার স্যালাইন,খাদ্য ও পানীয় (সাধারণ),ishaara,5
1684,ফলের রস,ফলের রস,খাদ্য ও পানীয় (সাধারণ),ishaara,5
1685,ফুলকপি,ফুলকপি,শাকসব্জি ও রান্নার উপকরণ,ishaara,5
1686,জাউ ভাত,জাউ ভাত,খাদ্য ও পানীয় (সাধারণ),ishaara,5
1687,ডালিম,ডালিম,ফল,ishaara,5
1688,খেজুর গুড়,খেজুর গুড়,শাকসব্জি ও রান্নার উপকরণ,ishaara,5
1689,চটপটি,চটপটি,খাদ্য ও পানীয় (সাধারণ),ishaara,5
1690,ফুসকা,ফুসকা,খাদ্য ও পানীয় (সাধারণ),ishaara,5
1691,বেল (Woodapple),বেল (Woodapple),ফল,ishaara,5
1692,ভাতের মাড়,ভাতের মাড়,খাদ্য ও পানীয় (সাধারণ),ishaara,5
1693,গলদা চিংড়ি,গলদা চিংড়ি,খাদ্য ও পানীয় (সাধারণ),ishaara,5
1694,চা পাতা,চা পাতা,খাদ্য ও পানীয় (সাধারণ),ishaara,5
1695,কাবাব,কাবাব,খাদ্য ও পানীয় (সাধারণ),ishaara,5
1696,পটল,পটল,শাকসব্জি ও রান্নার উপকরণ,ishaara,5
1697,পিয়াজু,পিয়াজু,খাদ্য ও পানীয় (সাধারণ),ishaara,5
1698,গাঁজা,গাঁজা,খাদ্য ও পানীয় (সাধারণ),ishaara,5
1699,লিচু,লিচু,ফল,ishaara,5
1700,কাজু বাদাম,কাজু বাদাম,খাদ্য ও পানীয় (সাধারণ),ishaara,5
1701,লাউ,লাউ,শাকসব্জি ও রান্নার উপকরণ,ishaara,5
1702,ভর্তা,ভর্তা,খাদ্য ও পানীয় (সাধারণ),ishaara,5
1703,ডাঁটাশাক,ডাঁটাশাক,শাকসব্জি ও রান্নার উপকরণ,ishaara,5
1704,পুঁইশাক,পুঁইশাক,শাকসব্জি ও রান্নার উপকরণ,ishaara,5
1705,তেঁতুল,তেঁতুল,শাকসব্জি ও রান্নার উপকরণ,ishaara,5
1706,টিফিন,টিফিন,খাদ্য ও পানীয় (সাধারণ),ishaara,5
1707,আতপ চাল,আতপ চাল,খাদ্য ও পানীয় (সাধারণ),ishaara,5
1708,মটরশুঁটি,মটরশুঁটি,শাকসব্জি ও রান্নার উপকরণ,ishaara,5
1709,গম,গম,শাকসব্জি ও রান্নার উপকরণ,ishaara,5
1710,কৈ মাছ,কৈ মাছ,খাদ্য ও পানীয় (সাধারণ),ishaara,5
1711,ভাপা পিঠা,ভাপা পিঠা,খাদ্য ও পানীয় (সাধারণ),ishaara,5
1712,পাটিসাপ্টা পিঠা,পাটিসাপ্টা পিঠা,খাদ্য ও পানীয় (সাধারণ),ishaara,5
1713,মুড়োঘন্ট,মুড়োঘন্ট,খাদ্য ও পানীয় (সাধারণ),ishaara,5
1714,কচু,কচু,শাকসব্জি ও রান্নার উপকরণ,ishaara,5
1715,পুটি মাছ,পুটি মাছ,খাদ্য ও পানীয় (সাধারণ),ishaara,5
1716,শশা,শশা,শাকসব্জি ও রান্নার উপকরণ,ishaara,5
1717,পাঁচফোড়ন,পাঁচফোড়ন,শাকসব্জি ও রান্নার উপকরণ,ishaara,5
1718,চাটনি,চাটনি,শাকসব্জি ও রান্নার উপকরণ,ishaara,5
1719,পরোটা,পরোটা,খাদ্য ও পানীয় (সাধারণ),ishaara,5
1720,ধনিয়া,ধনিয়া,শাকসব্জি ও রান্নার উপকরণ,ishaara,5
1721,পেয়ারা,পেয়ারা,ফল,ishaara,5
1722,নারকেল,নারকেল,ফল,ishaara,5
1723,গোশ্‌ত,গোশ্‌ত,খাদ্য ও পানীয় (সাধারণ),ishaara,5
1724,রসুন,রসুন,শাকসব্জি ও রান্নার উপকরণ,ishaara,5
1725,বোরহানি,বোরহানি,খাদ্য ও পানীয় (সাধারণ),ishaara,5
1726,বেগুন,বেগুন,শাকসব্জি ও রান্নার উপকরণ,ishaara,5
1727,মলা মাছ,মলা মাছ,খাদ্য ও পানীয় (সাধারণ),ishaara,5
1728,কদবেল (Kodbel [Sour Woodapple]),কদবেল (Kodbel [Sour Woodapple]),খাদ্য ও পানীয় (সাধারণ),ishaara,5
1729,গুড়া মাছ,গুড়া মাছ,খাদ্য ও পানীয় (সাধারণ),ishaara,5
1730,দুধ চিতই,দুধ চিতই,খাদ্য ও পানীয় (সাধারণ),ishaara,5
1731,সরিষা,সরিষা,শাকসব্জি ও রান্নার উপকরণ,ishaara,5
1732,চালতা,চালতা,শাকসব্জি ও রান্নার উপকরণ,ishaara,5
1733,তেহারি (Te-hari [Rice dish]),তেহারি (Te-hari [Rice dish]),খাদ্য ও পানীয় (সাধারণ),ishaara,5
1734,চুইংগাম,চুইংগাম,খাদ্য ও পানীয় (সাধারণ),ishaara,5
1735,সিগারেট,সিগারেট,খাদ্য ও পানীয় (সাধারণ),ishaara,5
1736,কচুর মূখী,কচুর মূখী,শাকসব্জি ও রান্নার উপকরণ,ishaara,5
1737,তেলের পিঠা,তেলের পিঠা,খাদ্য ও পানীয় (সাধারণ),ishaara,5
1738,হাতের সেমাই,হাতের সেমাই,খাদ্য ও পানীয় (সাধারণ),ishaara,5
1739,সয়াবিন,সয়াবিন,শাকসব্জি ও রান্নার উপকরণ,ishaara,5
1740,সরিষার তেল,সরিষার তেল,শাকসব্জি ও রান্নার উপকরণ,ishaara,5
1741,বরবটি,বরবটি,শাকসব্জি ও রান্নার উপকরণ,ishaara,5
1742,আখের গুড়,আখের গুড়,খাদ্য ও পানীয় (সাধারণ),ishaara,5
1743,টাকি মাছ,টাকি মাছ,শাকসব্জি ও রান্নার উপকরণ,ishaara,5
1744,গোল মরিচ,গোল মরিচ,শাকসব্জি ও রান্নার উপকরণ,ishaara,5
1745,আচার,আচার,খাদ্য ও পানীয় (সাধারণ),ishaara,5
1746,পোলাও,পোলাও,খাদ্য ও পানীয় (সাধারণ),ishaara,5
1747,বুট ভাজা,বুট ভাজা,খাদ্য ও পানীয় (সাধারণ),ishaara,5
1748,ঢেড়ঁশ,ঢেড়ঁশ,খাদ্য ও পানীয় (সাধারণ),ishaara,5
1749,কালিজিরা,কালিজিরা,শাকসব্জি ও রান্নার উপকরণ,ishaara,5
1750,বেসন,বেসন,শাকসব্জি ও রান্নার উপকরণ,ishaara,5
1751,বিষ,বিষ,খাদ্য ও পানীয় (সাধারণ),ishaara,5
1752,সুপারি,সুপারি,খাদ্য ও পানীয় (সাধারণ),ishaara,5
1753,পিয়াজ,পিয়াজ,শাকসব্জি ও রান্নার উপকরণ,ishaara,5
1754,চমচম,চমচম,খাদ্য ও পানীয় (সাধারণ),ishaara,5
1755,স্যূপ,স্যূপ,খাদ্য ও পানীয় (সাধারণ),ishaara,5
1756,কালোজাম,কালোজাম,ফল,ishaara,5
1757,পুলি পিঠা,পুলি পিঠা,খাদ্য ও পানীয় (সাধারণ),ishaara,5
1758,দুধের ছানা,দুধের ছানা,খাদ্য ও পানীয় (সাধারণ),ishaara,5
1759,শিম,শিম,শাকসব্জি ও রান্নার উপকরণ,ishaara,5
1760,মাগুর মাছ,মাগুর মাছ,খাদ্য ও পানীয় (সাধারণ),ishaara,5
1761,ছিটা রুটি,ছিটা রুটি,খাদ্য ও পানীয় (সাধারণ),ishaara,5
1762,তালের শাঁস,তালের শাঁস,শাকসব্জি ও রান্নার উপকরণ,ishaara,5
1763,আমড়া (Hog-plume (local fruit)),আমড়া (Hog-plume (local fruit)),ফল,ishaara,5
1764,পায়েস,পায়েস,খাদ্য ও পানীয় (সাধারণ),ishaara,5
1765,সন্দেশ,সন্দেশ,খাদ্য ও পানীয় (সাধারণ),ishaara,5
1766,লাচ্ছি,লাচ্ছি,খাদ্য ও পানীয় (সাধারণ),ishaara,5
1767,পান্তা ভাত,পান্তা ভাত,খাদ্য ও পানীয় (সাধারণ),ishaara,5
1768,দারুচিনি,দারুচিনি,খাদ্য ও পানীয় (সাধারণ),ishaara,5
1769,গ্রিল,গ্রিল,খাদ্য ও পানীয় (সাধারণ),ishaara,5
1770,ফ্রাইড রাইস (Fried rice),ফ্রাইড রাইস (Fried rice),খাদ্য ও পানীয় (সাধারণ),ishaara,5
1771,কচুর মোড়া,কচুর মোড়া,খাদ্য ও পানীয় (সাধারণ),ishaara,5
1772,চিকেন ফ্রাই (Chiken fry),চিকেন ফ্রাই (Chiken fry),খাদ্য ও পানীয় (সাধারণ),ishaara,5
1773,মোগলাই পরোটা,মোগলাই পরোটা,খাদ্য ও পানীয় (সাধারণ),ishaara,5
1774,ম্যারা পিঠা,ম্যারা পিঠা,খাদ্য ও পানীয় (সাধারণ),ishaara,5
1775,পূর্ব,পূর্ব,বিবিধ (সাধারণ),ishaara,5
1776,জল,জল,প্রকৃতি ও পরিবেশ,ishaara,5
1777,দক্ষিণ,দক্ষিণ,বিবিধ (সাধারণ),ishaara,5
1778,গর্ত,গর্ত,প্রকৃতি ও পরিবেশ,ishaara,5
1779,তুরাগ নদী,তুরাগ নদী,প্রকৃতি ও পরিবেশ,ishaara,5
1780,ঝর্ণা,ঝর্ণা,প্রকৃতি ও পরিবেশ,ishaara,5
1781,পশ্চিম,পশ্চিম,প্রকৃতি ও পরিবেশ,ishaara,5
1782,এভারেস্ট,এভারেস্ট,প্রকৃতি ও পরিবেশ,ishaara,5
1783,মরুভূমি,মরুভূমি,প্রকৃতি ও পরিবেশ,ishaara,5
1784,সমুদ্র সৈকত,সমুদ্র সৈকত,প্রকৃতি ও পরিবেশ,ishaara,5
1785,সুরঙ্গ পথ,সুরঙ্গ পথ,প্রকৃতি ও পরিবেশ,ishaara,5
1786,অনুমান,অনুমান,বিবিধ (সাধারণ),ishaara,5
1787,অপচয়,অপচয়,বিবিধ (সাধারণ),ishaara,5
1788,ওপার,ওপার,বিবিধ (সাধারণ),ishaara,5
1789,আগমন,আগমন,বিবিধ (সাধারণ),ishaara,5
1790,সাধারণ,সাধারণ,বিশেষণ ও বর্ণনামূলক শব্দ,ishaara,5
1791,বাঁকা,বাঁকা,বিশেষণ ও বর্ণনামূলক শব্দ,ishaara,5
1792,আবরণ,আবরণ,বিবিধ (সাধারণ),ishaara,5
1793,বাক্য,বাক্য,বিশেষণ ও বর্ণনামূলক শব্দ,ishaara,5
1794,অতীত,অতীত,বিশেষণ ও বর্ণনামূলক শব্দ,ishaara,5
1795,জীবন্ত,জীবন্ত,বিশেষণ ও বর্ণনামূলক শব্দ,ishaara,5
1796,অপকার,অপকার,বিশেষণ ও বর্ণনামূলক শব্দ,ishaara,5
1797,আদায়,আদায়,বিশেষণ ও বর্ণনামূলক শব্দ,ishaara,5
1798,ব্যর্থ,ব্যর্থ,বিশেষণ ও বর্ণনামূলক শব্দ,ishaara,5
1799,উঠানো,উঠানো,ক্রিয়া ও অবস্থা,ishaara,5
1800,ইত্যাদি,ইত্যাদি,সর্বনাম ও সাধারণ কথ্য শব্দ,ishaara,5
1801,লড়াই,লড়াই,ক্রিয়া ও অবস্থা,ishaara,5
1802,মাখানো,মাখানো,ক্রিয়া ও অবস্থা,ishaara,5
1803,অবরোধ,অবরোধ,বিবিধ (সাধারণ),ishaara,5
1804,আগে,আগে,ক্রিয়া ও অবস্থা,ishaara,5
1805,ছাপ,ছাপ,বিশেষণ ও বর্ণনামূলক শব্দ,ishaara,5
1806,বসা,বসা,ক্রিয়া ও অবস্থা,ishaara,5
1807,ক্ষয়,ক্ষয়,বিশেষণ ও বর্ণনামূলক শব্দ,ishaara,5
1808,চ্যাপ্টা,চ্যাপ্টা,বিশেষণ ও বর্ণনামূলক শব্দ,ishaara,5
1809,অচেনা,অচেনা,বিশেষণ ও বর্ণনামূলক শব্দ,ishaara,5
1810,ভারী,ভারী,বিশেষণ ও বর্ণনামূলক শব্দ,ishaara,5
1811,তার (উনার),তার (উনার),সর্বনাম ও সাধারণ কথ্য শব্দ,ishaara,5
1812,দূরে,দূরে,বিশেষণ ও বর্ণনামূলক শব্দ,ishaara,5
1813,বাহ্‌,বাহ্‌,বিশেষণ ও বর্ণনামূলক শব্দ,ishaara,5
1814,একত্রে,একত্রে,বিশেষণ ও বর্ণনামূলক শব্দ,ishaara,5
1815,উল্টা,উল্টা,বিশেষণ ও বর্ণনামূলক শব্দ,ishaara,5
1816,প্রসারিত,প্রসারিত,ক্রিয়া ও অবস্থা,ishaara,5
1817,পর,পর,ক্রিয়া ও অবস্থা,ishaara,5
1818,মারা,মারা,ক্রিয়া ও অবস্থা,ishaara,5
1819,বিরুদ্ধে,বিরুদ্ধে,ক্রিয়া ও অবস্থা,ishaara,5
1820,পাশাপাশি,পাশাপাশি,ক্রিয়া ও অবস্থা,ishaara,5
1821,অপরিহার্য,অপরিহার্য,বিবিধ (সাধারণ),ishaara,5
1822,উচ্ছেদ,উচ্ছেদ,ক্রিয়া ও অবস্থা,ishaara,5
1823,ঐদিকে,ঐদিকে,ক্রিয়া ও অবস্থা,ishaara,5
1824,বড়,বড়,বিশেষণ ও বর্ণনামূলক শব্দ,ishaara,5
1825,আলাদা,আলাদা / ব্যতিক্রম,বিশেষণ ও বর্ণনামূলক শব্দ,ishaara,10
1826,এবং,এবং,সর্বনাম ও সাধারণ কথ্য শব্দ,ishaara,5
1827,আরো,আরো,বিশেষণ ও বর্ণনামূলক শব্দ,ishaara,5
1828,আশেপাশে,আশেপাশে,বিশেষণ ও বর্ণনামূলক শব্দ,ishaara,5
1829,পছন্দ করা,পছন্দ করা,ক্রিয়া ও অবস্থা,ishaara,5
1830,ফেলে দেয়া,ফেলে দেয়া,ক্রিয়া ও অবস্থা,ishaara,5
1831,একই রকম,একই রকম,বিশেষণ ও বর্ণনামূলক শব্দ,ishaara,5
1832,পুড়ে যাওয়া,পুড়ে যাওয়া,ক্রিয়া ও অবস্থা,ishaara,5
1833,কিছুক্ষণ,কিছুক্ষণ,ক্রিয়া ও অবস্থা,ishaara,5
1834,মাঝামাঝি,মাঝামাঝি,ক্রিয়া ও অবস্থা,ishaara,5
1835,ভুলে যাওয়া,ভুলে যাওয়া,ক্রিয়া ও অবস্থা,ishaara,5
1836,হাঁরিয়ে যাওয়া,হাঁরিয়ে যাওয়া,ক্রিয়া ও অবস্থা,ishaara,5
1837,চমৎকার,চমৎকার,বিশেষণ ও বর্ণনামূলক শব্দ,ishaara,5
1838,কিছুটা,কিছুটা,বিশেষণ ও বর্ণনামূলক শব্দ,ishaara,5
1839,মনে রাখা,মনে রাখা,ক্রিয়া ও অবস্থা,ishaara,5
1840,দাঁড়ানো,দাঁড়ানো,ক্রিয়া ও অবস্থা,ishaara,5
1841,আপনারা,আপনারা,সর্বনাম ও সাধারণ কথ্য শব্দ,ishaara,5
1842,থেকে,থেকে,সর্বনাম ও সাধারণ কথ্য শব্দ,ishaara,5
1843,পাতলা,পাতলা,বিশেষণ ও বর্ণনামূলক শব্দ,ishaara,5
1844,কবে (কোনদিন),কবে (কোনদিন),ক্রিয়া ও অবস্থা,ishaara,5
1845,বেড়ানো,বেড়ানো,ক্রিয়া ও অবস্থা,ishaara,5
1846,সম্ভব,সম্ভব,বিশেষণ ও বর্ণনামূলক শব্দ,ishaara,5
1847,যে কোন,যে কোন,সর্বনাম ও সাধারণ কথ্য শব্দ,ishaara,5
1848,ওখানে,ওখানে,সর্বনাম ও সাধারণ কথ্য শব্দ,ishaara,5
1849,অমিল,অমিল,বিশেষণ ও বর্ণনামূলক শব্দ,ishaara,5
1850,তাদেরকে (উনাদেরকে),তাদেরকে (উনাদেরকে),সর্বনাম ও সাধারণ কথ্য শব্দ,ishaara,5
1851,মনে পড়া,মনে পড়া,বিবিধ (সাধারণ),ishaara,5
1852,আদেশ করা,আদেশ করা,ক্রিয়া ও অবস্থা,ishaara,5
1853,তোমরা,তোমরা,সর্বনাম ও সাধারণ কথ্য শব্দ,ishaara,5
1854,চিৎকার করা,চিৎকার করা,ক্রিয়া ও অবস্থা,ishaara,5
1855,বিপরীত,বিপরীত,বিশেষণ ও বর্ণনামূলক শব্দ,ishaara,5
1856,আপনাদের,আপনাদের,সর্বনাম ও সাধারণ কথ্য শব্দ,ishaara,5
1857,হঠাৎ,হঠাৎ,বিশেষণ ও বর্ণনামূলক শব্দ,ishaara,5
1858,বাঁচা,বাঁচা,ক্রিয়া ও অবস্থা,ishaara,5
1859,মেনে চলা,মেনে চলা,ক্রিয়া ও অবস্থা,ishaara,5
1860,ভবিষ্যৎ,ভবিষ্যৎ,বিশেষণ ও বর্ণনামূলক শব্দ,ishaara,5
1861,গুজব ছড়ানো,গুজব ছড়ানো,ক্রিয়া ও অবস্থা,ishaara,5
1862,এগিয়ে যাওয়া,এগিয়ে যাওয়া,ক্রিয়া ও অবস্থা,ishaara,5
1863,কীভাবে,কীভাবে,বিশেষণ ও বর্ণনামূলক শব্দ,ishaara,5
1864,কেমন,কেমন,বিশেষণ ও বর্ণনামূলক শব্দ,ishaara,5
1865,উচ্চারন,উচ্চারন,বিশেষণ ও বর্ণনামূলক শব্দ,ishaara,5
1866,নড়া,নড়া,ক্রিয়া ও অবস্থা,ishaara,5
1867,উধাও,উধাও,ক্রিয়া ও অবস্থা,ishaara,5
1868,জমা করা,জমা করা,ক্রিয়া ও অবস্থা,ishaara,5
1869,নিজে,নিজে,সর্বনাম ও সাধারণ কথ্য শব্দ,ishaara,5
1870,ছি ছি,ছি ছি,ক্রিয়া ও অবস্থা,ishaara,5
1871,কোন্‌টা,কোন্‌টা,বিবিধ (সাধারণ),ishaara,5
1872,এক কথা,এক কথা,বিশেষণ ও বর্ণনামূলক শব্দ,ishaara,5
1873,অবতরণ,অবতরণ,ক্রিয়া ও অবস্থা,ishaara,5
1874,একাধিক,একাধিক,বিশেষণ ও বর্ণনামূলক শব্দ,ishaara,5
1875,সূঁচালো,সূঁচালো,বিশেষণ ও বর্ণনামূলক শব্দ,ishaara,5
1876,আস্থা,আস্থা,বিশেষণ ও বর্ণনামূলক শব্দ,ishaara,5
1877,অভিজাত,অভিজাত,বিশেষণ ও বর্ণনামূলক শব্দ,ishaara,5
1878,ছিটানো,ছিটানো,ক্রিয়া ও অবস্থা,ishaara,5
1879,অতিক্রম (বাধা),অতিক্রম (বাধা),ক্রিয়া ও অবস্থা,ishaara,5
1880,নিঃশ্বাস,নিঃশ্বাস,ক্রিয়া ও অবস্থা,ishaara,5
1881,নিশ্চিন্ত,নিশ্চিন্ত,ক্রিয়া ও অবস্থা,ishaara,5
1882,উদ্ধার,উদ্ধার,ক্রিয়া ও অবস্থা,ishaara,5
1883,বসবাস,বসবাস,ক্রিয়া ও অবস্থা,ishaara,5
1884,এমনি,এমনি,সর্বনাম ও সাধারণ কথ্য শব্দ,ishaara,5
1885,কী ব্যাপার,কী ব্যাপার,সর্বনাম ও সাধারণ কথ্য শব্দ,ishaara,5
1886,বয়স কত,বয়স কত,সর্বনাম ও সাধারণ কথ্য শব্দ,ishaara,5
1887,কুচিকুচি,কুচিকুচি,ক্রিয়া ও অবস্থা,ishaara,5
1888,অনেকেই,অনেকেই,বিশেষণ ও বর্ণনামূলক শব্দ,ishaara,5
1889,অসম্পূর্ণ,অসম্পূর্ণ,বিশেষণ ও বর্ণনামূলক শব্দ,ishaara,5
1890,কয়েকটি,কয়েকটি,বিশেষণ ও বর্ণনামূলক শব্দ,ishaara,5
1891,প্রত্যেক,প্রত্যেক,বিশেষণ ও বর্ণনামূলক শব্দ,ishaara,5
1892,বিরক্ত,বিরক্ত / অসহ্য,"আবেগ, অনুভূতি ও মানসিক অবস্থা",ishaara,10
1893,অথবা,অথবা,সর্বনাম ও সাধারণ কথ্য শব্দ,ishaara,5
1894,দাও,দাও,সর্বনাম ও সাধারণ কথ্য শব্দ,ishaara,5
1895,বাঁয়ে,বাঁয়ে,সর্বনাম ও সাধারণ কথ্য শব্দ,ishaara,5
1896,উভয়,উভয়,সর্বনাম ও সাধারণ কথ্য শব্দ,ishaara,5
1897,এই দিকে,এই দিকে,সর্বনাম ও সাধারণ কথ্য শব্দ,ishaara,5
1898,চেষ্টা,চেষ্টা,ক্রিয়া ও অবস্থা,ishaara,5
1899,শুভেচ্ছা,শুভেচ্ছা,বিবিধ (সাধারণ),ishaara,5
1900,ভাল মন্দ বলা,ভাল মন্দ বলা,বিবিধ (সাধারণ),ishaara,5
1901,কাঁপাকাঁপি,কাঁপাকাঁপি,ক্রিয়া ও অবস্থা,ishaara,5
1902,প্রদান,প্রদান,ক্রিয়া ও অবস্থা,ishaara,5
1903,অধিকাংশ,অধিকাংশ,বিবিধ (সাধারণ),ishaara,5
1904,সর্বশেষ,সর্বশেষ,বিবিধ (সাধারণ),ishaara,5
1905,অনুযায়ী,অনুযায়ী,বিশেষণ ও বর্ণনামূলক শব্দ,ishaara,5
1906,ছড়ানো,ছড়ানো,ক্রিয়া ও অবস্থা,ishaara,5
1907,প্রশিক্ষণ,প্রশিক্ষণ,বিবিধ (সাধারণ),ishaara,5
1908,অপব্যয়,অপব্যয়,বিবিধ (সাধারণ),ishaara,5
1909,আমোদ,আমোদ,ক্রিয়া ও অবস্থা,ishaara,5
1910,চোখা,চোখা,ক্রিয়া ও অবস্থা,ishaara,5
1911,দাড়ি (।),দাড়ি (।),বিশেষণ ও বর্ণনামূলক শব্দ,ishaara,5
1912,অক্ষত,অক্ষত,বিশেষণ ও বর্ণনামূলক শব্দ,ishaara,5
1913,আশাহত,আশাহত,বিশেষণ ও বর্ণনামূলক শব্দ,ishaara,5
1914,কমা (,কমা ( / ),বিশেষণ ও বর্ণনামূলক শব্দ,ishaara,5
1915,ঝকমকে,ঝকমকে,বিশেষণ ও বর্ণনামূলক শব্দ,ishaara,5
1916,ব্যস্ত,ব্যস্ত,বিশেষণ ও বর্ণনামূলক শব্দ,ishaara,5
1917,অনিদ্রা,অনিদ্রা,বিশেষণ ও বর্ণনামূলক শব্দ,ishaara,5
1918,অভিমান,অভিমান,বিশেষণ ও বর্ণনামূলক শব্দ,ishaara,5
1919,থামানো,থামানো,ক্রিয়া ও অবস্থা,ishaara,5
1920,কতটুকু,কতটুকু,বিশেষণ ও বর্ণনামূলক শব্দ,ishaara,5
1921,অবশেষে,অবশেষে,ক্রিয়া ও অবস্থা,ishaara,4
1922,পরাজয়,পরাজয়,বিশেষণ ও বর্ণনামূলক শব্দ,ishaara,5
1923,মোটামুটি,মোটামুটি,বিশেষণ ও বর্ণনামূলক শব্দ,ishaara,5
1924,কঠিন,কঠিন,বিশেষণ ও বর্ণনামূলক শব্দ,ishaara,5
1925,তারা-তাহারা,তারা-তাহারা,সর্বনাম ও সাধারণ কথ্য শব্দ,ishaara,5
1926,প্রয়োগ,প্রয়োগ,ক্রিয়া ও অবস্থা,ishaara,5
1927,ঝরে পড়া,ঝরে পড়া,ক্রিয়া ও অবস্থা,ishaara,5
1928,অনেকগুলো,অনেকগুলো,ক্রিয়া ও অবস্থা,ishaara,5
1929,নিরক্ষর,নিরক্ষর,বিশেষণ ও বর্ণনামূলক শব্দ,ishaara,5
1930,প্রকাশ,প্রকাশ,বিশেষণ ও বর্ণনামূলক শব্দ,ishaara,5
1931,আদান প্রদান,আদান প্রদান,বিশেষণ ও বর্ণনামূলক শব্দ,ishaara,5
1932,এপার,এপার,সর্বনাম ও সাধারণ কথ্য শব্দ,ishaara,5
1933,ভেজানো,ভেজানো,ক্রিয়া ও অবস্থা,ishaara,5
1934,গোপনীয়,গোপনীয়,বিশেষণ ও বর্ণনামূলক শব্দ,ishaara,5
1935,পরিকল্পনা,পরিকল্পনা,ক্রিয়া ও অবস্থা,ishaara,5
1936,গুচ্ছ,গুচ্ছ,ক্রিয়া ও অবস্থা,ishaara,5
1937,পরিবর্তন,পরিবর্তন,ক্রিয়া ও অবস্থা,ishaara,5
1938,ধোওয়া,ধোওয়া,ক্রিয়া ও অবস্থা,ishaara,5
1939,বিস্বাদ,বিস্বাদ,বিশেষণ ও বর্ণনামূলক শব্দ,ishaara,5
1940,জটিল,জটিল,বিশেষণ ও বর্ণনামূলক শব্দ,ishaara,5
1941,নানবিধ,নানবিধ,বিশেষণ ও বর্ণনামূলক শব্দ,ishaara,5
1942,চিরস্থায়ী,চিরস্থায়ী,বিশেষণ ও বর্ণনামূলক শব্দ,ishaara,5
1943,বিস্তৃতি,বিস্তৃতি,বিশেষণ ও বর্ণনামূলক শব্দ,ishaara,5
1944,ক্রমেক্রমে,ক্রমেক্রমে,বিশেষণ ও বর্ণনামূলক শব্দ,ishaara,5
1945,অদল বদল,অদল বদল,ক্রিয়া ও অবস্থা,ishaara,5
1946,ছি!,ছি!,বিশেষণ ও বর্ণনামূলক শব্দ,ishaara,5
1947,অনশন,অনশন,ক্রিয়া ও অবস্থা,ishaara,5
1948,ঝলসানো,ঝলসানো,ক্রিয়া ও অবস্থা,ishaara,5
1949,দাঁড়াও,দাঁড়াও,ক্রিয়া ও অবস্থা,ishaara,5
1950,কাছাকাছি,কাছাকাছি,ক্রিয়া ও অবস্থা,ishaara,5
1951,আগাগোড়া,আগাগোড়া,বিশেষণ ও বর্ণনামূলক শব্দ,ishaara,5
1952,কল্পনা করা,কল্পনা করা,ক্রিয়া ও অবস্থা,ishaara,5
1953,বুঝতে পারা,বুঝতে পারা,ক্রিয়া ও অবস্থা,ishaara,5
1954,লাঠি,লাঠি,গৃহস্থালি সরঞ্জাম,ishaara,5
1955,কুয়া,কুয়া,গৃহস্থালি সরঞ্জাম,ishaara,5
1956,কলস,কলস,গৃহস্থালি সরঞ্জাম,ishaara,5
1957,চেয়ার,চেয়ার,গৃহস্থালি সরঞ্জাম,ishaara,5
1958,হাতুরি,হাতুরি,গৃহস্থালি সরঞ্জাম,ishaara,5
1959,রড,রড,গৃহস্থালি সরঞ্জাম,ishaara,5
1960,সেচ,সেচ,গৃহস্থালি সরঞ্জাম,ishaara,5
1961,হাঁড়ি,হাঁড়ি,গৃহস্থালি সরঞ্জাম,ishaara,5
1962,কাঠি,কাঠি,গৃহস্থালি সরঞ্জাম,ishaara,5
1963,সুঁই,সুঁই,গৃহস্থালি সরঞ্জাম,ishaara,5
1964,লাকড়ি,লাকড়ি,গৃহস্থালি সরঞ্জাম,ishaara,5
1965,গদি,গদি,গৃহস্থালি সরঞ্জাম,ishaara,5
1966,পিন,পিন,গৃহস্থালি সরঞ্জাম,ishaara,5
1967,ছাই,ছাই,গৃহস্থালি সরঞ্জাম,ishaara,5
1968,ড্রাম,ড্রাম,গৃহস্থালি সরঞ্জাম,ishaara,5
1969,পুকুর ঘাট,পুকুর ঘাট,গৃহস্থালি সরঞ্জাম,ishaara,5
1970,পাথর,পাথর,গৃহস্থালি সরঞ্জাম,ishaara,5
1971,পুকুর পাড়,পুকুর পাড়,গৃহস্থালি সরঞ্জাম,ishaara,5
1972,সেলাই মেশিন,সেলাই মেশিন,গৃহস্থালি সরঞ্জাম,ishaara,5
1973,গোয়ালঘর,গোয়ালঘর,গৃহস্থালি সরঞ্জাম,ishaara,5
1974,জাজিম,জাজিম,গৃহস্থালি সরঞ্জাম,ishaara,5
1975,কূলা,কূলা,গৃহস্থালি সরঞ্জাম,ishaara,5
1976,গাম্‌লা,গাম্‌লা,গৃহস্থালি সরঞ্জাম,ishaara,5
1977,পিঁড়ি,পিঁড়ি,গৃহস্থালি সরঞ্জাম,ishaara,5
1978,রাম দা,রাম দা,গৃহস্থালি সরঞ্জাম,ishaara,5
1979,হাত পাখা,হাত পাখা,গৃহস্থালি সরঞ্জাম,ishaara,5
1980,টিনের ঘর,টিনের ঘর,গৃহস্থালি সরঞ্জাম,ishaara,5
1981,পানির কল,পানির কল,গৃহস্থালি সরঞ্জাম,ishaara,5
1982,কাঁচি,কাঁচি,গৃহস্থালি সরঞ্জাম,ishaara,5
1983,কড়াই,কড়াই,গৃহস্থালি সরঞ্জাম,ishaara,5
1984,ডীপ ফ্রিজ,ডীপ ফ্রিজ,গৃহস্থালি সরঞ্জাম,ishaara,5
1985,বেসিন,বেসিন,গৃহস্থালি সরঞ্জাম,ishaara,5
1986,রান্নার হলুদ,রান্নার হলুদ,গৃহস্থালি সরঞ্জাম,ishaara,5
1987,কলিং বেল,কলিং বেল,গৃহস্থালি সরঞ্জাম,ishaara,5
1988,হ্যাঙ্গার,হ্যাঙ্গার,গৃহস্থালি সরঞ্জাম,ishaara,5
1989,পাপোশ,পাপোশ,গৃহস্থালি সরঞ্জাম,ishaara,5
1990,স্যুটকেস,স্যুটকেস,গৃহস্থালি সরঞ্জাম,ishaara,5
1991,কোল বালিশ,কোল বালিশ,গৃহস্থালি সরঞ্জাম,ishaara,5
1992,নারকেল কোরানি,নারকেল কোরানি,গৃহস্থালি সরঞ্জাম,ishaara,5
1993,বটি,বটি,গৃহস্থালি সরঞ্জাম,ishaara,5
1994,ঝাড়বাতি,ঝাড়বাতি,গৃহস্থালি সরঞ্জাম,ishaara,5
1995,মাটির চুলা,মাটির চুলা,গৃহস্থালি সরঞ্জাম,ishaara,5
1996,সিন্দুক,সিন্দুক,গৃহস্থালি সরঞ্জাম,ishaara,5
1997,পাটা,পাটা,গৃহস্থালি সরঞ্জাম,ishaara,5
1998,নলকূপ,নলকূপ,গৃহস্থালি সরঞ্জাম,ishaara,5
1999,সাবানের কেস,সাবানের কেস,গৃহস্থালি সরঞ্জাম,ishaara,5
2000,সিমেন্ট,সিমেন্ট,গৃহস্থালি সরঞ্জাম,ishaara,5
2001,শাওয়ার,শাওয়ার,গৃহস্থালি সরঞ্জাম,ishaara,5
2002,টেবিল ল্যাম্প,টেবিল ল্যাম্প,গৃহস্থালি সরঞ্জাম,ishaara,5
2003,নক্‌শি কাথা,নক্‌শি কাথা,গৃহস্থালি সরঞ্জাম,ishaara,5
2004,ডাল ঘুটনি,ডাল ঘুটনি,গৃহস্থালি সরঞ্জাম,ishaara,5
2005,ছিপ,ছিপ,গৃহস্থালি সরঞ্জাম,ishaara,5
2006,ছিটকিনি,ছিটকিনি,গৃহস্থালি সরঞ্জাম,ishaara,5
2007,কোদাল,কোদাল,গৃহস্থালি সরঞ্জাম,ishaara,5
2008,ঠোঙ্গা,ঠোঙ্গা,গৃহস্থালি সরঞ্জাম,ishaara,5
2009,পানির মিটার,পানির মিটার,গৃহস্থালি সরঞ্জাম,ishaara,5
2010,এসি (এয়ার কুলার),এসি (এয়ার কুলার),গৃহস্থালি সরঞ্জাম,ishaara,5
2011,চার্জার লাইট,চার্জার লাইট,গৃহস্থালি সরঞ্জাম,ishaara,5
2012,খুন্‌তি,খুন্‌তি,গৃহস্থালি সরঞ্জাম,ishaara,5
2013,পানির ফিল্টার,পানির ফিল্টার,গৃহস্থালি সরঞ্জাম,ishaara,5
2014,চাটাই,চাটাই,গৃহস্থালি সরঞ্জাম,ishaara,5
2015,ডিটারজেন্ট পাউডার,ডিটারজেন্ট পাউডার,গৃহস্থালি সরঞ্জাম,ishaara,5
2016,টুথ পিক,টুথ পিক,গৃহস্থালি সরঞ্জাম,ishaara,5
2017,পেরেক,পেরেক,গৃহস্থালি সরঞ্জাম,ishaara,5
2018,টুথব্রাশ,টুথব্রাশ,গৃহস্থালি সরঞ্জাম,ishaara,5
2019,পিরিচ,পিরিচ,গৃহস্থালি সরঞ্জাম,ishaara,5
2020,প্রাসাদ,প্রাসাদ,বিবিধ (সাধারণ),ishaara,5
2021,ভিডিও রেকর্ড,ভিডিও রেকর্ড,গৃহস্থালি সরঞ্জাম,ishaara,5
2022,ফিউজ,ফিউজ,গৃহস্থালি সরঞ্জাম,ishaara,5
2023,সুইচ,সুইচ,গৃহস্থালি সরঞ্জাম,ishaara,5
2024,কমোড,কমোড,গৃহস্থালি সরঞ্জাম,ishaara,5
2025,ডিম লাইট,ডিম লাইট,গৃহস্থালি সরঞ্জাম,ishaara,5
2026,তারকাঁটা,তারকাঁটা,গৃহস্থালি সরঞ্জাম,ishaara,5
2027,ফ্যান,ফ্যান,গৃহস্থালি সরঞ্জাম,ishaara,5
2028,বুক সেলফ,বুক সেলফ,গৃহস্থালি সরঞ্জাম,ishaara,5
2029,দড়ি (রশি),দড়ি (রশি),গৃহস্থালি সরঞ্জাম,ishaara,5
2030,ট্যাংকি,ট্যাংকি,গৃহস্থালি সরঞ্জাম,ishaara,5
2031,টুথপেষ্ট,টুথপেষ্ট,গৃহস্থালি সরঞ্জাম,ishaara,5
2032,বিদ্যুতের মিটার,বিদ্যুতের মিটার,গৃহস্থালি সরঞ্জাম,ishaara,5
2033,ধান ভাঙ্গার মেশিন,ধান ভাঙ্গার মেশিন,গৃহস্থালি সরঞ্জাম,ishaara,5
2034,কাঁটা চামচ,কাঁটা চামচ,গৃহস্থালি সরঞ্জাম,ishaara,5
2035,গালিচা (কার্পেট),গালিচা (কার্পেট),গৃহস্থালি সরঞ্জাম,ishaara,5
2036,তলোয়ার (তরবারি),তলোয়ার (তরবারি),গৃহস্থালি সরঞ্জাম,ishaara,5
2037,ফোল্ডিং চেয়ার,ফোল্ডিং চেয়ার,গৃহস্থালি সরঞ্জাম,ishaara,5
2038,এরোসল,এরোসল,গৃহস্থালি সরঞ্জাম,ishaara,5
2039,টিফিন ক্যারিয়ার,টিফিন ক্যারিয়ার,গৃহস্থালি সরঞ্জাম,ishaara,5
2040,ফটোফ্রেম,ফটোফ্রেম,গৃহস্থালি সরঞ্জাম,ishaara,5
2041,আঁটি (বীজ),আঁটি (বীজ),গৃহস্থালি সরঞ্জাম,ishaara,5
2042,টোষ্টার,টোষ্টার,গৃহস্থালি সরঞ্জাম,ishaara,5
2043,টয়লেট ক্লিনার,টয়লেট ক্লিনার,গৃহস্থালি সরঞ্জাম,ishaara,5
2044,কেটলি,কেটলি,গৃহস্থালি সরঞ্জাম,ishaara,5
2045,ভ্যাকুয়াম ক্লিনার,ভ্যাকুয়াম ক্লিনার,গৃহস্থালি সরঞ্জাম,ishaara,5
2046,মশাল,মশাল,গৃহস্থালি সরঞ্জাম,ishaara,5
2047,টয়লেট টিস্যু,টয়লেট টিস্যু,গৃহস্থালি সরঞ্জাম,ishaara,5
2048,এ্যালবাম,এ্যালবাম,গৃহস্থালি সরঞ্জাম,ishaara,5
2049,বেড়ার ঘর,বেড়ার ঘর,গৃহস্থালি সরঞ্জাম,ishaara,5
2050,স্টেপলার,স্টেপলার,গৃহস্থালি সরঞ্জাম,ishaara,5
2051,বিছানার চাদর,বিছানার চাদর,গৃহস্থালি সরঞ্জাম,ishaara,5
2052,জেনারেটর,জেনারেটর,গৃহস্থালি সরঞ্জাম,ishaara,5
2053,বেলুনি,বেলুনি,গৃহস্থালি সরঞ্জাম,ishaara,5
2054,ব্রিফকেস,ব্রিফকেস,গৃহস্থালি সরঞ্জাম,ishaara,5
2055,ঘরের খুঁটি,ঘরের খুঁটি,গৃহস্থালি সরঞ্জাম,ishaara,5
2056,গুনা,গুনা,গৃহস্থালি সরঞ্জাম,ishaara,5
2057,ঠেলা জাল,ঠেলা জাল,গৃহস্থালি সরঞ্জাম,ishaara,5
2058,বড়শি,বড়শি,গৃহস্থালি সরঞ্জাম,ishaara,5
2059,অডিও ক্যাসেট,অডিও ক্যাসেট,গৃহস্থালি সরঞ্জাম,ishaara,5
2060,ছরতা,ছরতা,গৃহস্থালি সরঞ্জাম,ishaara,5
2061,টর্চলাইট,টর্চলাইট,গৃহস্থালি সরঞ্জাম,ishaara,5
2062,ওয়াশিং মেশিন,ওয়াশিং মেশিন,গৃহস্থালি সরঞ্জাম,ishaara,5
2063,বেতের চেয়ার,বেতের চেয়ার,গৃহস্থালি সরঞ্জাম,ishaara,5
2064,রকিং চেয়ার,রকিং চেয়ার,গৃহস্থালি সরঞ্জাম,ishaara,5
2065,মাইক্রোওয়েভ ওভেন,মাইক্রোওয়েভ ওভেন,গৃহস্থালি সরঞ্জাম,ishaara,5
2066,ব্লেন্ডার মেশিন,ব্লেন্ডার মেশিন,গৃহস্থালি সরঞ্জাম,ishaara,5
2067,ফ্লাক্স,ফ্লাক্স,গৃহস্থালি সরঞ্জাম,ishaara,5
2068,বৈয়াম,বৈয়াম,গৃহস্থালি সরঞ্জাম,ishaara,5
2069,গ্যাসের মিটার,গ্যাসের মিটার,গৃহস্থালি সরঞ্জাম,ishaara,5
2070,টেস্টার,টেস্টার,গৃহস্থালি সরঞ্জাম,ishaara,5
2071,মেইন সুইচ,মেইন সুইচ,গৃহস্থালি সরঞ্জাম,ishaara,5
2072,ড্রিল মেশিন,ড্রিল মেশিন,গৃহস্থালি সরঞ্জাম,ishaara,5
2073,কাপড়ের নীল,কাপড়ের নীল,গৃহস্থালি সরঞ্জাম,ishaara,5
2074,ফিডার,ফিডার,গৃহস্থালি সরঞ্জাম,ishaara,5
2075,চার্জার ফ্যান,চার্জার ফ্যান,গৃহস্থালি সরঞ্জাম,ishaara,5
2076,শিল,শিল,গৃহস্থালি সরঞ্জাম,ishaara,5
2077,প্লাগ,প্লাগ,গৃহস্থালি সরঞ্জাম,ishaara,5
2078,ডাইনিং (খাবার টেবিল),ডাইনিং (খাবার টেবিল),গৃহস্থালি সরঞ্জাম,ishaara,5
2079,ইজি চেয়ার,ইজি চেয়ার,গৃহস্থালি সরঞ্জাম,ishaara,5
2080,অ্যাপার্টমেন্ট,অ্যাপার্টমেন্ট,গৃহস্থালি সরঞ্জাম,ishaara,5
2081,ওয়ারড্রোব,ওয়ারড্রোব,গৃহস্থালি সরঞ্জাম,ishaara,5
2082,ঢেঁকি,ঢেঁকি,গৃহস্থালি সরঞ্জাম,ishaara,5
2083,সিডি,সিডি,গৃহস্থালি সরঞ্জাম,ishaara,5
2084,আলমিরা,আলমিরা,গৃহস্থালি সরঞ্জাম,ishaara,5
2085,জুতার তাক,জুতার তাক,গৃহস্থালি সরঞ্জাম,ishaara,5
2086,ফোম,ফোম,গৃহস্থালি সরঞ্জাম,ishaara,5
2087,ড্রেসিং টেবিল,ড্রেসিং টেবিল,গৃহস্থালি সরঞ্জাম,ishaara,5
2088,দয়ালু,দয়ালু,চরিত্র ও গুণাবলী,ishaara,5
2089,অসভ্য,অসভ্য,চরিত্র ও গুণাবলী,ishaara,5
2090,বুড়া,বুড়া,চরিত্র ও গুণাবলী,ishaara,5
2091,নীরব,নীরব,চরিত্র ও গুণাবলী,ishaara,5
2092,সভ্য,সভ্য,চরিত্র ও গুণাবলী,ishaara,5
2093,কর্মঠ,কর্মঠ,চরিত্র ও গুণাবলী,ishaara,5
2094,ব্যাথা,ব্যাথা,চরিত্র ও গুণাবলী,ishaara,5
2095,কুৎসিত,কুৎসিত,চরিত্র ও গুণাবলী,ishaara,5
2096,স্বভাব,স্বভাব,চরিত্র ও গুণাবলী,ishaara,5
2097,ন্যাড়া,ন্যাড়া,চরিত্র ও গুণাবলী,ishaara,5
2098,থমকানো,থমকানো,চরিত্র ও গুণাবলী,ishaara,5
2099,অসহায়,অসহায়,চরিত্র ও গুণাবলী,ishaara,5
2100,বুড়ি,বুড়ি,চরিত্র ও গুণাবলী,ishaara,5
2101,কিশোরী,কিশোরী,চরিত্র ও গুণাবলী,ishaara,5
2102,মিতব্যয়ী,মিতব্যয়ী,চরিত্র ও গুণাবলী,ishaara,5
2103,জেদ,জেদ,চরিত্র ও গুণাবলী,ishaara,5
2104,অভদ্র,অভদ্র,চরিত্র ও গুণাবলী,ishaara,5
2105,বদনাম,বদনাম,চরিত্র ও গুণাবলী,ishaara,5
2106,দেশপ্রেম,দেশপ্রেম,চরিত্র ও গুণাবলী,ishaara,5
2107,সবল,সবল,চরিত্র ও গুণাবলী,ishaara,5
2108,ঘুম থেকে জাগা,ঘুম থেকে জাগা,চরিত্র ও গুণাবলী,ishaara,5
2109,ঘাবড়ানো,ঘাবড়ানো,চরিত্র ও গুণাবলী,ishaara,5
2110,দুস্টামি করা,দুস্টামি করা,চরিত্র ও গুণাবলী,ishaara,5
2111,ধৈয্য ধরা,ধৈয্য ধরা,চরিত্র ও গুণাবলী,ishaara,5
2112,খাদক,খাদক,চরিত্র ও গুণাবলী,ishaara,5
2113,লাজুক,লাজুক,চরিত্র ও গুণাবলী,ishaara,5
2114,গালাগাল,গালাগাল,চরিত্র ও গুণাবলী,ishaara,5
2115,ঠান্ডা মেজাজ,ঠান্ডা মেজাজ,চরিত্র ও গুণাবলী,ishaara,5
2116,অদ্ভুদ,অদ্ভুদ,চরিত্র ও গুণাবলী,ishaara,5
2117,অনুতপ্ত,অনুতপ্ত,চরিত্র ও গুণাবলী,ishaara,5
2118,দুমুখো,দুমুখো,চরিত্র ও গুণাবলী,ishaara,5
2119,মনোমালিন্য,মনোমালিন্য,চরিত্র ও গুণাবলী,ishaara,5
2120,দৃঢ়,দৃঢ়,"আবেগ, অনুভূতি ও মানসিক অবস্থা",ishaara,5
2121,কিশোর,কিশোর,বিবিধ (সাধারণ),ishaara,5
2122,তৃপ্তি,তৃপ্তি,"আবেগ, অনুভূতি ও মানসিক অবস্থা",ishaara,5
2123,নির্লজ্জ,নির্লজ্জ,"আবেগ, অনুভূতি ও মানসিক অবস্থা",ishaara,5
2124,দায়িত্ববান,দায়িত্ববান,"আবেগ, অনুভূতি ও মানসিক অবস্থা",ishaara,5
2125,বাধ্য,বাধ্য,"আবেগ, অনুভূতি ও মানসিক অবস্থা",ishaara,5
2126,নাকঝাড়া,নাকঝাড়া,"আবেগ, অনুভূতি ও মানসিক অবস্থা",ishaara,5
2127,গোমড়া,গোমড়া,বিবিধ (সাধারণ),ishaara,5
2128,হাঁপানো,হাঁপানো,"আবেগ, অনুভূতি ও মানসিক অবস্থা",ishaara,5
2129,দম্ভ,দম্ভ,"আবেগ, অনুভূতি ও মানসিক অবস্থা",ishaara,5
2130,আত্ম-নির্ভরশীল,আত্ম-নির্ভরশীল,বিবিধ (সাধারণ),ishaara,5
2131,বিমর্ষ (বিষণ্ণ),বিমর্ষ (বিষণ্ণ),"আবেগ, অনুভূতি ও মানসিক অবস্থা",ishaara,5
2132,সহানুভূতি,সহানুভূতি,"আবেগ, অনুভূতি ও মানসিক অবস্থা",ishaara,5
2133,শাসন,শাসন,"আবেগ, অনুভূতি ও মানসিক অবস্থা",ishaara,5
2134,অহংকারী,অহংকারী,"আবেগ, অনুভূতি ও মানসিক অবস্থা",ishaara,5
2135,আলসে,আলসে,"আবেগ, অনুভূতি ও মানসিক অবস্থা",ishaara,5
2136,ভন্ড,ভন্ড,"আবেগ, অনুভূতি ও মানসিক অবস্থা",ishaara,5
2137,উদাসীন,উদাসীন,"আবেগ, অনুভূতি ও মানসিক অবস্থা",ishaara,5
2138,পটানো,পটানো,"আবেগ, অনুভূতি ও মানসিক অবস্থা",ishaara,5
2139,ফন্দি আঁটা,ফন্দি আঁটা,"আবেগ, অনুভূতি ও মানসিক অবস্থা",ishaara,5
2140,নিঃসন্তান,নিঃসন্তান,বিবিধ (সাধারণ),ishaara,5
2141,ক্ষ্যাপা,ক্ষ্যাপা,"আবেগ, অনুভূতি ও মানসিক অবস্থা",ishaara,5
2142,সাহস,সাহস,"আবেগ, অনুভূতি ও মানসিক অবস্থা",ishaara,5
2143,আন্তরিক,আন্তরিক,"আবেগ, অনুভূতি ও মানসিক অবস্থা",ishaara,5
2144,শ্যামলা,শ্যামলা,"আবেগ, অনুভূতি ও মানসিক অবস্থা",ishaara,5
2145,আড়িপাতা,আড়িপাতা,"আবেগ, অনুভূতি ও মানসিক অবস্থা",ishaara,5
2146,বাচাল,বাচাল,"আবেগ, অনুভূতি ও মানসিক অবস্থা",ishaara,5
2147,কানাকানি,কানাকানি,"আবেগ, অনুভূতি ও মানসিক অবস্থা",ishaara,5
2148,অস্পষ্ট উচ্চারণ,অস্পষ্ট উচ্চারণ,বিবিধ (সাধারণ),ishaara,5
2149,দানশীল,দানশীল,চরিত্র ও গুণাবলী,ishaara,5
2150,বামনত্ব,বামনত্ব,চরিত্র ও গুণাবলী,ishaara,5
2151,স্বেচ্ছা সেবা,স্বেচ্ছা সেবা,চরিত্র ও গুণাবলী,ishaara,5
2152,লজ্জা,লজ্জা,"আবেগ, অনুভূতি ও মানসিক অবস্থা",ishaara,5
2153,ইন্দোনেশিয়া,ইন্দোনেশিয়া,দেশ ও আন্তর্জাতিক,ishaara,5
2154,বিপদগ্রস্ত মানুষ,বিপদগ্রস্ত মানুষ,বিবিধ (সাধারণ),ishaara,5
2155,প্রতিজ্ঞা,প্রতিজ্ঞা,চরিত্র ও গুণাবলী,ishaara,5
2156,তোষামোদ,তোষামোদ,চরিত্র ও গুণাবলী,ishaara,5
2157,বেয়াদব,বেয়াদব,চরিত্র ও গুণাবলী,ishaara,5
2158,পাষান,পাষান,চরিত্র ও গুণাবলী,ishaara,5
2159,নিষ্ঠুর,নিষ্ঠুর,চরিত্র ও গুণাবলী,ishaara,5
2160,স্মার্ট,স্মার্ট,চরিত্র ও গুণাবলী,ishaara,5
2161,লালবাগ,লালবাগ,বাংলাদেশের স্থান,ishaara,5
2162,মিরপুর,মিরপুর,বাংলাদেশের স্থান,ishaara,5
2163,শান্তিনগর,শান্তিনগর,বাংলাদেশের স্থান,ishaara,5
2164,কক্সবাজার,কক্সবাজার,বাংলাদেশের স্থান,ishaara,5
2165,জাতীয় স্মৃতিসৌধ,জাতীয় স্মৃতিসৌধ,বাংলাদেশের স্থান,ishaara,5
2166,ভোলা (জেলা),ভোলা (জেলা),বাংলাদেশের স্থান,ishaara,5
2167,ঈদ্গাহ,ঈদ্গাহ,বাংলাদেশের স্থান,ishaara,5
2168,নিউ মার্কেট,নিউ মার্কেট,বাংলাদেশের স্থান,ishaara,5
2169,সিনেমা হল,সিনেমা হল,বাংলাদেশের স্থান,ishaara,5
2170,ক্ষেত,ক্ষেত / ফসল জমি,বাগান ও গাছপালা,ishaara,5
2171,সেনানিবাস,সেনানিবাস,বাংলাদেশের স্থান,ishaara,5
2172,থিয়েটার,থিয়েটার,বাংলাদেশের স্থান,ishaara,5
2173,দুর্ভাগ্য,দুর্ভাগ্য,বিবিধ (সাধারণ),ishaara,5
2174,মাতৃসদন,মাতৃসদন,বাংলাদেশের স্থান,ishaara,5
2175,ডাকঘর,ডাকঘর,বাংলাদেশের স্থান,ishaara,5
2176,জজকোর্ট,জজকোর্ট,বাংলাদেশের স্থান,ishaara,5
2177,পিকনিক স্পট,পিকনিক স্পট,বাংলাদেশের স্থান,ishaara,5
2178,গ্রামীণ ব্যাংক,গ্রামীণ ব্যাংক,বাংলাদেশের স্থান,ishaara,5
2179,ইউনিয়ন পরিষদ,ইউনিয়ন পরিষদ,বাংলাদেশের স্থান,ishaara,5
2180,আশ্রয় কেন্দ্র,আশ্রয় কেন্দ্র,বাংলাদেশের স্থান,ishaara,5
2181,আমেরিকা (ইউ এস এ),আমেরিকা (ইউ এস এ),দেশ ও আন্তর্জাতিক,ishaara,5
2182,লন্ডন,লন্ডন,দেশ ও আন্তর্জাতিক,ishaara,5
2183,গণ ভবন,গণ ভবন,দেশ ও আন্তর্জাতিক,ishaara,5
2184,ওয়াশিনটন ডি সি,ওয়াশিনটন ডি সি,দেশ ও আন্তর্জাতিক,ishaara,5
2185,বঙ্গ ভবন,বঙ্গ ভবন,দেশ ও আন্তর্জাতিক,ishaara,5
2186,বাংলাদেশ চীন মৈত্রী সম্মেলন কেন্দ্র,বাংলাদেশ চীন মৈত্রী সম্মেলন কেন্দ্র,দেশ ও আন্তর্জাতিক,ishaara,5
2187,এতিমখানা,এতিমখানা,বিবিধ (সাধারণ),ishaara,5
2188,ভোট কেন্দ্র,ভোট কেন্দ্র,বিবিধ (সাধারণ),ishaara,5
2189,উপজেলা,উপজেলা,বিবিধ (সাধারণ),ishaara,5
2190,ই-মেইল,ই-মেইল,যোগাযোগ ও তথ্য প্রযুক্তি,ishaara,5
2191,বিজ্ঞাপন,বিজ্ঞাপন,যোগাযোগ ও তথ্য প্রযুক্তি,ishaara,5
2192,মিসকল,মিসকল,যোগাযোগ ও তথ্য প্রযুক্তি,ishaara,5
2193,তার (ক্যাবল),তার (ক্যাবল),যোগাযোগ ও তথ্য প্রযুক্তি,ishaara,5
2194,খোঁজ খবর,খোঁজ খবর,যোগাযোগ ও তথ্য প্রযুক্তি,ishaara,5
2195,ক্যাবল (তার),ক্যাবল (তার),যোগাযোগ ও তথ্য প্রযুক্তি,ishaara,5
2196,কম্পিউটার মাউস,কম্পিউটার মাউস,যোগাযোগ ও তথ্য প্রযুক্তি,ishaara,5
2197,কী-বোর্ড,কী-বোর্ড,যোগাযোগ ও তথ্য প্রযুক্তি,ishaara,5
2198,পোষ্ট কার্ড,পোষ্ট কার্ড,যোগাযোগ ও তথ্য প্রযুক্তি,ishaara,5
2199,টাচ স্ক্রিন,টাচ স্ক্রিন,যোগাযোগ ও তথ্য প্রযুক্তি,ishaara,5
2200,ব্রড ব্যান্ড,ব্রড ব্যান্ড,যোগাযোগ ও তথ্য প্রযুক্তি,ishaara,5
2201,চ্যানেল,চ্যানেল,যোগাযোগ ও তথ্য প্রযুক্তি,ishaara,5
2202,পেনড্রাইভ,পেনড্রাইভ,যোগাযোগ ও তথ্য প্রযুক্তি,ishaara,5
2203,নেট,নেট,যোগাযোগ ও তথ্য প্রযুক্তি,ishaara,5
2204,মাইক,মাইক,যোগাযোগ ও তথ্য প্রযুক্তি,ishaara,5
2205,পরাধীন,পরাধীন,সাধারণ প্রশাসন ও সামাজিক,ishaara,5
2206,পরিচালনা,পরিচালনা,সাধারণ প্রশাসন ও সামাজিক,ishaara,5
2207,আয়তন,আয়তন,সাধারণ প্রশাসন ও সামাজিক,ishaara,5
2208,জরিপ,জরিপ,সাধারণ প্রশাসন ও সামাজিক,ishaara,5
2209,সংযুক্ত,সংযুক্ত,সাধারণ প্রশাসন ও সামাজিক,ishaara,5
2210,অভিযোগ,অভিযোগ,সাধারণ প্রশাসন ও সামাজিক,ishaara,5
2211,নীতিমালা,নীতিমালা,সাধারণ প্রশাসন ও সামাজিক,ishaara,5
2212,সোনালী,সোনালী,বিবিধ (সাধারণ),ishaara,5
2213,হার,হার,সাধারণ প্রশাসন ও সামাজিক,ishaara,5
2214,ফাঁকা,ফাঁকা,বিশেষণ ও বর্ণনামূলক শব্দ,ishaara,5
2215,ইউনিফর্ম,ইউনিফর্ম,পোশাক ও ফ্যাশন,ishaara,5
2216,স্বাধীন,স্বাধীন,সাধারণ প্রশাসন ও সামাজিক,ishaara,5
2217,ভাসমান,ভাসমান,সাধারণ প্রশাসন ও সামাজিক,ishaara,5
2218,গাথুনি,গাথুনি,সাধারণ প্রশাসন ও সামাজিক,ishaara,5
2219,কাঠা,কাঠা,সাধারণ প্রশাসন ও সামাজিক,ishaara,5
2220,টিপসই,টিপসই,সাধারণ প্রশাসন ও সামাজিক,ishaara,5
2221,বেগুনি,বেগুনি,রং,ishaara,5
2222,সমিতি,সমিতি,সাধারণ প্রশাসন ও সামাজিক,ishaara,5
2223,সংক্ষেপ,সংক্ষেপ,সাধারণ প্রশাসন ও সামাজিক,ishaara,5
2224,বিদায়,বিদায়,সাধারণ প্রশাসন ও সামাজিক,ishaara,5
2225,ডবল,ডবল,সাধারণ প্রশাসন ও সামাজিক,ishaara,5
2226,টিক চিহ্ন,টিক চিহ্ন,বিবিধ (সাধারণ),ishaara,5
2227,দুই বার,দুই বার,বিবিধ (সাধারণ),ishaara,5
2228,নোটিশ,নোটিশ,সাধারণ প্রশাসন ও সামাজিক,ishaara,5
2229,রং করা,রং করা,সাধারণ প্রশাসন ও সামাজিক,ishaara,5
2230,অর্ধেক,অর্ধেক,সাধারণ প্রশাসন ও সামাজিক,ishaara,5
2231,ইতিহাস,ইতিহাস,সাধারণ প্রশাসন ও সামাজিক,ishaara,5
2232,মৎস্য চাষ,মৎস্য চাষ,শস্য ও কৃষি,ishaara,5
2233,বেসরকারী,বেসরকারী,সাধারণ প্রশাসন ও সামাজিক,ishaara,5
2234,মিলিগ্রাম,মিলিগ্রাম,সাধারণ প্রশাসন ও সামাজিক,ishaara,5
2235,কিলোগ্রাম,কিলোগ্রাম,সাধারণ প্রশাসন ও সামাজিক,ishaara,5
2236,মাধ্যমিক বিদ্যালয়,মাধ্যমিক বিদ্যালয়,শিক্ষা,ishaara,5
2237,হিন্দী,হিন্দী,সাধারণ প্রশাসন ও সামাজিক,ishaara,5
2238,অবস্থান,অবস্থান,সাধারণ প্রশাসন ও সামাজিক,ishaara,5
2239,আধা-সরকারী,আধা-সরকারী,সাধারণ প্রশাসন ও সামাজিক,ishaara,5
2240,জন্ম নিবন্ধন,জন্ম নিবন্ধন,সাধারণ প্রশাসন ও সামাজিক,ishaara,5
2241,বাঁধন,বাঁধন,সাধারণ প্রশাসন ও সামাজিক,ishaara,5
2242,ঘোষণা,ঘোষণা,সাধারণ প্রশাসন ও সামাজিক,ishaara,5
2243,সংরক্ষণ,সংরক্ষণ / সংগ্রহ করে জমা করা,সাধারণ প্রশাসন ও সামাজিক,ishaara,5
2244,চূড়ান্ত,চূড়ান্ত,সাধারণ প্রশাসন ও সামাজিক,ishaara,5
2245,নিবন্ধন,নিবন্ধন,সাধারণ প্রশাসন ও সামাজিক,ishaara,5
2246,অর্থনীতি,অর্থনীতি,আর্থিক ও ব্যবসা,ishaara,5
2247,মানচিত্র,মানচিত্র,সাধারণ প্রশাসন ও সামাজিক,ishaara,5
2248,সাক্ষাৎকার,সাক্ষাৎকার,সাধারণ প্রশাসন ও সামাজিক,ishaara,5
2249,সমর্থন,সমর্থন,সাধারণ প্রশাসন ও সামাজিক,ishaara,5
2250,অনুদান,অনুদান,সাধারণ প্রশাসন ও সামাজিক,ishaara,5
2251,পারদর্শী,পারদর্শী,সাধারণ প্রশাসন ও সামাজিক,ishaara,5
2252,বদলি,বদলি,সাধারণ প্রশাসন ও সামাজিক,ishaara,5
2253,অনুপস্থিত,অনুপস্থিত,সাধারণ প্রশাসন ও সামাজিক,ishaara,5
2254,জ্ঞানী,জ্ঞানী,সাধারণ প্রশাসন ও সামাজিক,ishaara,5
2255,স্থগিত,স্থগিত,সাধারণ প্রশাসন ও সামাজিক,ishaara,5
2256,অসম্ভব,অসম্ভব,সাধারণ প্রশাসন ও সামাজিক,ishaara,5
2257,অনুমোদন,অনুমোদন,সাধারণ প্রশাসন ও সামাজিক,ishaara,5
2258,সিদ্ধান্ত,সিদ্ধান্ত,সাধারণ প্রশাসন ও সামাজিক,ishaara,5
2259,ছাড়াছাড়ি,ছাড়াছাড়ি / ডিভোর্স,সাধারণ প্রশাসন ও সামাজিক,ishaara,5
2260,সাবধান,সাবধান,সাধারণ প্রশাসন ও সামাজিক,ishaara,5
2261,পরিশোধ করা,পরিশোধ করা,সাধারণ প্রশাসন ও সামাজিক,ishaara,5
2262,রংতুলি,রংতুলি,সাধারণ প্রশাসন ও সামাজিক,ishaara,5
2263,আরবী,আরবী,সাধারণ প্রশাসন ও সামাজিক,ishaara,5
2264,এক লাখ,এক লাখ,সাধারণ প্রশাসন ও সামাজিক,ishaara,5
2265,বয়স্ক শিক্ষা,বয়স্ক শিক্ষা,শিক্ষা,ishaara,5
2266,সাক্ষাত,সাক্ষাত,সাধারণ প্রশাসন ও সামাজিক,ishaara,5
2267,নিয়মাবলী,নিয়মাবলী / নিয়মের তালিকা,সাধারণ প্রশাসন ও সামাজিক,ishaara,5
2268,চুক্তি,চুক্তি,সাধারণ প্রশাসন ও সামাজিক,ishaara,5
2269,বেগুনি রং,বেগুনি রং,রং,ishaara,5
2270,এক কোটি,এক কোটি,সাধারণ প্রশাসন ও সামাজিক,ishaara,5
2271,ছোট গল্প,ছোট গল্প,সাধারণ প্রশাসন ও সামাজিক,ishaara,5
2272,নিয়োগ,নিয়োগ,সাধারণ প্রশাসন ও সামাজিক,ishaara,5
2273,ছাপা,ছাপা,সাধারণ প্রশাসন ও সামাজিক,ishaara,5
2274,মিলিলিটার,মিলিলিটার,সাধারণ প্রশাসন ও সামাজিক,ishaara,5
2275,হালকা রং,হালকা রং,রং,ishaara,5
2276,স্বাক্ষর,স্বাক্ষর,সাধারণ প্রশাসন ও সামাজিক,ishaara,5
2277,সমাধান,সমাধান,সাধারণ প্রশাসন ও সামাজিক,ishaara,5
2278,জনগণ,জনগণ,সাধারণ প্রশাসন ও সামাজিক,ishaara,5
2279,নাগরিকত্ব,নাগরিকত্ব,সাধারণ প্রশাসন ও সামাজিক,ishaara,5
2280,মেট্রিকটন,মেট্রিকটন,সাধারণ প্রশাসন ও সামাজিক,ishaara,5
2281,অভিজ্ঞতা,অভিজ্ঞতা,সাধারণ প্রশাসন ও সামাজিক,ishaara,5
2282,সমাজ কল্যাণ,সমাজ কল্যাণ,সাধারণ প্রশাসন ও সামাজিক,ishaara,5
2283,বাধ্যতামূলক,বাধ্যতামূলক,সাধারণ প্রশাসন ও সামাজিক,ishaara,5
2284,ভারপ্রাপ্ত,ভারপ্রাপ্ত / অস্থায়ী দায়িত্ব,সাধারণ প্রশাসন ও সামাজিক,ishaara,10
2285,প্রশিক্ষণার্থী,প্রশিক্ষণার্থী,সাধারণ প্রশাসন ও সামাজিক,ishaara,5
2286,প্রশিক্ষক,প্রশিক্ষক,সাধারণ প্রশাসন ও সামাজিক,ishaara,5
2287,সাংস্কৃতিক,সাংস্কৃতিক,সাধারণ প্রশাসন ও সামাজিক,ishaara,5
2288,মাথা পিছু আয়,মাথা পিছু আয়,সাধারণ প্রশাসন ও সামাজিক,ishaara,5
2289,বৃক্ষ রোপণ,বৃক্ষ রোপণ,শস্য ও কৃষি,ishaara,5
2290,বিশেষ শিক্ষা,বিশেষ শিক্ষা,শিক্ষা,ishaara,5
2291,সময়ানুবর্তিতা,সময়ানুবর্তিতা,সাধারণ প্রশাসন ও সামাজিক,ishaara,5
2292,তদবির করা,তদবির করা,সাধারণ প্রশাসন ও সামাজিক,ishaara,5
2293,পরিদর্শক,পরিদর্শক,সাধারণ প্রশাসন ও সামাজিক,ishaara,5
2294,অসমতা,অসমতা,বিবিধ (সাধারণ),ishaara,5
2295,প্রতিবেদন,প্রতিবেদন,সাধারণ প্রশাসন ও সামাজিক,ishaara,5
2296,তহবিল,তহবিল,সাধারণ প্রশাসন ও সামাজিক,ishaara,5
2297,অদৃশ্য,অদৃশ্য,সাধারণ প্রশাসন ও সামাজিক,ishaara,5
2298,ভাংতি,ভাংতি,সাধারণ প্রশাসন ও সামাজিক,ishaara,5
2299,নাগরিক,নাগরিক,সাধারণ প্রশাসন ও সামাজিক,ishaara,5
2300,পরামর্শ,পরামর্শ,সাধারণ প্রশাসন ও সামাজিক,ishaara,5
2301,ভোটার তালিকা,ভোটার তালিকা,সাধারণ প্রশাসন ও সামাজিক,ishaara,5
2302,লাইব্রেরী সাইন্স,লাইব্রেরী সাইন্স,শিক্ষা,ishaara,5
2303,টাইপিং,টাইপিং,সাধারণ প্রশাসন ও সামাজিক,ishaara,5
2304,আন্তর্জাতিক সম্পর্ক,আন্তর্জাতিক সম্পর্ক,সাধারণ প্রশাসন ও সামাজিক,ishaara,5
2305,ভরণপোষণ,ভরণপোষণ,সাধারণ প্রশাসন ও সামাজিক,ishaara,5
2306,গুরত্ব,গুরত্ব,সাধারণ প্রশাসন ও সামাজিক,ishaara,5
2307,সনাক্ত করণ,সনাক্ত করণ,সাধারণ প্রশাসন ও সামাজিক,ishaara,5
2308,প্রতিষ্ঠাতা,প্রতিষ্ঠাতা,সাধারণ প্রশাসন ও সামাজিক,ishaara,5
2309,শতকরা,শতকরা,সাধারণ প্রশাসন ও সামাজিক,ishaara,5
2310,পৌরসভা,পৌরসভা,সাধারণ প্রশাসন ও সামাজিক,ishaara,5
2311,জিডিপি,জিডিপি,সাধারণ প্রশাসন ও সামাজিক,ishaara,5
2312,কর্মকর্তা,কর্মকর্তা,সাধারণ প্রশাসন ও সামাজিক,ishaara,5
2313,সংস্থা,সংস্থা,সাধারণ প্রশাসন ও সামাজিক,ishaara,5
2314,পরিদর্শন,পরিদর্শন,সাধারণ প্রশাসন ও সামাজিক,ishaara,5
2315,স্বীকৃতি,স্বীকৃতি,সাধারণ প্রশাসন ও সামাজিক,ishaara,5
2316,ইস্যু (বিষয়),ইস্যু (বিষয়),সাধারণ প্রশাসন ও সামাজিক,ishaara,5
2317,স্কেল,স্কেল,সাধারণ প্রশাসন ও সামাজিক,ishaara,5
2318,প্রতিদ্বন্দ্বী,প্রতিদ্বন্দ্বী,সাধারণ প্রশাসন ও সামাজিক,ishaara,5
2319,গেস্ট রুম,গেস্ট রুম,সাধারণ প্রশাসন ও সামাজিক,ishaara,5
2320,সংকোচন,সংকোচন,সাধারণ প্রশাসন ও সামাজিক,ishaara,5
2321,হস্তান্তর,হস্তান্তর,সাধারণ প্রশাসন ও সামাজিক,ishaara,5
2322,রেজিস্ট্রেশন (নিবন্ধন),রেজিস্ট্রেশন (নিবন্ধন),সাধারণ প্রশাসন ও সামাজিক,ishaara,5
2323,খন্ড,খন্ড,সাধারণ প্রশাসন ও সামাজিক,ishaara,5
2324,সাংসদ (এমপি),সাংসদ (এমপি),সাধারণ প্রশাসন ও সামাজিক,ishaara,5
2325,ব্যানার,ব্যানার,সাধারণ প্রশাসন ও সামাজিক,ishaara,5
2326,কাটা কম্পাস,কাটা কম্পাস,সাধারণ প্রশাসন ও সামাজিক,ishaara,5
2327,ঊর্ধ্বতন,ঊর্ধ্বতন,সাধারণ প্রশাসন ও সামাজিক,ishaara,5
2328,কারিগরী শিক্ষা,কারিগরী শিক্ষা,শিক্ষা,ishaara,5
2329,বোর্ড পিন,বোর্ড পিন,সাধারণ প্রশাসন ও সামাজিক,ishaara,5
2330,লাইব্রেরী কার্ড,লাইব্রেরী কার্ড,শিক্ষা,ishaara,5
2331,নিয়োগপত্র,নিয়োগপত্র,শিক্ষা,ishaara,5
2332,কুচকাওয়াজ,কুচকাওয়াজ,সাধারণ প্রশাসন ও সামাজিক,ishaara,5
2333,অসম্মান,অসম্মান,সাধারণ প্রশাসন ও সামাজিক,ishaara,5
2334,পেপার ওয়েট,পেপার ওয়েট,সাধারণ প্রশাসন ও সামাজিক,ishaara,5
2335,দন্ত চিকিৎসা বিজ্ঞান,দন্ত চিকিৎসা বিজ্ঞান,সাধারণ প্রশাসন ও সামাজিক,ishaara,5
2336,শতাংশ,শতাংশ,সাধারণ প্রশাসন ও সামাজিক,ishaara,5
2337,রক্ষণাবেক্ষণ,রক্ষণাবেক্ষণ,সাধারণ প্রশাসন ও সামাজিক,ishaara,5
2338,বেতন স্কেল,বেতন স্কেল,সাধারণ প্রশাসন ও সামাজিক,ishaara,5
2339,শার্পনার,শার্পনার,সাধারণ প্রশাসন ও সামাজিক,ishaara,5
2340,মানবিক (বিভাগ),মানবিক (বিভাগ),সাধারণ প্রশাসন ও সামাজিক,ishaara,5
2341,সম্পত্তি,সম্পত্তি,সাধারণ প্রশাসন ও সামাজিক,ishaara,5
2342,ফোল্ডার,ফোল্ডার,সাধারণ প্রশাসন ও সামাজিক,ishaara,5
2343,ভূগোল,ভূগোল,সাধারণ প্রশাসন ও সামাজিক,ishaara,5
2344,সম্প্রতি,সম্প্রতি,সাধারণ প্রশাসন ও সামাজিক,ishaara,5
2345,বাজেট,বাজেট,সাধারণ প্রশাসন ও সামাজিক,ishaara,5
2346,অনুপাত,অনুপাত,সাধারণ প্রশাসন ও সামাজিক,ishaara,5
2347,আঁকা ছবি,আঁকা ছবি,সাধারণ প্রশাসন ও সামাজিক,ishaara,5
2348,শিক্ষিত,শিক্ষিত,সাধারণ প্রশাসন ও সামাজিক,ishaara,5
2349,এক্যবদ্ধ,এক্যবদ্ধ,সাধারণ প্রশাসন ও সামাজিক,ishaara,5
2350,চতুর্ভুজ,চতুর্ভুজ,সাধারণ প্রশাসন ও সামাজিক,ishaara,5
2351,সহজলভ্য,সহজলভ্য,সাধারণ প্রশাসন ও সামাজিক,ishaara,5
2352,গাঢ় রং,গাঢ় রং,সাধারণ প্রশাসন ও সামাজিক,ishaara,5
2353,গ্রাম সরকার,গ্রাম সরকার,সাধারণ প্রশাসন ও সামাজিক,ishaara,5
2354,মুখস্ত,মুখস্ত,সাধারণ প্রশাসন ও সামাজিক,ishaara,5
2355,ছাড়পত্র,ছাড়পত্র,সাধারণ প্রশাসন ও সামাজিক,ishaara,5
2356,বাঙ্গালী,বাঙ্গালী,সাধারণ প্রশাসন ও সামাজিক,ishaara,5
2357,প্রদর্শনী,প্রদর্শনী,সাধারণ প্রশাসন ও সামাজিক,ishaara,5
2358,নিরীক্ষা (অডিট),নিরীক্ষা (অডিট),সাধারণ প্রশাসন ও সামাজিক,ishaara,5
2359,স্বাক্ষরতা,স্বাক্ষরতা,সাধারণ প্রশাসন ও সামাজিক,ishaara,5
2360,মাতৃভাষা,মাতৃভাষা,সাধারণ প্রশাসন ও সামাজিক,ishaara,5
2361,রাণী (কুইন),রাণী (কুইন),সাধারণ প্রশাসন ও সামাজিক,ishaara,5
2362,দোভাষী,দোভাষী,সাধারণ প্রশাসন ও সামাজিক,ishaara,5
2363,পররাষ্ট্র,পররাষ্ট্র,সাধারণ প্রশাসন ও সামাজিক,ishaara,5
2364,ডেনমার্ক,ডেনমার্ক,দেশ ও আন্তর্জাতিক,ishaara,5
2365,মালদ্বীপ,মালদ্বীপ,দেশ ও আন্তর্জাতিক,ishaara,5
2366,আন্তর্জাতিক,আন্তর্জাতিক,দেশ ও আন্তর্জাতিক,ishaara,5
2367,বিশ্ব ব্যাংক,বিশ্ব ব্যাংক,দেশ ও আন্তর্জাতিক,ishaara,5
2368,কানাডা,কানাডা,দেশ ও আন্তর্জাতিক,ishaara,5
2369,ফিনল্যান্ড,ফিনল্যান্ড,দেশ ও আন্তর্জাতিক,ishaara,5
2370,সুইডেন,সুইডেন,দেশ ও আন্তর্জাতিক,ishaara,5
2371,ব্রাজিল,ব্রাজিল,দেশ ও আন্তর্জাতিক,ishaara,5
2372,গ্রীস,গ্রীস,দেশ ও আন্তর্জাতিক,ishaara,5
2373,নরওয়ে,নরওয়ে,দেশ ও আন্তর্জাতিক,ishaara,5
2374,চায়নিজ,চায়নিজ,দেশ ও আন্তর্জাতিক,ishaara,5
2375,ভুটান,ভুটান,দেশ ও আন্তর্জাতিক,ishaara,5
2376,পাকিস্তান,পাকিস্তান,দেশ ও আন্তর্জাতিক,ishaara,5
2377,আফ্রিকা,আফ্রিকা,দেশ ও আন্তর্জাতিক,ishaara,5
2378,কোরিয়া,কোরিয়া,দেশ ও আন্তর্জাতিক,ishaara,5
2379,ব্রিটিশ পাউণ্ড,ব্রিটিশ পাউণ্ড,বিবিধ (সাধারণ),ishaara,5
2380,জাতিসংঘ,জাতিসংঘ,দেশ ও আন্তর্জাতিক,ishaara,5
2381,ইরাক,ইরাক,দেশ ও আন্তর্জাতিক,ishaara,5
2382,তুরস্ক,তুরস্ক,দেশ ও আন্তর্জাতিক,ishaara,5
2383,ফরাসী,ফরাসী,দেশ ও আন্তর্জাতিক,ishaara,5
2384,ফিলিপাইন,ফিলিপাইন,দেশ ও আন্তর্জাতিক,ishaara,5
2385,আফগানিস্তান,আফগানিস্তান,দেশ ও আন্তর্জাতিক,ishaara,5
2386,কাতার,কাতার,দেশ ও আন্তর্জাতিক,ishaara,5
2387,দিল্লী,দিল্লী,দেশ ও আন্তর্জাতিক,ishaara,5
2388,নিউজিল্যান্ড,নিউজিল্যান্ড,দেশ ও আন্তর্জাতিক,ishaara,5
2389,জিম্বাবুয়ে,জিম্বাবুয়ে,দেশ ও আন্তর্জাতিক,ishaara,5
2390,মায়ানমার,মায়ানমার,দেশ ও আন্তর্জাতিক,ishaara,5
2391,মেক্সিকো,মেক্সিকো,দেশ ও আন্তর্জাতিক,ishaara,5
2392,আর্জেন্টিনা,আর্জেন্টিনা,দেশ ও আন্তর্জাতিক,ishaara,5
2393,কলকাতা,কলকাতা,দেশ ও আন্তর্জাতিক,ishaara,5
2394,মালয়শিয়া,মালয়শিয়া,দেশ ও আন্তর্জাতিক,ishaara,5
2395,ফ্রান্স,ফ্রান্স,দেশ ও আন্তর্জাতিক,ishaara,5
2396,হল্যান্ড,হল্যান্ড,দেশ ও আন্তর্জাতিক,ishaara,5
2397,বেলজিয়াম,বেলজিয়াম,দেশ ও আন্তর্জাতিক,ishaara,5
2398,ইউরোপ,ইউরোপ,দেশ ও আন্তর্জাতিক,ishaara,5
2399,জাপান,জাপান,দেশ ও আন্তর্জাতিক,ishaara,5
2400,স্পেন,স্পেন,দেশ ও আন্তর্জাতিক,ishaara,5
2401,শ্রীলংকা,শ্রীলংকা,দেশ ও আন্তর্জাতিক,ishaara,5
2402,ইতালি,ইতালি,দেশ ও আন্তর্জাতিক,ishaara,5
2403,থাইল্যান্ড,থাইল্যান্ড,দেশ ও আন্তর্জাতিক,ishaara,5
2404,জার্মানি,জার্মানি,দেশ ও আন্তর্জাতিক,ishaara,5
2405,কুয়েত,কুয়েত,দেশ ও আন্তর্জাতিক,ishaara,5
2406,নেপাল,নেপাল,দেশ ও আন্তর্জাতিক,ishaara,5
2407,নিউইয়র্ক,নিউইয়র্ক,দেশ ও আন্তর্জাতিক,ishaara,5
2408,সৌদি আরব,সৌদি আরব,দেশ ও আন্তর্জাতিক,ishaara,5
2409,সিঙ্গাপুর,সিঙ্গাপুর,দেশ ও আন্তর্জাতিক,ishaara,5
2410,দূতাবাস,দূতাবাস,দেশ ও আন্তর্জাতিক,ishaara,5
2411,ইরান,ইরান,দেশ ও আন্তর্জাতিক,ishaara,5
2412,সুইজারল্যান্ড,সুইজারল্যান্ড,দেশ ও আন্তর্জাতিক,ishaara,5
2413,রাশিয়া,রাশিয়া,দেশ ও আন্তর্জাতিক,ishaara,5
2414,চীন,চীন,দেশ ও আন্তর্জাতিক,ishaara,5
2415,তাইওয়ান,তাইওয়ান,দেশ ও আন্তর্জাতিক,ishaara,5
2416,ইসরাঈল,ইসরাঈল,দেশ ও আন্তর্জাতিক,ishaara,5
2417,ইউ এস ডলার,ইউ এস ডলার,বিবিধ (সাধারণ),ishaara,5
2418,হংকং,হংকং,দেশ ও আন্তর্জাতিক,ishaara,5
2419,এশিয়া,এশিয়া,দেশ ও আন্তর্জাতিক,ishaara,5
2420,বরফ,বরফ,প্রকৃতি ও পরিবেশ,ishaara,5
2421,ধূলা,ধূলা,প্রকৃতি ও পরিবেশ,ishaara,5
2422,কাদামাটি,কাদামাটি,প্রকৃতি ও পরিবেশ,ishaara,5
2423,বন্যা,বন্যা,প্রকৃতি ও পরিবেশ,ishaara,5
2424,কুয়াশা,কুয়াশা,প্রকৃতি ও পরিবেশ,ishaara,5
2425,বাঁশ,বাঁশ,প্রকৃতি ও পরিবেশ,ishaara,5
2426,তুলা,তুলা,প্রকৃতি ও পরিবেশ,ishaara,5
2427,মৌচাক,মৌচাক,প্রকৃতি ও পরিবেশ,ishaara,5
2428,উত্তর,উত্তর,বিবিধ (সাধারণ),ishaara,5
2429,কাঁটা,কাঁটা,প্রকৃতি ও পরিবেশ,ishaara,5
2430,আগাছা,আগাছা,প্রকৃতি ও পরিবেশ,ishaara,5
2431,ডাস্টবিন,ডাস্টবিন,প্রকৃতি ও পরিবেশ,ishaara,5
2432,সূর্যমুখী ফুল,সূর্যমুখী ফুল,প্রকৃতি ও পরিবেশ,ishaara,5
2433,ঘাস ফুল,ঘাস ফুল,প্রকৃতি ও পরিবেশ,ishaara,5
2434,মেঘ,মেঘ,প্রকৃতি ও পরিবেশ,ishaara,5
2435,দক্ষিণ (দিক),দক্ষিণ (দিক),প্রকৃতি ও পরিবেশ,ishaara,5
2436,মেলামেশা,মেলামেশা,প্রকৃতি ও পরিবেশ,ishaara,5
2437,শাপলা ফুল,শাপলা ফুল,প্রকৃতি ও পরিবেশ,ishaara,5
2438,পূর্ব (দিক),পূর্ব (দিক),প্রকৃতি ও পরিবেশ,ishaara,5
2439,যমুনা নদী,যমুনা নদী,প্রকৃতি ও পরিবেশ,ishaara,5
2440,ধানের শীষ,ধানের শীষ,প্রকৃতি ও পরিবেশ,ishaara,5
2441,ডালপালা,ডালপালা,প্রকৃতি ও পরিবেশ,ishaara,5
2442,তুষার,তুষার,প্রকৃতি ও পরিবেশ,ishaara,5
2443,পরিবেশ,পরিবেশ,প্রকৃতি ও পরিবেশ,ishaara,5
2444,চা বাগান,চা বাগান,প্রকৃতি ও পরিবেশ,ishaara,5
2445,অন্ধকার,অন্ধকার,প্রকৃতি ও পরিবেশ,ishaara,5
2446,কয়লা,কয়লা,প্রকৃতি ও পরিবেশ,ishaara,5
2447,শৈত প্রবাহ,শৈত প্রবাহ,প্রকৃতি ও পরিবেশ,ishaara,5
2448,লাভা,লাভা,প্রকৃতি ও পরিবেশ,ishaara,5
2449,আর্সেনিক,আর্সেনিক,প্রকৃতি ও পরিবেশ,ishaara,5
2450,শুষ্কতা,শুষ্কতা,প্রকৃতি ও পরিবেশ,ishaara,5
2451,মুক্তা,মুক্তা,প্রকৃতি ও পরিবেশ,ishaara,5
2452,স্রোত,স্রোত,প্রকৃতি ও পরিবেশ,ishaara,5
2453,ঝিনুক,ঝিনুক,প্রকৃতি ও পরিবেশ,ishaara,5
2454,জলোচ্ছাস,জলোচ্ছাস,প্রকৃতি ও পরিবেশ,ishaara,5
2455,দুর্যোগ,দুর্যোগ,প্রকৃতি ও পরিবেশ,ishaara,5
2456,মানুষের ছায়া,মানুষের ছায়া,প্রকৃতি ও পরিবেশ,ishaara,5
2457,বজ্রপাত,বজ্রপাত,প্রকৃতি ও পরিবেশ,ishaara,5
2458,বিজলী চমকানো,বিজলী চমকানো,প্রকৃতি ও পরিবেশ,ishaara,5
2459,তুলসী গাছ,তুলসী গাছ,প্রকৃতি ও পরিবেশ,ishaara,5
2460,দুষন,দুষন,প্রকৃতি ও পরিবেশ,ishaara,5
2461,ভাতা,ভাতা,সাধারণ প্রশাসন ও সামাজিক,ishaara,5
2462,ফাঁক,ফাঁক,ক্রিয়া ও অবস্থা,ishaara,5
2463,অবহেলা,অবহেলা,বিবিধ (সাধারণ),ishaara,5
2464,কিল,কিল,ক্রিয়া ও অবস্থা,ishaara,5
2465,অবনতি,অবনতি,বিবিধ (সাধারণ),ishaara,5
2466,ভেজা,ভেজা,ক্রিয়া ও অবস্থা,ishaara,5
2467,পতাকা,পতাকা,সাধারণ প্রশাসন ও সামাজিক,ishaara,5
2468,ধরা,ধরা,ক্রিয়া ও অবস্থা,ishaara,5
2469,দানব,দানব,ক্রিয়া ও অবস্থা,ishaara,5
2470,ব্রাহ্মণবাড়িয়া,ব্রাহ্মণবাড়িয়া,বাংলাদেশের স্থান,ishaara,5
2471,নিচু,নিচু,বিবিধ (সাধারণ),ishaara,5
2472,আদর,আদর,ক্রিয়া ও অবস্থা,ishaara,5
2473,ঢেকে রাখা,ঢেকে রাখা,ক্রিয়া ও অবস্থা,ishaara,5
2474,ভিতরে,ভিতরে,ক্রিয়া ও অবস্থা,ishaara,5
2475,সুবিধা,সুবিধা,বিবিধ (সাধারণ),ishaara,5
2476,শুনা,শুনা,ক্রিয়া ও অবস্থা,ishaara,5
2477,সুযোগ,সুযোগ,ক্রিয়া ও অবস্থা,ishaara,5
2478,সাতক্ষীরা,সাতক্ষীরা,বাংলাদেশের স্থান,ishaara,5
2479,মত,মত,বিবিধ (সাধারণ),ishaara,5
2480,মালিশ,মালিশ,ক্রিয়া ও অবস্থা,ishaara,5
2481,নীলফামারী,নীলফামারী,বাংলাদেশের স্থান,ishaara,5
2482,অটুট,অটুট,ক্রিয়া ও অবস্থা,ishaara,5
2483,কড়া,কড়া,ক্রিয়া ও অবস্থা,ishaara,5
2484,শিরোনাম,শিরোনাম,বিবিধ (সাধারণ),ishaara,5
2485,ভালোবাসা,ভালোবাসা,"আবেগ, অনুভূতি ও মানসিক অবস্থা",ishaara,5
2486,মেরামত,মেরামত,ক্রিয়া ও অবস্থা,ishaara,5
2487,নরম,নরম,ক্রিয়া ও অবস্থা,ishaara,5
2488,ঢোল,ঢোল,সংগীত ও সংস্কৃতি,ishaara,5
2489,গুদাম,গুদাম,বিবিধ (সাধারণ),ishaara,5
2490,ফসকানো,ফসকানো,ক্রিয়া ও অবস্থা,ishaara,5
2491,ভয়ঙ্কর,ভয়ঙ্কর,বিবিধ (সাধারণ),ishaara,5
2492,আবছা,আবছা,ক্রিয়া ও অবস্থা,ishaara,5
2493,কচি,কচি,বিবিধ (সাধারণ),ishaara,5
2494,আড়াল,আড়াল,ক্রিয়া ও অবস্থা,ishaara,5
2495,নিশ্চিত,নিশ্চিত,ক্রিয়া ও অবস্থা,ishaara,5
2496,টেকসই,টেকসই,বিবিধ (সাধারণ),ishaara,5
2497,কামড়,কামড়,ক্রিয়া ও অবস্থা,ishaara,5
2498,নত,নত,ক্রিয়া ও অবস্থা,ishaara,5
2499,নিভানো,নিভানো,ক্রিয়া ও অবস্থা,ishaara,5
2500,অভিযান,অভিযান,ক্রিয়া ও অবস্থা,ishaara,5
2501,পথচারি,পথচারি,বিবিধ (সাধারণ),ishaara,5
2502,নোয়ানো,নোয়ানো,ক্রিয়া ও অবস্থা,ishaara,5
2503,না,না,সর্বনাম ও সাধারণ কথ্য শব্দ,ishaara,5
2504,সাজানো,সাজানো,ক্রিয়া ও অবস্থা,ishaara,5
2505,শোয়া,শোয়া,ক্রিয়া ও অবস্থা,ishaara,5
2506,মূর্তি,মূর্তি,বিবিধ (সাধারণ),ishaara,5
2507,চুপ,চুপ,ক্রিয়া ও অবস্থা,ishaara,5
2508,সু-প্রভাত,সু-প্রভাত,ক্রিয়া ও অবস্থা,ishaara,5
2509,একাকী,একাকী,ক্রিয়া ও অবস্থা,ishaara,5
2510,ফরিদপুর,ফরিদপুর,বাংলাদেশের স্থান,ishaara,5
2511,উলঙ্গ,উলঙ্গ,ক্রিয়া ও অবস্থা,ishaara,5
2512,এতিম,এতিম,ক্রিয়া ও অবস্থা,ishaara,5
2513,অবহেলিত,অবহেলিত,ক্রিয়া ও অবস্থা,ishaara,5
2514,ফোয়ারা,ফোয়ারা,ক্রিয়া ও অবস্থা,ishaara,5
2515,শীর্ষ,শীর্ষ,ক্রিয়া ও অবস্থা,ishaara,5
2516,উত্তোলন,উত্তোলন,ক্রিয়া ও অবস্থা,ishaara,5
2517,চাপ,চাপ,ক্রিয়া ও অবস্থা,ishaara,5
2518,খালি,খালি,ক্রিয়া ও অবস্থা,ishaara,5
2519,জবাব,জবাব,ক্রিয়া ও অবস্থা,ishaara,5
2520,গরম,গরম,ক্রিয়া ও অবস্থা,ishaara,5
2521,ভাসা,ভাসা,ক্রিয়া ও অবস্থা,ishaara,5
2522,ঝুলানো,ঝুলানো,ক্রিয়া ও অবস্থা,ishaara,5
2523,ঢালা,ঢালা,ক্রিয়া ও অবস্থা,ishaara,5
2524,খারাপ,খারাপ,ক্রিয়া ও অবস্থা,ishaara,5
2525,দূরত্ব,দূরত্ব,ক্রিয়া ও অবস্থা,ishaara,5
2526,গন্ধ,গন্ধ,ক্রিয়া ও অবস্থা,ishaara,5
2527,ফেনী,ফেনী,বাংলাদেশের স্থান,ishaara,5
2528,সিদ্ধ,সিদ্ধ,ক্রিয়া ও অবস্থা,ishaara,5
2529,বস্তি,বস্তি,ক্রিয়া ও অবস্থা,ishaara,5
2530,ছেঁড়া,ছেঁড়া,ক্রিয়া ও অবস্থা,ishaara,5
2531,সেলাই,সেলাই,ক্রিয়া ও অবস্থা,ishaara,5
2532,ভাপ,ভাপ,ক্রিয়া ও অবস্থা,ishaara,5
2533,তাড়ানো,তাড়ানো,ক্রিয়া ও অবস্থা,ishaara,5
2534,ভরাট,ভরাট,ক্রিয়া ও অবস্থা,ishaara,5
2535,স্বাদ,স্বাদ,ক্রিয়া ও অবস্থা,ishaara,5
2536,কর্তব্য,কর্তব্য,বিবিধ (সাধারণ),ishaara,5
2537,শুধুমাত্র,শুধুমাত্র,ক্রিয়া ও অবস্থা,ishaara,5
2538,পিয়ানো,পিয়ানো,ক্রিয়া ও অবস্থা,ishaara,5
2539,ঘষা,ঘষা,ক্রিয়া ও অবস্থা,ishaara,5
2540,সৌভাগ্য,সৌভাগ্য,ক্রিয়া ও অবস্থা,ishaara,5
2541,টানাটানি,টানাটানি,ক্রিয়া ও অবস্থা,ishaara,5
2542,নরসিংদী,নরসিংদী,বাংলাদেশের স্থান,ishaara,5
2543,দৌড়ানো,দৌড়ানো,ক্রিয়া ও অবস্থা,ishaara,5
2544,পৌছানো,পৌছানো,ক্রিয়া ও অবস্থা,ishaara,5
2545,ধস,ধস,ক্রিয়া ও অবস্থা,ishaara,5
2546,গলানো,গলানো,ক্রিয়া ও অবস্থা,ishaara,5
2547,সমগ্র,সমগ্র,ক্রিয়া ও অবস্থা,ishaara,5
2548,পকেট,পকেট,বিবিধ (সাধারণ),ishaara,5
2549,কথাবার্তা,কথাবার্তা,ক্রিয়া ও অবস্থা,ishaara,5
2550,গোপন,গোপন / গুপ্ত,ক্রিয়া ও অবস্থা,ishaara,10
2551,দাঁত মাজা,দাঁত মাজা,ক্রিয়া ও অবস্থা,ishaara,5
2552,খোঁজ করা,খোঁজ করা,ক্রিয়া ও অবস্থা,ishaara,5
2553,লুকিয়ে রাখা,লুকিয়ে রাখা,ক্রিয়া ও অবস্থা,ishaara,5
2554,বোঝা,বোঝা,ক্রিয়া ও অবস্থা,ishaara,5
2555,থুথু ফেলা,থুথু ফেলা,ক্রিয়া ও অবস্থা,ishaara,5
2556,পাকা রাস্তা,পাকা রাস্তা,বিবিধ (সাধারণ),ishaara,5
2557,কাঁখে,কাঁখে,ক্রিয়া ও অবস্থা,ishaara,5
2558,চুমু,চুমু,ক্রিয়া ও অবস্থা,ishaara,5
2559,মাটির ঘর,মাটির ঘর,বিবিধ (সাধারণ),ishaara,5
2560,বইয়ের দোকান,বইয়ের দোকান,ক্রিয়া ও অবস্থা,ishaara,5
2561,কাটা দাগ,কাটা দাগ,ক্রিয়া ও অবস্থা,ishaara,5
2562,ঘাম,ঘাম,ক্রিয়া ও অবস্থা,ishaara,5
2563,টক,টক,ক্রিয়া ও অবস্থা,ishaara,5
2564,যাও (অনুরোধ),যাও (অনুরোধ),সর্বনাম ও সাধারণ কথ্য শব্দ,ishaara,5
2565,ভিক্ষুক,ভিক্ষুক,ক্রিয়া ও অবস্থা,ishaara,5
2566,গোবর,গোবর,প্রকৃতি ও পরিবেশ,ishaara,5
2567,লক্ষ্মীপুর,লক্ষ্মীপুর,বাংলাদেশের স্থান,ishaara,5
2568,জামালপুর,জামালপুর,বাংলাদেশের স্থান,ishaara,5
2569,নেত্রকোনা,নেত্রকোনা,বাংলাদেশের স্থান,ishaara,5
2570,মাগুরা,মাগুরা,বাংলাদেশের স্থান,ishaara,5
2571,সুনামগঞ্জ,সুনামগঞ্জ,বাংলাদেশের স্থান,ishaara,5
2572,পিরোজপুর,পিরোজপুর,বাংলাদেশের স্থান,ishaara,5
2573,লালমনিরহাট,লালমনিরহাট,বাংলাদেশের স্থান,ishaara,5
2574,ময়মনসিংহ,ময়মনসিংহ,বাংলাদেশের স্থান,ishaara,5
2575,আজেবাজে কথা,আজেবাজে কথা,ক্রিয়া ও অবস্থা,ishaara,5
2576,জিতে যাওয়া,জিতে যাওয়া,ক্রিয়া ও অবস্থা,ishaara,5
2577,নড়াইল,নড়াইল,বাংলাদেশের স্থান,ishaara,5
2578,তৃষ্ণা,তৃষ্ণা,বিবিধ (সাধারণ),ishaara,5
2579,অংশ,অংশ,ক্রিয়া ও অবস্থা,ishaara,5
2580,শীত লাগা,শীত লাগা,ক্রিয়া ও অবস্থা,ishaara,5
2581,উপরে উঠা,উপরে উঠা,ক্রিয়া ও অবস্থা,ishaara,5
2582,নাটোর,নাটোর,বাংলাদেশের স্থান,ishaara,5
2583,খুলনা বিভাগ,খুলনা বিভাগ,বাংলাদেশের স্থান,ishaara,5
2584,দিনাজপুর,দিনাজপুর,বাংলাদেশের স্থান,ishaara,5
2585,বরগুনা,বরগুনা,বাংলাদেশের স্থান,ishaara,5
2586,টা টা,টা টা,সর্বনাম ও সাধারণ কথ্য শব্দ,ishaara,5
2587,ডুব দেয়া,ডুব দেয়া,ক্রিয়া ও অবস্থা,ishaara,5
2588,মৌলভীবাজার,মৌলভীবাজার,বাংলাদেশের স্থান,ishaara,5
2589,একটানা,একটানা,ক্রিয়া ও অবস্থা,ishaara,5
2590,ভাজা,ভাজা,ক্রিয়া ও অবস্থা,ishaara,5
2591,রোদ পোহানো,রোদ পোহানো,ক্রিয়া ও অবস্থা,ishaara,5
2592,ঝোল (Curry sauce),ঝোল (Curry sauce),ক্রিয়া ও অবস্থা,ishaara,5
2593,পাবনা,পাবনা,বাংলাদেশের স্থান,ishaara,5
2594,রক্ষা করা,রক্ষা করা,ক্রিয়া ও অবস্থা,ishaara,5
2595,রাঙামাটি,রাঙামাটি,বাংলাদেশের স্থান,ishaara,5
2596,কুলি করা,কুলি করা,ক্রিয়া ও অবস্থা,ishaara,5
2597,যশোর,যশোর,বাংলাদেশের স্থান,ishaara,5
2598,উঁচু নিচু,উঁচু নিচু,ক্রিয়া ও অবস্থা,ishaara,5
2599,গিলে ফেলা,গিলে ফেলা,ক্রিয়া ও অবস্থা,ishaara,5
2600,মানিকগঞ্জ,মানিকগঞ্জ,বাংলাদেশের স্থান,ishaara,5
2601,বাসস্থান,বাসস্থান,ক্রিয়া ও অবস্থা,ishaara,5
2602,চেনা,চেনা,ক্রিয়া ও অবস্থা,ishaara,5
2603,বান্দরবান,বান্দরবান,বাংলাদেশের স্থান,ishaara,5
2604,ঝালকাঠি,ঝালকাঠি,ক্রিয়া ও অবস্থা,ishaara,5
2605,পেট ভরা,পেট ভরা,ক্রিয়া ও অবস্থা,ishaara,5
2606,ময়মনসিংহ বিভাগ,ময়মনসিংহ বিভাগ,ক্রিয়া ও অবস্থা,ishaara,5
2607,কাড়াকাড়ি,কাড়াকাড়ি,ক্রিয়া ও অবস্থা,ishaara,5
2608,ফুটানো,ফুটানো,ক্রিয়া ও অবস্থা,ishaara,5
2609,খামচি,খামচি,ক্রিয়া ও অবস্থা,ishaara,5
2610,ফাঁকি দেয়া,ফাঁকি দেয়া,ক্রিয়া ও অবস্থা,ishaara,5
2611,ঢালু,ঢালু,ক্রিয়া ও অবস্থা,ishaara,5
2612,বরিশাল বিভাগ,বরিশাল বিভাগ,ক্রিয়া ও অবস্থা,ishaara,5
2613,চাপ দেওয়া,চাপ দেওয়া,ক্রিয়া ও অবস্থা,ishaara,5
2614,শক্ত,শক্ত,ক্রিয়া ও অবস্থা,ishaara,5
2615,অশ্রু,অশ্রু,ক্রিয়া ও অবস্থা,ishaara,5
2616,লাফ দেওয়া,লাফ দেওয়া,ক্রিয়া ও অবস্থা,ishaara,5
2617,কু-কথা,কু-কথা,বিবিধ (সাধারণ),ishaara,5
2618,ঝামেলা,ঝামেলা,ক্রিয়া ও অবস্থা,ishaara,5
2619,বেড়ে উঠা,বেড়ে উঠা,ক্রিয়া ও অবস্থা,ishaara,5
2620,নঁওগা,নঁওগা,ক্রিয়া ও অবস্থা,ishaara,5
2621,অভ্যাস,অভ্যাস,ক্রিয়া ও অবস্থা,ishaara,5
2622,ছিদ্র,ছিদ্র,ক্রিয়া ও অবস্থা,ishaara,5
2623,রাজী,রাজী,ক্রিয়া ও অবস্থা,ishaara,5
2624,কুড়িগ্রাম,কুড়িগ্রাম,বাংলাদেশের স্থান,ishaara,5
2625,তাকাও,তাকাও,ক্রিয়া ও অবস্থা,ishaara,5
2626,শেরপুর,শেরপুর,ক্রিয়া ও অবস্থা,ishaara,5
2627,কয়টা বাজে,কয়টা বাজে,বিবিধ (সাধারণ),ishaara,5
2628,খাগড়াছড়ি,খাগড়াছড়ি,বাংলাদেশের স্থান,ishaara,5
2629,মুন্সিগঞ্জ,মুন্সিগঞ্জ,বাংলাদেশের স্থান,ishaara,5
2630,জয়পুরহাট,জয়পুরহাট,বাংলাদেশের স্থান,ishaara,5
2631,ভাংচুর,ভাংচুর,ক্রিয়া ও অবস্থা,ishaara,5
2632,হবিগঞ্জ,হবিগঞ্জ,বাংলাদেশের স্থান,ishaara,5
2633,মেনে নেয়া,মেনে নেয়া,ক্রিয়া ও অবস্থা,ishaara,5
2634,ধার করা,ধার করা,ক্রিয়া ও অবস্থা,ishaara,5
2635,চমকানো,চমকানো,ক্রিয়া ও অবস্থা,ishaara,5
2636,দয়া করে,দয়া করে,ক্রিয়া ও অবস্থা,ishaara,5
2637,তামাক,তামাক,ক্রিয়া ও অবস্থা,ishaara,5
2638,ফু দেয়া,ফু দেয়া,ক্রিয়া ও অবস্থা,ishaara,5
2639,লাশ,লাশ,ক্রিয়া ও অবস্থা,ishaara,5
2640,কুঁড়ে ঘর,কুঁড়ে ঘর,বিবিধ (সাধারণ),ishaara,5
2641,কুমিল্লা,কুমিল্লা,বাংলাদেশের স্থান,ishaara,5
2642,ছুটাছুটি,ছুটাছুটি,ক্রিয়া ও অবস্থা,ishaara,5
2643,আড়চোখ,আড়চোখ,ক্রিয়া ও অবস্থা,ishaara,5
2644,বন্ধ করা,বন্ধ করা,ক্রিয়া ও অবস্থা,ishaara,5
2645,গলা ধাক্কা,গলা ধাক্কা,ক্রিয়া ও অবস্থা,ishaara,5
2646,রক্তাক্ত,রক্তাক্ত,ক্রিয়া ও অবস্থা,ishaara,5
2647,ঠাকুরগাঁ,ঠাকুরগাঁ,বাংলাদেশের স্থান,ishaara,5
2648,পঞ্চগড়,পঞ্চগড়,বাংলাদেশের স্থান,ishaara,5
2649,অসৎ মানুষ,অসৎ মানুষ,চরিত্র ও গুণাবলী,ishaara,5
2650,ইটের ভাটা,ইটের ভাটা,বিবিধ (সাধারণ),ishaara,5
2651,ফুলের তোড়া,ফুলের তোড়া,বিবিধ (সাধারণ),ishaara,5
2652,গোপালগঞ্জ,গোপালগঞ্জ,বাংলাদেশের স্থান,ishaara,5
2653,চাঁপাইনবাবগঞ্জ,চাঁপাইনবাবগঞ্জ,বাংলাদেশের স্থান,ishaara,5
2654,দুই ধার,দুই ধার,ক্রিয়া ও অবস্থা,ishaara,5
2655,নোয়াখালী,নোয়াখালী,বাংলাদেশের স্থান,ishaara,5
2656,টপকানো,টপকানো,ক্রিয়া ও অবস্থা,ishaara,5
2657,তুলে নেওয়া,তুলে নেওয়া,ক্রিয়া ও অবস্থা,ishaara,5
2658,গুড়া,গুড়া,ক্রিয়া ও অবস্থা,ishaara,5
2659,গাজীপুর,গাজীপুর,বাংলাদেশের স্থান,ishaara,5
2660,সিরাজগঞ্জ,সিরাজগঞ্জ,বাংলাদেশের স্থান,ishaara,5
2661,কু-পরামর্শ,কু-পরামর্শ,ক্রিয়া ও অবস্থা,ishaara,5
2662,তছনছ,তছনছ,ক্রিয়া ও অবস্থা,ishaara,5
2663,চুনকাম,চুনকাম,ক্রিয়া ও অবস্থা,ishaara,5
2664,মৃত্যু,মৃত্যু,বিবিধ (সাধারণ),ishaara,5
2665,বিশ্রাম,বিশ্রাম,ক্রিয়া ও অবস্থা,ishaara,5
2666,কর্মসূচি,কর্মসূচি,সাধারণ প্রশাসন ও সামাজিক,ishaara,5
2667,উত্তেজনা,উত্তেজনা,ক্রিয়া ও অবস্থা,ishaara,5
2668,গুজব,গুজব,ক্রিয়া ও অবস্থা,ishaara,5
2669,পার্থক্য,পার্থক্য,ক্রিয়া ও অবস্থা,ishaara,5
2670,নিয়োজিত,নিয়োজিত,ক্রিয়া ও অবস্থা,ishaara,5
2671,ঠাট্টা,ঠাট্টা,ক্রিয়া ও অবস্থা,ishaara,5
2672,আর্তনাদ,আর্তনাদ,ক্রিয়া ও অবস্থা,ishaara,5
2673,ছদ্মবেশ,ছদ্মবেশ,ক্রিয়া ও অবস্থা,ishaara,5
2674,বাজারসদাই,বাজারসদাই,ক্রিয়া ও অবস্থা,ishaara,5
2675,কর্মশক্তি,কর্মশক্তি,ক্রিয়া ও অবস্থা,ishaara,5
2676,প্রতিষ্ঠা,প্রতিষ্ঠা,ক্রিয়া ও অবস্থা,ishaara,5
2677,পচা,পচা,ক্রিয়া ও অবস্থা,ishaara,5
2678,প্রতিশোধ,প্রতিশোধ,ক্রিয়া ও অবস্থা,ishaara,5
2679,আল্পনা,আল্পনা,বিবিধ (সাধারণ),ishaara,5
2680,একমত,একমত,ক্রিয়া ও অবস্থা,ishaara,5
2681,ঘনবসতি,ঘনবসতি,ক্রিয়া ও অবস্থা,ishaara,5
2682,স্বচ্ছ,স্বচ্ছ,ক্রিয়া ও অবস্থা,ishaara,5
2683,ফুটপাত,ফুটপাত,ক্রিয়া ও অবস্থা,ishaara,5
2684,টানা (টেনে আনা),টানা (টেনে আনা),ক্রিয়া ও অবস্থা,ishaara,5
2685,দুর্গন্ধ,দুর্গন্ধ,ক্রিয়া ও অবস্থা,ishaara,5
2686,উসখুস,উসখুস,ক্রিয়া ও অবস্থা,ishaara,5
2687,পাড়া (মহল্লা),পাড়া (মহল্লা),ক্রিয়া ও অবস্থা,ishaara,5
2688,মিলে মিশে,মিলে মিশে,ক্রিয়া ও অবস্থা,ishaara,5
2689,তৈলাক্ত,তৈলাক্ত,ক্রিয়া ও অবস্থা,ishaara,5
2690,কাটা,কাটা,ক্রিয়া ও অবস্থা,ishaara,5
2691,চারপাশ,চারপাশ,ক্রিয়া ও অবস্থা,ishaara,5
2692,অন্য,অন্য / বিকল্প,ক্রিয়া ও অবস্থা,ishaara,10
2693,আওয়াজ,আওয়াজ,ক্রিয়া ও অবস্থা,ishaara,5
2694,অস্থায়ী,অস্থায়ী,ক্রিয়া ও অবস্থা,ishaara,5
2695,ঢিলা,ঢিলা,ক্রিয়া ও অবস্থা,ishaara,5
2696,স্থায়ী,স্থায়ী,ক্রিয়া ও অবস্থা,ishaara,5
2697,ক্ষোভ,ক্ষোভ,ক্রিয়া ও অবস্থা,ishaara,5
2698,লটারি,লটারি,ক্রিয়া ও অবস্থা,ishaara,5
2699,সম্পূর্ণ,সম্পূর্ণ,ক্রিয়া ও অবস্থা,ishaara,5
2700,শরিয়তপুর,শরিয়তপুর,বাংলাদেশের স্থান,ishaara,5
2701,মধ্যবিত্ত,মধ্যবিত্ত,ক্রিয়া ও অবস্থা,ishaara,5
2702,কোলাহল (গোলমাল),কোলাহল (গোলমাল),ক্রিয়া ও অবস্থা,ishaara,5
2703,অবসর কাটানো,অবসর কাটানো,ক্রিয়া ও অবস্থা,ishaara,5
2704,মৃদু,মৃদু,ক্রিয়া ও অবস্থা,ishaara,5
2705,পরী,পরী,ক্রিয়া ও অবস্থা,ishaara,5
2706,বিক্ষোভ,বিক্ষোভ,ক্রিয়া ও অবস্থা,ishaara,5
2707,কুড়ানো,কুড়ানো,ক্রিয়া ও অবস্থা,ishaara,5
2708,প্লাস্টিক,প্লাস্টিক,ক্রিয়া ও অবস্থা,ishaara,5
2709,ব্যক্তি,ব্যক্তি,ক্রিয়া ও অবস্থা,ishaara,5
2710,বস,বস,ক্রিয়া ও অবস্থা,ishaara,5
2711,ব্যক্তিগত,ব্যক্তিগত,ক্রিয়া ও অবস্থা,ishaara,5
2712,মিহি,মিহি,ক্রিয়া ও অবস্থা,ishaara,5
2713,বাংলাদেশ আওয়ামী লীগ,বাংলাদেশ আওয়ামী লীগ,সাধারণ প্রশাসন ও সামাজিক,ishaara,5
2714,সিলেট বিভাগ,সিলেট বিভাগ,বাংলাদেশের স্থান,ishaara,5
2715,ছাপানো,ছাপানো,ক্রিয়া ও অবস্থা,ishaara,5
2716,সমস্যা,সমস্যা,ক্রিয়া ও অবস্থা,ishaara,5
2717,পেঁচানো,পেঁচানো,ক্রিয়া ও অবস্থা,ishaara,5
2718,ঘষামাজা,ঘষামাজা,ক্রিয়া ও অবস্থা,ishaara,5
2719,দিক নির্দেশনা,দিক নির্দেশনা,ক্রিয়া ও অবস্থা,ishaara,5
2720,হুল ফুটানো,হুল ফুটানো,ক্রিয়া ও অবস্থা,ishaara,5
2721,অবহিত,অবহিত / জানানো,ক্রিয়া ও অবস্থা,ishaara,5
2722,বিরোধী,বিরোধী,ক্রিয়া ও অবস্থা,ishaara,5
2723,সান্তনা,সান্তনা,ক্রিয়া ও অবস্থা,ishaara,5
2724,খনন করা,খনন করা,ক্রিয়া ও অবস্থা,ishaara,5
2725,দূরীকরন,দূরীকরন,ক্রিয়া ও অবস্থা,ishaara,5
2726,বিষাক্ত,বিষাক্ত,ক্রিয়া ও অবস্থা,ishaara,5
2727,বাগেরহাট,বাগেরহাট,বাংলাদেশের স্থান,ishaara,5
2728,মেহেরপুর,মেহেরপুর,বাংলাদেশের স্থান,ishaara,5
2729,পটুয়াখালী,পটুয়াখালী,বাংলাদেশের স্থান,ishaara,5
2730,স্তর,স্তর,ক্রিয়া ও অবস্থা,ishaara,5
2731,অকটে্‌ন,অকটে্‌ন,বিবিধ (সাধারণ),ishaara,5
2732,চুয়াডাঙ্গা,চুয়াডাঙ্গা,বাংলাদেশের স্থান,ishaara,5
2733,ভাগ্য,ভাগ্য,ক্রিয়া ও অবস্থা,ishaara,5
2734,এলোমেলো,এলোমেলো,ক্রিয়া ও অবস্থা,ishaara,5
2735,সীমিত,সীমিত,ক্রিয়া ও অবস্থা,ishaara,5
2736,তেতো,তেতো,ক্রিয়া ও অবস্থা,ishaara,5
2737,মেম্বার,মেম্বার,ক্রিয়া ও অবস্থা,ishaara,5
2738,ছাঁটাই,ছাঁটাই,ক্রিয়া ও অবস্থা,ishaara,5
2739,ঝিনাইদহ,ঝিনাইদহ,বাংলাদেশের স্থান,ishaara,5
2740,কোলে নেয়া,কোলে নেয়া,ক্রিয়া ও অবস্থা,ishaara,5
2741,সরানো,সরানো,ক্রিয়া ও অবস্থা,ishaara,5
2742,জোগাড়,জোগাড়,ক্রিয়া ও অবস্থা,ishaara,5
2743,ঠাসা,ঠাসা,ক্রিয়া ও অবস্থা,ishaara,5
2744,মাদারীপুর,মাদারীপুর,বাংলাদেশের স্থান,ishaara,5
2745,গাইবান্ধা,গাইবান্ধা,বাংলাদেশের স্থান,ishaara,5
2746,ফিটফাট,ফিটফাট,বিবিধ (সাধারণ),ishaara,5
2747,ফিরে আসা,ফিরে আসা,ক্রিয়া ও অবস্থা,ishaara,5
2748,টানা পোড়ন,টানা পোড়ন,ক্রিয়া ও অবস্থা,ishaara,5
2749,কোম্পানি,কোম্পানি,ক্রিয়া ও অবস্থা,ishaara,5
2750,এবড়ো থেবড়ো,এবড়ো থেবড়ো,ক্রিয়া ও অবস্থা,ishaara,5
2751,চাপাচাপি,চাপাচাপি / জোরাজোরি,ক্রিয়া ও অবস্থা,ishaara,5
2752,কামান,কামান,ক্রিয়া ও অবস্থা,ishaara,5
2753,আশপাশ,আশপাশ,ক্রিয়া ও অবস্থা,ishaara,5
2754,আগুন পোহানো,আগুন পোহানো,ক্রিয়া ও অবস্থা,ishaara,5
2755,পরিবেশন করা,পরিবেশন করা,ক্রিয়া ও অবস্থা,ishaara,5
2756,শোষন,শোষন,ক্রিয়া ও অবস্থা,ishaara,5
2757,বিলি করা,বিলি করা,ক্রিয়া ও অবস্থা,ishaara,5
2758,অবশিষ্ট,অবশিষ্ট,ক্রিয়া ও অবস্থা,ishaara,5
2759,দমকল বাহিনী,দমকল বাহিনী,বিবিধ (সাধারণ),ishaara,5
2760,অপরিচিত,অপরিচিত,ক্রিয়া ও অবস্থা,ishaara,5
2761,রেলওয়ে স্টেশন,রেলওয়ে স্টেশন,বিবিধ (সাধারণ),ishaara,5
2762,রাজবাড়ি,রাজবাড়ি,বাংলাদেশের স্থান,ishaara,5
2763,নোন্‌তা,নোন্‌তা,ক্রিয়া ও অবস্থা,ishaara,5
2764,ময়লাটে,ময়লাটে,ক্রিয়া ও অবস্থা,ishaara,5
2765,ফুটন্ত,ফুটন্ত,ক্রিয়া ও অবস্থা,ishaara,5
2766,নির্ঘুম,নির্ঘুম,ক্রিয়া ও অবস্থা,ishaara,5
2767,উঁকি দেয়া,উঁকি দেয়া,ক্রিয়া ও অবস্থা,ishaara,5
2768,লোড শেডিং,লোড শেডিং,ক্রিয়া ও অবস্থা,ishaara,5
2769,লোমহর্ষক,লোমহর্ষক,ক্রিয়া ও অবস্থা,ishaara,5
2770,ছোঁড়া,ছোঁড়া,ক্রিয়া ও অবস্থা,ishaara,5
2771,ড্রেন,ড্রেন,ক্রিয়া ও অবস্থা,ishaara,5
2772,জমির আইল,জমির আইল,প্রকৃতি ও পরিবেশ,ishaara,5
2773,সার,সার,ক্রিয়া ও অবস্থা,ishaara,5
2774,ট্যারা চোখ,ট্যারা চোখ,ক্রিয়া ও অবস্থা,ishaara,5
2775,অনুমতি নেয়া,অনুমতি নেয়া,ক্রিয়া ও অবস্থা,ishaara,5
2776,আনাগোনা,আনাগোনা,ক্রিয়া ও অবস্থা,ishaara,5
2777,প্রত্যাখ্যান,প্রত্যাখ্যান,ক্রিয়া ও অবস্থা,ishaara,5
2778,হারমোনিয়াম,হারমোনিয়াম,সংগীত ও সংস্কৃতি,ishaara,5
2779,রাষ্ট্রপতি,রাষ্ট্রপতি,সরকার ও রাজনীতি,ishaara,5
2780,বিশ্ব সুন্দরী,বিশ্ব সুন্দরী,ক্রিয়া ও অবস্থা,ishaara,5
2781,পারস্পারিক,পারস্পারিক,ক্রিয়া ও অবস্থা,ishaara,5
2782,এ্যাকুরিয়াম,এ্যাকুরিয়াম,ক্রিয়া ও অবস্থা,ishaara,5
2783,ম্যাসাজ,ম্যাসাজ,ক্রিয়া ও অবস্থা,ishaara,5
2784,মধু চন্দ্রিমা,মধু চন্দ্রিমা,ক্রিয়া ও অবস্থা,ishaara,5
2785,ঘাড় ধাক্কা,ঘাড় ধাক্কা,ক্রিয়া ও অবস্থা,ishaara,5
2786,কথা কাটাকাটি,কথা কাটাকাটি,ক্রিয়া ও অবস্থা,ishaara,5
2787,কটাক্ষ করা,কটাক্ষ করা,ক্রিয়া ও অবস্থা,ishaara,5
2788,খেজুর কাঁটা,খেজুর কাঁটা,ক্রিয়া ও অবস্থা,ishaara,5
2789,বাদ্যযন্ত্র,বাদ্যযন্ত্র,সংগীত ও সংস্কৃতি,ishaara,5
2790,মাউথ অর্গান,মাউথ অর্গান,সংগীত ও সংস্কৃতি,ishaara,5
2791,জাপটে ধরা,জাপটে ধরা,ক্রিয়া ও অবস্থা,ishaara,5
2792,নারকেলের ছোবড়া,নারকেলের ছোবড়া,ক্রিয়া ও অবস্থা,ishaara,5
2793,ঢাকা বিভাগ,ঢাকা বিভাগ,বাংলাদেশের স্থান,ishaara,5
2794,হিজড়া,হিজড়া,ক্রিয়া ও অবস্থা,ishaara,5
2795,এনজিও,এনজিও,ক্রিয়া ও অবস্থা,ishaara,5
2796,তত্ত্বাবধায়ক সরকার,তত্ত্বাবধায়ক সরকার,সরকার ও রাজনীতি,ishaara,5
2797,খাসকামরা,খাসকামরা,ক্রিয়া ও অবস্থা,ishaara,5
2798,বিলিকাটা,বিলিকাটা,ক্রিয়া ও অবস্থা,ishaara,5
2799,পোষক,পোষক,ক্রিয়া ও অবস্থা,ishaara,5
2800,ব্লেড,ব্লেড,ক্রিয়া ও অবস্থা,ishaara,5
2801,দ্যুতি,দ্যুতি,ক্রিয়া ও অবস্থা,ishaara,5
2802,কান মলা,কান মলা,ক্রিয়া ও অবস্থা,ishaara,5
2803,ভার (কাঁধের ভার),ভার (কাঁধের ভার),ক্রিয়া ও অবস্থা,ishaara,5
2804,টাইট,টাইট,ক্রিয়া ও অবস্থা,ishaara,5
2805,শক্তিশালী,শক্তিশালী,ক্রিয়া ও অবস্থা,ishaara,5
2806,দলবদ্ধ (সংঘবদ্ধ),দলবদ্ধ (সংঘবদ্ধ),ক্রিয়া ও অবস্থা,ishaara,5
2807,নিয়ে আসা,নিয়ে আসা,ক্রিয়া ও অবস্থা,ishaara,5
2808,মৃত,মৃত,ক্রিয়া ও অবস্থা,ishaara,5
2809,মন্তব্য,মন্তব্য,ক্রিয়া ও অবস্থা,ishaara,5
2810,ভারসাম্য,ভারসাম্য,ক্রিয়া ও অবস্থা,ishaara,5
2811,থেতলানো,থেতলানো,ক্রিয়া ও অবস্থা,ishaara,5
2812,মন্ত্রী,মন্ত্রী,সরকার ও রাজনীতি,ishaara,5
2813,পিচ্ছিল,পিচ্ছিল,ক্রিয়া ও অবস্থা,ishaara,5
2814,অবসর গ্রহণ,অবসর গ্রহণ,ক্রিয়া ও অবস্থা,ishaara,5
2815,নবজাতক,নবজাতক,ক্রিয়া ও অবস্থা,ishaara,5
2816,বাছাই করা,বাছাই করা,ক্রিয়া ও অবস্থা,ishaara,5
2817,তবলা,তবলা,সংগীত ও সংস্কৃতি,ishaara,5
2818,শ্রবণ,শ্রবণ,ক্রিয়া ও অবস্থা,ishaara,5
2819,গিটার,গিটার,সংগীত ও সংস্কৃতি,ishaara,5
2820,উজ্জ্বল,উজ্জ্বল,ক্রিয়া ও অবস্থা,ishaara,5
2821,মুখোমুখি,মুখোমুখি,ক্রিয়া ও অবস্থা,ishaara,5
2822,অনাহার,অনাহার,ক্রিয়া ও অবস্থা,ishaara,5
2823,প্রাপ্ত বয়স্ক,প্রাপ্ত বয়স্ক,ক্রিয়া ও অবস্থা,ishaara,5
2824,অসাবধানতা,অসাবধানতা,ক্রিয়া ও অবস্থা,ishaara,5
2825,চিবানো,চিবানো,ক্রিয়া ও অবস্থা,ishaara,5
2826,বন্দী,বন্দী,ক্রিয়া ও অবস্থা,ishaara,5
2827,সমাজ সেবক,সমাজ সেবক,ক্রিয়া ও অবস্থা,ishaara,5
2828,আধিক,আধিক,ক্রিয়া ও অবস্থা,ishaara,5
2829,নিগ্রো,নিগ্রো,ক্রিয়া ও অবস্থা,ishaara,5
2830,চাকমা,চাকমা,ক্রিয়া ও অবস্থা,ishaara,5
2831,আড়মোড়া,আড়মোড়া,ক্রিয়া ও অবস্থা,ishaara,5
2832,ময়লার দাগ,ময়লার দাগ,ক্রিয়া ও অবস্থা,ishaara,5
2833,রিপু করা,রিপু করা,ক্রিয়া ও অবস্থা,ishaara,5
2834,কিশোরগঞ্জ,কিশোরগঞ্জ,বাংলাদেশের স্থান,ishaara,5
2835,অহংকার,অহংকার,ক্রিয়া ও অবস্থা,ishaara,5
2836,ডুবে যাওয়া,ডুবে যাওয়া,ক্রিয়া ও অবস্থা,ishaara,5
2837,কাঁচকলা দেখনো,কাঁচকলা দেখনো,ক্রিয়া ও অবস্থা,ishaara,5
2838,কুলি,কুলি,ক্রিয়া ও অবস্থা,ishaara,5
2839,কুমার,কুমার,পেশা ও জীবিকা,ishaara,5
2840,গায়ক,গায়ক,পেশা ও জীবিকা,ishaara,5
2841,সৈনিক,সৈনিক,পেশা ও জীবিকা,ishaara,5
2842,ঘটকালি,ঘটকালি,বিবিধ (সাধারণ),ishaara,5
2843,রাখাল,রাখাল,পেশা ও জীবিকা,ishaara,5
2844,রাজাকার,রাজাকার,পেশা ও জীবিকা,ishaara,5
2845,নাপিত,নাপিত,পেশা ও জীবিকা,ishaara,5
2846,অভিনয়,অভিনয়,বিবিধ (সাধারণ),ishaara,5
2847,যাদুকর,যাদুকর,পেশা ও জীবিকা,ishaara,5
2848,ঢুলি,ঢুলি,পেশা ও জীবিকা,ishaara,5
2849,জীবিকা,জীবিকা,পেশা ও জীবিকা,ishaara,5
2850,রাজা,রাজা,পেশা ও জীবিকা,ishaara,5
2851,মালি,মালি,পেশা ও জীবিকা,ishaara,5
2852,অভিনেতা,অভিনেতা,পেশা ও জীবিকা,ishaara,5
2853,দারোয়ান,দারোয়ান,পেশা ও জীবিকা,ishaara,5
2854,গৃহকর্তা,গৃহকর্তা,পেশা ও জীবিকা,ishaara,5
2855,ভবঘুরে,ভবঘুরে,পেশা ও জীবিকা,ishaara,5
2856,দর্জি,দর্জি,পেশা ও জীবিকা,ishaara,5
2857,মুচি,মুচি,পেশা ও জীবিকা,ishaara,5
2858,জেলে,জেলে,পেশা ও জীবিকা,ishaara,5
2859,মাঝি,মাঝি,পেশা ও জীবিকা,ishaara,5
2860,চাকুরী,চাকুরী,পেশা ও জীবিকা,ishaara,5
2861,ট্রাফিক পুলিশ,ট্রাফিক পুলিশ,পেশা ও জীবিকা,ishaara,5
2862,কসাই,কসাই,পেশা ও জীবিকা,ishaara,5
2863,কৃষি,কৃষি,পেশা ও জীবিকা,ishaara,5
2864,নাবিক,নাবিক,পেশা ও জীবিকা,ishaara,5
2865,রাজমিস্ত্রি,রাজমিস্ত্রি,পেশা ও জীবিকা,ishaara,5
2866,অভিনেত্রী,অভিনেত্রী,পেশা ও জীবিকা,ishaara,5
2867,চাষাবাদ,চাষাবাদ,পেশা ও জীবিকা,ishaara,5
2868,ব্যবস্থাপক,ব্যবস্থাপক,পেশা ও জীবিকা,ishaara,5
2869,ঠিকাদার,ঠিকাদার,পেশা ও জীবিকা,ishaara,5
2870,লেখক,লেখক,পেশা ও জীবিকা,ishaara,5
2871,ছবি তোলা,ছবি তোলা,পেশা ও জীবিকা,ishaara,5
2872,মেথর,মেথর,পেশা ও জীবিকা,ishaara,5
2873,ঘটক,ঘটক,পেশা ও জীবিকা,ishaara,5
2874,কাঠুরিয়া,কাঠুরিয়া,পেশা ও জীবিকা,ishaara,5
2875,ডুবুরী,ডুবুরী,পেশা ও জীবিকা,ishaara,5
2876,বাবুর্চি,বাবুর্চি,পেশা ও জীবিকা,ishaara,5
2877,রাজনীতি,রাজনীতি,পেশা ও জীবিকা,ishaara,5
2878,পর্বতারোহী,পর্বতারোহী,পেশা ও জীবিকা,ishaara,5
2879,তাঁতী,তাঁতী,পেশা ও জীবিকা,ishaara,5
2880,উপাচার্য,উপাচার্য,পেশা ও জীবিকা,ishaara,5
2881,গবেষক,গবেষক,পেশা ও জীবিকা,ishaara,5
2882,স্পিচ থেরাপিস্ট,স্পিচ থেরাপিস্ট,পেশা ও জীবিকা,ishaara,5
2883,দেহরক্ষী,দেহরক্ষী,পেশা ও জীবিকা,ishaara,5
2884,ডাক পিয়ন,ডাক পিয়ন,পেশা ও জীবিকা,ishaara,5
2885,বিচারপতি,বিচারপতি,পেশা ও জীবিকা,ishaara,5
2886,আর্মড পুলিশ,আর্মড পুলিশ,পেশা ও জীবিকা,ishaara,5
2887,চাকুরীজীবী,চাকুরীজীবী,পেশা ও জীবিকা,ishaara,5
2888,এয়ার হোস্টেজ,এয়ার হোস্টেজ,পেশা ও জীবিকা,ishaara,5
2889,বাইদানী,বাইদানী,পেশা ও জীবিকা,ishaara,5
2890,কুলি মুটে,কুলি মুটে,পেশা ও জীবিকা,ishaara,5
2891,দফতরি,দফতরি,পেশা ও জীবিকা,ishaara,5
2892,অধ্যক্ষ,অধ্যক্ষ,পেশা ও জীবিকা,ishaara,5
2893,ডিজাইনার,ডিজাইনার,পেশা ও জীবিকা,ishaara,5
2894,কমিশনার (জেলা প্রশাসক),কমিশনার (জেলা প্রশাসক),পেশা ও জীবিকা,ishaara,5
2895,বুয়া,বুয়া,পেশা ও জীবিকা,ishaara,5
2896,ইলেকট্রিশিয়ান,ইলেকট্রিশিয়ান,পেশা ও জীবিকা,ishaara,5
2897,দারোগা,দারোগা,পেশা ও জীবিকা,ishaara,5
2898,ফ্যাশন ডিজাইনার,ফ্যাশন ডিজাইনার,পেশা ও জীবিকা,ishaara,5
2899,উপস্থাপক,উপস্থাপক,পেশা ও জীবিকা,ishaara,5
2900,ক্রীতদাস,ক্রীতদাস,পেশা ও জীবিকা,ishaara,5
2901,বাউল,বাউল,পেশা ও জীবিকা,ishaara,5
2902,গোয়ালা,গোয়ালা,পেশা ও জীবিকা,ishaara,5
2903,স্বর্ণকার,স্বর্ণকার,পেশা ও জীবিকা,ishaara,5
2904,প্রেমিকা,প্রেমিকা,বিবিধ (সাধারণ),ishaara,5
2905,আপন,আপন,পারিবারিক সম্পর্ক,ishaara,5
2906,মালিক,মালিক,পারিবারিক সম্পর্ক,ishaara,5
2907,সন্তান,সন্তান,পারিবারিক সম্পর্ক,ishaara,5
2908,সঙ্গী,সঙ্গী,পারিবারিক সম্পর্ক,ishaara,5
2909,ভাতিজা (Nephew),ভাতিজা (Nephew),পারিবারিক সম্পর্ক,ishaara,5
2910,দম্পতি,দম্পতি,পারিবারিক সম্পর্ক,ishaara,5
2911,সহকর্মী,সহকর্মী,পারিবারিক সম্পর্ক,ishaara,5
2912,প্রেমিক,প্রেমিক,পারিবারিক সম্পর্ক,ishaara,5
2913,সমবয়সী,সমবয়সী,পারিবারিক সম্পর্ক,ishaara,5
2914,ঘনিষ্ঠ,ঘনিষ্ঠ,পারিবারিক সম্পর্ক,ishaara,5
2915,মেহ্‌মান (Guest),মেহ্‌মান (Guest),পারিবারিক সম্পর্ক,ishaara,5
2916,বান্ধবী,বান্ধবী,পারিবারিক সম্পর্ক,ishaara,5
2917,প্রতিবেশী,প্রতিবেশী,পারিবারিক সম্পর্ক,ishaara,5
2918,বিধবা,বিধবা,পারিবারিক সম্পর্ক,ishaara,5
2919,পরকীয়া (Extra maritial affair),পরকীয়া (Extra maritial affair),পারিবারিক সম্পর্ক,ishaara,5
2920,দত্তক (Adopted child),দত্তক (Adopted child),পারিবারিক সম্পর্ক,ishaara,5
2921,দাতা (Doner),দাতা (Doner),পারিবারিক সম্পর্ক,ishaara,5
2922,বিপত্নীক,বিপত্নীক,পারিবারিক সম্পর্ক,ishaara,5
2923,গ্রহীতা (Receiver),গ্রহীতা (Receiver),পারিবারিক সম্পর্ক,ishaara,5
2924,প্রার্থনা,প্রার্থনা,ধর্ম,ishaara,5
2925,নামাজ,নামাজ,ধর্ম,ishaara,5
2926,অভিশাপ,অভিশাপ,ধর্ম,ishaara,5
2927,আযান,আযান,ধর্ম,ishaara,5
2928,অজু,অজু,ধর্ম,ishaara,5
2929,ফজর (নামাজ),ফজর (নামাজ),ধর্ম,ishaara,5
2930,প্রেম,প্রেম,বিবিধ (সাধারণ),ishaara,5
2931,বেহেশত,বেহেশত,ধর্ম,ishaara,5
2932,সনাতন,সনাতন,ধর্ম,ishaara,5
2933,ইফতার,ইফতার,ধর্ম,ishaara,5
2934,দুর্গা পুজা,দুর্গা পুজা,ধর্ম,ishaara,5
2935,কবুল,কবুল,ধর্ম,ishaara,5
2936,কুরআন,কুরআন,ধর্ম,ishaara,5
2937,গীতা,গীতা,ধর্ম,ishaara,5
2938,জুম্মা নামাজ,জুম্মা নামাজ,ধর্ম,ishaara,5
2939,জামাত,জামাত,ধর্ম,ishaara,5
2940,ঈদ উল ফিতর,ঈদ উল ফিতর,ধর্ম,ishaara,5
2941,আল্লাহ,আল্লাহ,ধর্ম,ishaara,5
2942,তাবিজ,তাবিজ,ধর্ম,ishaara,5
2943,হজ্জ,হজ্জ,ধর্ম,ishaara,5
2944,ত্রিপিটক,ত্রিপিটক,ধর্ম,ishaara,5
2945,খোদা হাফেজ,খোদা হাফেজ,ধর্ম,ishaara,5
2946,ঈমান,ঈমান,ধর্ম,ishaara,5
2947,সেজদা (নামাজের),সেজদা (নামাজের),ধর্ম,ishaara,5
2948,ফরজ,ফরজ,ধর্ম,ishaara,5
2949,ওয়াজ,ওয়াজ,ধর্ম,ishaara,5
2950,উপোস,উপোস,ধর্ম,ishaara,5
2951,মাগরিব (নামাজ),মাগরিব (নামাজ),ধর্ম,ishaara,5
2952,সরস্বতী পূজা,সরস্বতী পূজা,ধর্ম,ishaara,5
2953,কোরবানী ঈদ,কোরবানী ঈদ,ধর্ম,ishaara,5
2954,খ্রিষ্টান ধর্ম,খ্রিষ্টান ধর্ম,ধর্ম,ishaara,5
2955,নামাজের টুপি,নামাজের টুপি,ধর্ম,ishaara,5
2956,শব-ই-বরাত,শব-ই-বরাত,ধর্ম,ishaara,5
2957,ইমাম,ইমাম,ধর্ম,ishaara,5
2958,হিন্দু ধর্ম,হিন্দু ধর্ম,ধর্ম,ishaara,5
2959,বৌদ্ধ ধর্ম,বৌদ্ধ ধর্ম,ধর্ম,ishaara,5
2960,ইসলাম ধর্ম,ইসলাম ধর্ম,ধর্ম,ishaara,5
2961,মুসলিম,মুসলিম,ধর্ম,ishaara,5
2962,এশা (নামাজ),এশা (নামাজ),ধর্ম,ishaara,5
2963,ফেরেশতা,ফেরেশতা,ধর্ম,ishaara,5
2964,গোরস্থান,গোরস্থান,ধর্ম,ishaara,5
2965,জায়নামাজ,জায়নামাজ,ধর্ম,ishaara,5
2966,আছর (নামাজ),আছর (নামাজ),ধর্ম,ishaara,5
2967,তিলক,তিলক,ধর্ম,ishaara,5
2968,কুরবানী,কুরবানী,ধর্ম,ishaara,5
2969,পূজা,পূজা,ধর্ম,ishaara,5
2970,নামাজের চৌকি,নামাজের চৌকি,ধর্ম,ishaara,5
2971,দোজখ,দোজখ,ধর্ম,ishaara,5
2972,তসবিহ,তসবিহ,ধর্ম,ishaara,5
2973,জোহর (নামাজ),জোহর (নামাজ),ধর্ম,ishaara,5
2974,কসম,কসম,ধর্ম,ishaara,5
2975,প্রসাদ,প্রসাদ,ধর্ম,ishaara,5
2976,আকিকা,আকিকা,ধর্ম,ishaara,5
2977,বাইবেল,বাইবেল,ধর্ম,ishaara,5
2978,আরতি দেয়া,আরতি দেয়া,ধর্ম,ishaara,5
2979,মোয়াজ্জিন,মোয়াজ্জিন,ধর্ম,ishaara,5
2980,জিকির করা,জিকির করা,ধর্ম,ishaara,5
2981,কালি পূজা,কালি পূজা,ধর্ম,ishaara,5
2982,মিলাদ,মিলাদ,ধর্ম,ishaara,5
2983,সুন্নত,সুন্নত,ধর্ম,ishaara,5
2984,বিশ্ব এস্তেমা,বিশ্ব এস্তেমা,ধর্ম,ishaara,5
2985,কুসংস্কার,কুসংস্কার,ধর্ম,ishaara,5
2986,বৌদ্ধ মন্দির,বৌদ্ধ মন্দির,ধর্ম,ishaara,5
2987,খৎনা,খৎনা,ধর্ম,ishaara,5
2988,কফিন,কফিন,ধর্ম,ishaara,5
2989,যাদু টোনা,যাদু টোনা,ধর্ম,ishaara,5
2990,ঢাকেশ্বরী মন্দির,ঢাকেশ্বরী মন্দির,ধর্ম,ishaara,5
2991,পৈতা,পৈতা,ধর্ম,ishaara,5
2992,তাবলিগ,তাবলিগ,ধর্ম,ishaara,5
2993,হোলি খেলা,হোলি খেলা,ধর্ম,ishaara,5
2994,দাহ করা,দাহ করা,ধর্ম,ishaara,5
2995,ফাদার,ফাদার,ধর্ম,ishaara,5
2996,কাফন,কাফন,ধর্ম,ishaara,5
2997,কাঙালী ভোজ,কাঙালী ভোজ,ধর্ম,ishaara,5
2998,পূণ্য (সওয়াব),পূণ্য (সওয়াব),ধর্ম,ishaara,5
2999,রাধা কৃষ্ণ,রাধা কৃষ্ণ,ধর্ম,ishaara,5
3000,শ্রাদ্ধ করা,শ্রাদ্ধ করা,ধর্ম,ishaara,5
3001,মহররম,মহররম,ধর্ম,ishaara,5
3002,দূরুদ শরীফ,দূরুদ শরীফ,ধর্ম,ishaara,5
3003,রুকু (নামাজের),রুকু (নামাজের),ধর্ম,ishaara,5
3004,ঝাড়ফুক,ঝাড়ফুক,ধর্ম,ishaara,5
3005,নফল,নফল,ধর্ম,ishaara,5
3006,গৌতম বুদ্ধ,গৌতম বুদ্ধ,ধর্ম,ishaara,5
3007,পোপ,পোপ,ধর্ম,ishaara,5
3008,বলি,বলি,ধর্ম,ishaara,5
3009,ভাই ফোঁটা,ভাই ফোঁটা,ধর্ম,ishaara,5
3010,ওয়াদা,ওয়াদা,ধর্ম,ishaara,5
3011,আস্‌ সালামু আলাইকুম,আস্‌ সালামু আলাইকুম,ধর্ম,ishaara,5
3012,বয়লার,বয়লার,প্রযুক্তি ও ইলেকট্রনিক্স,ishaara,5
3013,স্প্রিং,স্প্রিং,প্রযুক্তি ও ইলেকট্রনিক্স,ishaara,5
3014,ভিসিআর,ভিসিআর,প্রযুক্তি ও ইলেকট্রনিক্স,ishaara,5
3015,সাউন্ড সিস্টেম,সাউন্ড সিস্টেম,প্রযুক্তি ও ইলেকট্রনিক্স,ishaara,5
3016,জল বিদ্যুৎ,জল বিদ্যুৎ,প্রযুক্তি ও ইলেকট্রনিক্স,ishaara,5
3017,স্ক্যানার,স্ক্যানার,প্রযুক্তি ও ইলেকট্রনিক্স,ishaara,5
3018,লাউড স্পিকার,লাউড স্পিকার,প্রযুক্তি ও ইলেকট্রনিক্স,ishaara,5
3019,কুলখানি,কুলখানি,অনুষ্ঠান ও সামাজিক কার্যক্রম,ishaara,5
3020,নৌবিহার,নৌবিহার,অনুষ্ঠান ও সামাজিক কার্যক্রম,ishaara,5
3021,বৈঠক,বৈঠক,অনুষ্ঠান ও সামাজিক কার্যক্রম,ishaara,5
3022,আয়োজক,আয়োজক,অনুষ্ঠান ও সামাজিক কার্যক্রম,ishaara,5
3023,সমাবেশ,সমাবেশ,অনুষ্ঠান ও সামাজিক কার্যক্রম,ishaara,5
3024,বাগদান,বাগদান,অনুষ্ঠান ও সামাজিক কার্যক্রম,ishaara,5
3025,বক্তৃতা,বক্তৃতা,অনুষ্ঠান ও সামাজিক কার্যক্রম,ishaara,5
3026,সম্বর্ধনা,সম্বর্ধনা,অনুষ্ঠান ও সামাজিক কার্যক্রম,ishaara,5
3027,বৈঠকখানা,বৈঠকখানা,অনুষ্ঠান ও সামাজিক কার্যক্রম,ishaara,5
3028,সামিয়ানা,সামিয়ানা,অনুষ্ঠান ও সামাজিক কার্যক্রম,ishaara,5
3029,ব্যান্ড পার্টি,ব্যান্ড পার্টি,অনুষ্ঠান ও সামাজিক কার্যক্রম,ishaara,5
3030,সেমিনার,সেমিনার,অনুষ্ঠান ও সামাজিক কার্যক্রম,ishaara,5
3031,সুবর্ণ জয়ন্তী,সুবর্ণ জয়ন্তী,অনুষ্ঠান ও সামাজিক কার্যক্রম,ishaara,5
3032,চামড়া শিল্প মেলা,চামড়া শিল্প মেলা,অনুষ্ঠান ও সামাজিক কার্যক্রম,ishaara,5
3033,শান্তি দিবস,শান্তি দিবস,অনুষ্ঠান ও সামাজিক কার্যক্রম,ishaara,5
3034,কন্যা শিশু দিবস,কন্যা শিশু দিবস,অনুষ্ঠান ও সামাজিক কার্যক্রম,ishaara,5
3035,কমিউনিটি সেন্টার,কমিউনিটি সেন্টার,অনুষ্ঠান ও সামাজিক কার্যক্রম,ishaara,5
3036,জাতি সংঘ দিবস,জাতি সংঘ দিবস,অনুষ্ঠান ও সামাজিক কার্যক্রম,ishaara,5
3037,আপ্যয়ন,আপ্যয়ন,অনুষ্ঠান ও সামাজিক কার্যক্রম,ishaara,5
3038,তামাক মুক্ত দিবস,তামাক মুক্ত দিবস,অনুষ্ঠান ও সামাজিক কার্যক্রম,ishaara,5
3039,কুশল বিনিময়,কুশল বিনিময়,অনুষ্ঠান ও সামাজিক কার্যক্রম,ishaara,5
3040,সশস্ত্র বাহিনী দিবস,সশস্ত্র বাহিনী দিবস,অনুষ্ঠান ও সামাজিক কার্যক্রম,ishaara,5
3041,মানবাধিকার দিবস,মানবাধিকার দিবস,অনুষ্ঠান ও সামাজিক কার্যক্রম,ishaara,5
3042,রজত জয়ন্তী,রজত জয়ন্তী,অনুষ্ঠান ও সামাজিক কার্যক্রম,ishaara,5
3043,পর্যটক,পর্যটক,অনুষ্ঠান ও সামাজিক কার্যক্রম,ishaara,5
3044,ধর্মঘট,ধর্মঘট,অনুষ্ঠান ও সামাজিক কার্যক্রম,ishaara,5
3045,নবান্ন,নবান্ন,অনুষ্ঠান ও সামাজিক কার্যক্রম,ishaara,5
3046,ধূমপান বর্জন দিবস,ধূমপান বর্জন দিবস,অনুষ্ঠান ও সামাজিক কার্যক্রম,ishaara,5
3047,বল,বল,খেলাধুলা ও বিনোদন,ishaara,5
3048,কোচ,কোচ,খেলাধুলা ও বিনোদন,ishaara,5
3049,পদক,পদক,খেলাধুলা ও বিনোদন,ishaara,5
3050,সাঁতার,সাঁতার,খেলাধুলা ও বিনোদন,ishaara,5
3051,খেলা করা,খেলা করা,খেলাধুলা ও বিনোদন,ishaara,5
3052,ঘুড়ি,ঘুড়ি,খেলাধুলা ও বিনোদন,ishaara,5
3053,অনুশীলন,অনুশীলন,খেলাধুলা ও বিনোদন,ishaara,5
3054,ডাংগুলি,ডাংগুলি,খেলাধুলা ও বিনোদন,ishaara,5
3055,লাটিম,লাটিম,খেলাধুলা ও বিনোদন,ishaara,5
3056,পুরস্কার,পুরস্কার,খেলাধুলা ও বিনোদন,ishaara,5
3057,রেফারী,রেফারী,খেলাধুলা ও বিনোদন,ishaara,5
3058,হাডুডু,হাডুডু,খেলাধুলা ও বিনোদন,ishaara,5
3059,প্রতিযোগিতা,প্রতিযোগিতা,খেলাধুলা ও বিনোদন,ishaara,5
3060,কানামাছি,কানামাছি,খেলাধুলা ও বিনোদন,ishaara,5
3061,সহায়ক উপকরণ,সহায়ক উপকরণ,বিবিধ (সাধারণ),ishaara,5
3062,তাস খেলা,তাস খেলা,খেলাধুলা ও বিনোদন,ishaara,5
3063,লুডু,লুডু,খেলাধুলা ও বিনোদন,ishaara,5
3064,ক্রেস্ট,ক্রেস্ট,খেলাধুলা ও বিনোদন,ishaara,5
3065,সুটিং,সুটিং,খেলাধুলা ও বিনোদন,ishaara,5
3066,ক্যারাম,ক্যারাম,খেলাধুলা ও বিনোদন,ishaara,5
3067,হকি,হকি,খেলাধুলা ও বিনোদন,ishaara,5
3068,অলিম্পিক গেমস,অলিম্পিক গেমস,খেলাধুলা ও বিনোদন,ishaara,5
3069,তীর-ধনুক,তীর-ধনুক,খেলাধুলা ও বিনোদন,ishaara,5
3070,লুকোচুরি,লুকোচুরি,খেলাধুলা ও বিনোদন,ishaara,5
3071,ব্যাটসম্যান,ব্যাটসম্যান,খেলাধুলা ও বিনোদন,ishaara,5
3072,কুস্তি,কুস্তি,খেলাধুলা ও বিনোদন,ishaara,5
3073,গোলপোস্ট,গোলপোস্ট,খেলাধুলা ও বিনোদন,ishaara,5
3074,ব্যাডমিন্টন,ব্যাডমিন্টন,খেলাধুলা ও বিনোদন,ishaara,5
3075,ওভার,ওভার,খেলাধুলা ও বিনোদন,ishaara,5
3076,পুতুল নাচ,পুতুল নাচ,খেলাধুলা ও বিনোদন,ishaara,5
3077,উইকেট রক্ষক,উইকেট রক্ষক,খেলাধুলা ও বিনোদন,ishaara,5
3078,জার্সি,জার্সি,খেলাধুলা ও বিনোদন,ishaara,5
3079,কোট (খেলার),কোট (খেলার),খেলাধুলা ও বিনোদন,ishaara,5
3080,টস করা,টস করা,খেলাধুলা ও বিনোদন,ishaara,5
3081,গুলতি,গুলতি,খেলাধুলা ও বিনোদন,ishaara,5
3082,ডিগবাজি,ডিগবাজি,খেলাধুলা ও বিনোদন,ishaara,5
3083,ভিডিও গেমস,ভিডিও গেমস,খেলাধুলা ও বিনোদন,ishaara,5
3084,গোল রক্ষক,গোল রক্ষক,খেলাধুলা ও বিনোদন,ishaara,5
3085,বক্সিং,বক্সিং,খেলাধুলা ও বিনোদন,ishaara,5
3086,বোলার,বোলার,খেলাধুলা ও বিনোদন,ishaara,5
3087,ইয়োইয়ো,ইয়োইয়ো,খেলাধুলা ও বিনোদন,ishaara,5
3088,গত,গত,ঋতু ও সময়,ishaara,5
3089,বিকাল,বিকাল,ঋতু ও সময়,ishaara,5
3090,মাত্র,মাত্র,ঋতু ও সময়,ishaara,5
3091,যুগ,যুগ,ঋতু ও সময়,ishaara,5
3092,বৈশাখ,বৈশাখ,ঋতু ও সময়,ishaara,5
3093,বর্ষাকাল,বর্ষাকাল,ঋতু ও সময়,ishaara,5
3094,গ্রীষ্ম কাল,গ্রীষ্ম কাল,ঋতু ও সময়,ishaara,5
3095,ঋতু,ঋতু,ঋতু ও সময়,ishaara,5
3096,হেমন্তকাল,হেমন্তকাল,ঋতু ও সময়,ishaara,5
3097,ছেলেবেলা,ছেলেবেলা,ঋতু ও সময়,ishaara,5
3098,সেকেন্ড,সেকেন্ড,ঋতু ও সময়,ishaara,5
3099,তাগাদা,তাগাদা,ঋতু ও সময়,ishaara,5
3100,দৈনিক,দৈনিক,ঋতু ও সময়,ishaara,5
3101,দীর্ঘ মেয়েদি,দীর্ঘ মেয়েদি,ঋতু ও সময়,ishaara,5
3102,ত্রৈমাসিক,ত্রৈমাসিক,ঋতু ও সময়,ishaara,5
3103,গত বছর,গত বছর,ঋতু ও সময়,ishaara,5
3104,অনেক দিন আগে,অনেক দিন আগে,ঋতু ও সময়,ishaara,5
3105,বিকল,বিকল,পরিবহন ও যানবাহন,ishaara,5
3106,চালক,চালক,পরিবহন ও যানবাহন,ishaara,5
3107,চাকা,চাকা,পরিবহন ও যানবাহন,ishaara,5
3108,ঠেলাগাড়ী,ঠেলাগাড়ী,পরিবহন ও যানবাহন,ishaara,5
3109,যাত্রী,যাত্রী,পরিবহন ও যানবাহন,ishaara,5
3110,পারাপার,পারাপার,পরিবহন ও যানবাহন,ishaara,5
3111,বৈঠা,বৈঠা,পরিবহন ও যানবাহন,ishaara,5
3112,ডিজেল,ডিজেল,পরিবহন ও যানবাহন,ishaara,5
3113,জাহাজ,জাহাজ,পরিবহন ও যানবাহন,ishaara,5
3114,নৌকা,নৌকা,পরিবহন ও যানবাহন,ishaara,5
3115,পাল্‌কি,পাল্‌কি,পরিবহন ও যানবাহন,ishaara,5
3116,যাত্রা,যাত্রা,পরিবহন ও যানবাহন,ishaara,5
3117,রেলগাড়ি,রেলগাড়ি,পরিবহন ও যানবাহন,ishaara,5
3118,প্লেন,প্লেন,পরিবহন ও যানবাহন,ishaara,5
3119,ভ্যান গাড়ি,ভ্যান গাড়ি,পরিবহন ও যানবাহন,ishaara,5
3120,ঘোড়ার গাড়ি,ঘোড়ার গাড়ি,পরিবহন ও যানবাহন,ishaara,5
3121,কাঁচা রাস্তা,কাঁচা রাস্তা,পরিবহন ও যানবাহন,ishaara,5
3122,হর্ণ,হর্ণ,পরিবহন ও যানবাহন,ishaara,5
3123,যাতায়াত,যাতায়াত,পরিবহন ও যানবাহন,ishaara,5
3124,লঞ্চ,লঞ্চ,পরিবহন ও যানবাহন,ishaara,5
3125,হেলিকপ্টার,হেলিকপ্টার,পরিবহন ও যানবাহন,ishaara,5
3126,টেক্সি,টেক্সি,পরিবহন ও যানবাহন,ishaara,5
3127,বেবি ট্যাক্সি,বেবি ট্যাক্সি,পরিবহন ও যানবাহন,ishaara,5
3128,মাইক্রোবাস,মাইক্রোবাস,পরিবহন ও যানবাহন,ishaara,5
3129,যানবাহন,যানবাহন,পরিবহন ও যানবাহন,ishaara,5
3130,সাঁকো,সাঁকো,পরিবহন ও যানবাহন,ishaara,5
3131,হেলমেট,হেলমেট,পরিবহন ও যানবাহন,ishaara,5
3132,গোলচক্কর,গোলচক্কর,পরিবহন ও যানবাহন,ishaara,5
3133,ডুবোজাহাজ,ডুবোজাহাজ,পরিবহন ও যানবাহন,ishaara,5
3134,ট্রাফিক জ্যাম,ট্রাফিক জ্যাম,পরিবহন ও যানবাহন,ishaara,5
3135,টোল,টোল,পরিবহন ও যানবাহন,ishaara,5
3136,সি এন জি স্কুটার,সি এন জি স্কুটার,পরিবহন ও যানবাহন,ishaara,5
3137,রিক্সার হুড,রিক্সার হুড,পরিবহন ও যানবাহন,ishaara,5
3138,স্পিড ব্রেকার,স্পিড ব্রেকার,পরিবহন ও যানবাহন,ishaara,5
3139,ট্র্যাক্টর,ট্র্যাক্টর,পরিবহন ও যানবাহন,ishaara,5
3140,প্লাট ফরম,প্লাট ফরম,পরিবহন ও যানবাহন,ishaara,5
3141,জঙ্গি বিমান,জঙ্গি বিমান,পরিবহন ও যানবাহন,ishaara,5
3142,রেল পথ,রেল পথ,পরিবহন ও যানবাহন,ishaara,5
3143,নাগরদোলা,নাগরদোলা,বিবিধ (সাধারণ),ishaara,5
3144,ট্রাক,ট্রাক,পরিবহন ও যানবাহন,ishaara,5
3145,গরুর গাড়ি,গরুর গাড়ি,পরিবহন ও যানবাহন,ishaara,5
3146,ফ্রক (মেয়েদের জামা),ফ্রক (মেয়েদের জামা),পোশাক ও ফ্যাশন,ishaara,5
3147,সস্তা,সস্তা,আর্থিক ও ব্যবসা,ishaara,5
3148,ক্ষুদ্র ঋণ,ক্ষুদ্র ঋণ,আর্থিক ও ব্যবসা,ishaara,5
3149,অচল টাকা,অচল টাকা,আর্থিক ও ব্যবসা,ishaara,5
3150,অভিধান,অভিধান,শিক্ষা,ishaara,5
3151,জয়ফল,জয়ফল,বিবিধ (সাধারণ),ishaara,5
3152,বেসবল,বেসবল,খেলাধুলা ও বিনোদন,ishaara,5
3153,ভাস্কর্য,ভাস্কর্য,সংগীত ও সংস্কৃতি,ishaara,5
3154,কর্মশালা,কর্মশালা,সাধারণ প্রশাসন ও সামাজিক,ishaara,5
3155,ফেনসিডিল,ফেনসিডিল,বিবিধ (সাধারণ),ishaara,5
3156,জোনাকি পোকা,জোনাকি পোকা,প্রাণী,ishaara,5
3157,সম্মেলন,সম্মেলন,সাধারণ প্রশাসন ও সামাজিক,ishaara,5
3158,নিমকি,নিমকি,খাদ্য ও পানীয় (সাধারণ),ishaara,5
3159,পালংশাক,পালংশাক,শাকসব্জি ও রান্নার উপকরণ,ishaara,5
3160,ব্যাকুল,ব্যাকুল,বিবিধ (সাধারণ),ishaara,5
3161,খৈ,খৈ,খাদ্য ও পানীয় (সাধারণ),ishaara,5
3162,ফড়িং,ফড়িং,প্রাণী,ishaara,5
3163,জেব্রা,জেব্রা,প্রাণী,ishaara,5
3164,আত্মসমর্পণ,আত্মসমর্পণ,বিবিধ (সাধারণ),ishaara,5
3165,কুঠার,কুঠার,বিবিধ (সাধারণ),ishaara,5
3166,নীড়,নীড়,বিবিধ (সাধারণ),ishaara,5
3167,ধূমকেতু,ধূমকেতু,প্রকৃতি ও পরিবেশ,ishaara,5
3168,নমুনা,নমুনা,সাধারণ প্রশাসন ও সামাজিক,ishaara,5
3169,মাল্টি প্লাগ,মাল্টি প্লাগ,প্রযুক্তি ও ইলেকট্রনিক্স,ishaara,5
3170,মাড়ি,মাড়ি,বিবিধ (সাধারণ),ishaara,5
3171,হনুমান,হনুমান,প্রাণী,ishaara,5
3172,ডাস্টার,ডাস্টার,বিবিধ (সাধারণ),ishaara,5
3173,খনি,খনি,সাধারণ প্রশাসন ও সামাজিক,ishaara,5
3174,পূর্ব পুরুষ,পূর্ব পুরুষ,বিবিধ (সাধারণ),ishaara,5
3175,ধুতি,ধুতি,পোশাক ও ফ্যাশন,ishaara,5
3176,স্থাপন,স্থাপন,সাধারণ প্রশাসন ও সামাজিক,ishaara,5
3177,বট গাছ,বট গাছ,বাগান ও গাছপালা,ishaara,5
3178,মিশুক,মিশুক,বিবিধ (সাধারণ),ishaara,5
3179,লগো,লগো,সাধারণ প্রশাসন ও সামাজিক,ishaara,5
3180,অর্থমন্ত্রী,অর্থমন্ত্রী,সাধারণ প্রশাসন ও সামাজিক,ishaara,5
3181,দীঘি,দীঘি,বিবিধ (সাধারণ),ishaara,5
3182,মিশর,মিশর,দেশ ও আন্তর্জাতিক,ishaara,5
3183,পাপড়ি,পাপড়ি,বিবিধ (সাধারণ),ishaara,5
3184,নন্দন পার্ক,নন্দন পার্ক,বিবিধ (সাধারণ),ishaara,5
3185,ইমিটেশন,ইমিটেশন,সৌন্দর্য ও সাজসজ্জা,ishaara,5
3186,পাপর,পাপর,খাদ্য ও পানীয় (সাধারণ),ishaara,5
3187,হামাগুড়ি,হামাগুড়ি,বিবিধ (সাধারণ),ishaara,5
3188,মার্বেল,মার্বেল,বিবিধ (সাধারণ),ishaara,5
3189,অবদান,অবদান,সাধারণ প্রশাসন ও সামাজিক,ishaara,5
3190,অতিরিক্ত,অতিরিক্ত,বিবিধ (সাধারণ),ishaara,5
3191,ডিঙ্গি নৌকা,ডিঙ্গি নৌকা,পরিবহন ও যানবাহন,ishaara,5
3192,যৌতুক,যৌতুক,বিবিধ (সাধারণ),ishaara,5
3193,আগষ্ট,আগষ্ট,মাস,ishaara,5
3194,বীজগণিত,বীজগণিত,শিক্ষা,ishaara,5
3195,শর্ত,শর্ত,বিবিধ (সাধারণ),ishaara,5
3196,আয়তক্ষেত্র,আয়তক্ষেত্র,শিক্ষা,ishaara,5
3197,হিটার,হিটার,বিবিধ (সাধারণ),ishaara,5
3198,চড়ুই,চড়ুই,প্রাণী,ishaara,5
3199,বোয়াল মাছ,বোয়াল মাছ,বিবিধ (সাধারণ),ishaara,5
3200,পাঞ্চ মেশিন,পাঞ্চ মেশিন,বিবিধ (সাধারণ),ishaara,5
3201,কনডম,কনডম,বিবিধ (সাধারণ),ishaara,5
3202,জানুয়ারী,জানুয়ারী,মাস,ishaara,5
3203,ডেইরি ফার্ম,ডেইরি ফার্ম,শস্য ও কৃষি,ishaara,5
3204,অজ্ঞাত,অজ্ঞাত,আইন ও অপরাধ,ishaara,5
3205,অপরাধী,অপরাধী,আইন ও অপরাধ,ishaara,5
3206,জলদস্যু,জলদস্যু,আইন ও অপরাধ,ishaara,5
3207,আত্মরক্ষা,আত্মরক্ষা,আইন ও অপরাধ,ishaara,5
3208,জামিনপত্র,জামিনপত্র,আইন ও অপরাধ,ishaara,5
3209,নোংরা,নোংরা,আইন ও অপরাধ,ishaara,5
3210,প্রত্যক্ষদর্শী,প্রত্যক্ষদর্শী,আইন ও অপরাধ,ishaara,5
3211,শুনানি,শুনানি,আইন ও অপরাধ,ishaara,5
3212,জেরা করা,জেরা করা,আইন ও অপরাধ,ishaara,5
3213,খারিজ,খারিজ,আইন ও অপরাধ,ishaara,5
3214,নির্যাতন,নির্যাতন,আইন ও অপরাধ,ishaara,5
3215,ধস্তাধস্তি,ধস্তাধস্তি,আইন ও অপরাধ,ishaara,5
3216,ধাওয়া,ধাওয়া,আইন ও অপরাধ,ishaara,5
3217,জিজ্ঞাসাবাদ,জিজ্ঞাসাবাদ,আইন ও অপরাধ,ishaara,5
3218,জামিনদার,জামিনদার,আইন ও অপরাধ,ishaara,5
3219,দোষী,দোষী,আইন ও অপরাধ,ishaara,5
3220,অনুসন্ধান,অনুসন্ধান,আইন ও অপরাধ,ishaara,5
3221,পোস্ট মর্টেম,পোস্ট মর্টেম,আইন ও অপরাধ,ishaara,5
3222,প্রতিবন্ধী অধিকার ও সুরক্ষা আইন,প্রতিবন্ধী অধিকার ও সুরক্ষা আইন,বিশেষ শিক্ষা ও প্রতিবন্ধিতা,ishaara,5
3223,বিশৃঙ্খলা,বিশৃঙ্খলা,আইন ও অপরাধ,ishaara,5
3224,অংক,অংক,শিক্ষা,ishaara,5
3225,ব্ল্যাকবোর্ড,ব্ল্যাকবোর্ড,শিক্ষা,ishaara,5
3226,অধ্যাপক,অধ্যাপক,শিক্ষা,ishaara,5
3227,ত্রিভুজ,ত্রিভুজ,শিক্ষা,ishaara,5
3228,আলিম,আলিম,শিক্ষা,ishaara,5
3229,উদ্ভিদ বিজ্ঞান,উদ্ভিদ বিজ্ঞান,শিক্ষা,ishaara,5
3230,পিএইচডি,পিএইচডি,শিক্ষা,ishaara,5
3231,প্রাক্তন ছাত্র,প্রাক্তন ছাত্র,শিক্ষা,ishaara,5
3232,এইচ এস সি,এইচ এস সি,শিক্ষা,ishaara,5
3233,এস এস সি,এস এস সি,শিক্ষা,ishaara,5
3234,কম্পিউটার বিজ্ঞান,কম্পিউটার বিজ্ঞান,শিক্ষা,ishaara,5
3235,কামিল,কামিল,শিক্ষা,ishaara,5
3236,হোস্টেল,হোস্টেল,শিক্ষা,ishaara,5
3237,সরল রেখা,সরল রেখা,শিক্ষা,ishaara,5
3238,চিত্রাঙ্কন,চিত্রাঙ্কন,শিক্ষা,ishaara,5
3239,জ্যামিতি,জ্যামিতি,শিক্ষা,ishaara,5
3240,দাখিল,দাখিল,শিক্ষা,ishaara,5
3241,ফাযিল,ফাযিল,শিক্ষা,ishaara,5
3242,বিসিএস,বিসিএস,শিক্ষা,ishaara,5
3243,রসায়ন,রসায়ন,শিক্ষা,ishaara,5
3244,রাষ্ট্র বিজ্ঞান,রাষ্ট্র বিজ্ঞান,শিক্ষা,ishaara,5
3245,হিসাব বিজ্ঞান,হিসাব বিজ্ঞান,শিক্ষা,ishaara,5
3246,ফি,ফি,শিক্ষা,ishaara,5
3247,পিএসসি,পিএসসি,শিক্ষা,ishaara,5
3248,ফর্ম,ফর্ম,শিক্ষা,ishaara,5
3249,পাঠ্যক্রম,পাঠ্যক্রম,শিক্ষা,ishaara,5
3250,প্রথম শ্রেণী,প্রথম শ্রেণী,শিক্ষা,ishaara,5
3251,প্রশংসা পত্র,প্রশংসা পত্র,শিক্ষা,ishaara,5
3252,অবৈতনিক,অবৈতনিক,শিক্ষা,ishaara,5
3253,উপবৃত্তি,উপবৃত্তি,শিক্ষা,ishaara,5
3254,বাণিজ্য (বিভাগ),বাণিজ্য (বিভাগ),শিক্ষা,ishaara,5
3255,বৃত্ত,বৃত্ত,শিক্ষা,ishaara,5
3256,মৎস্য বিজ্ঞান,মৎস্য বিজ্ঞান,শিক্ষা,ishaara,5
3257,মাদ্রাসা,মাদ্রাসা,শিক্ষা,ishaara,5
3258,মার্কেটিং,মার্কেটিং,শিক্ষা,ishaara,5
3259,ব্যাসার্ধ,ব্যাসার্ধ,শিক্ষা,ishaara,5
3260,শিক্ষা সপ্তাহ,শিক্ষা সপ্তাহ,শিক্ষা,ishaara,5
3261,কাঠমিস্ত্রি,কাঠমিস্ত্রি,পেশা ও জীবিকা,ishaara,5
3262,ডিসি,ডিসি,সরকার ও রাজনীতি,ishaara,5
3263,ভ্যানচালক,ভ্যানচালক,পেশা ও জীবিকা,ishaara,5
3264,নৌপুলিশ,নৌপুলিশ,পেশা ও জীবিকা,ishaara,5
3265,হেলপার,হেলপার,পেশা ও জীবিকা,ishaara,5
3266,রঙ মিস্ত্রী,রঙ মিস্ত্রী,পেশা ও জীবিকা,ishaara,5
3267,প্রধানমন্ত্রী,প্রধানমন্ত্রী,সরকার ও রাজনীতি,ishaara,5
3268,ভাস্কর,ভাস্কর,পেশা ও জীবিকা,ishaara,5
3269,চাকর,চাকর,পেশা ও জীবিকা,ishaara,5
3270,গীতিকার,গীতিকার,পেশা ও জীবিকা,ishaara,5
3271,জ্যোতিষী,জ্যোতিষী,পেশা ও জীবিকা,ishaara,5
3272,হিসাবরক্ষক,হিসাবরক্ষক,পেশা ও জীবিকা,ishaara,5
3273,সচিব,সচিব,সরকার ও রাজনীতি,ishaara,5
3274,প্রকাশক,প্রকাশক,পেশা ও জীবিকা,ishaara,5
3275,সহায়ক,সহায়ক,পেশা ও জীবিকা,ishaara,5
3276,শিক্ষামন্ত্রী,শিক্ষামন্ত্রী,সরকার ও রাজনীতি,ishaara,5
3277,স্থপতি,স্থপতি,পেশা ও জীবিকা,ishaara,5
3278,বিউটিশিয়ান,বিউটিশিয়ান,পেশা ও জীবিকা,ishaara,5
3279,ভিক্ষা করা,ভিক্ষা করা,বিবিধ (সাধারণ),ishaara,5
3280,মাছ ধরা,মাছ ধরা,বিবিধ (সাধারণ),ishaara,5
3281,বিমানবালা,বিমানবালা,পেশা ও জীবিকা,ishaara,5
3282,কম্পিউটার প্রকৌশল,কম্পিউটার প্রকৌশল,পেশা ও জীবিকা,ishaara,5
3283,বুলেট ট্রেন,বুলেট ট্রেন,পরিবহন ও যানবাহন,ishaara,5
3284,আন্ডারপাস,আন্ডারপাস,পরিবহন ও যানবাহন,ishaara,5
3285,গন্তব্য,গন্তব্য,পরিবহন ও যানবাহন,ishaara,5
3286,মেট্রোরেল,মেট্রোরেল,পরিবহন ও যানবাহন,ishaara,5
3287,নৌবহর,নৌবহর,পরিবহন ও যানবাহন,ishaara,5
3288,হেডলাইট,হেডলাইট,পরিবহন ও যানবাহন,ishaara,5
3289,ফ্লাইওভার,ফ্লাইওভার,পরিবহন ও যানবাহন,ishaara,5
3290,ওভারব্রিজ,ওভারব্রিজ,পরিবহন ও যানবাহন,ishaara,5
3291,সড়ক,সড়ক,পরিবহন ও যানবাহন,ishaara,5
3292,সেতু,সেতু,পরিবহন ও যানবাহন,ishaara,5
3293,লাইনচ্যুত,লাইনচ্যুত,পরিবহন ও যানবাহন,ishaara,5
3294,দোতলা বাস,দোতলা বাস,পরিবহন ও যানবাহন,ishaara,5
3295,ড্রাইভিং লাইসেন্স,ড্রাইভিং লাইসেন্স,পরিবহন ও যানবাহন,ishaara,5
3296,যানজট,যানজট,পরিবহন ও যানবাহন,ishaara,5
3297,কল,কল,প্রযুক্তি ও ইলেকট্রনিক্স,ishaara,5
3298,ওয়েবক্যাম,ওয়েবক্যাম,প্রযুক্তি ও ইলেকট্রনিক্স,ishaara,5
3299,জরুরী,জরুরী,প্রযুক্তি ও ইলেকট্রনিক্স,ishaara,5
3300,হ্যালো,হ্যালো,প্রযুক্তি ও ইলেকট্রনিক্স,ishaara,5
3301,সি সি ক্যামেরা,সি সি ক্যামেরা,প্রযুক্তি ও ইলেকট্রনিক্স,ishaara,5
3302,লগ আউট,লগ আউট,প্রযুক্তি ও ইলেকট্রনিক্স,ishaara,5
3303,হোয়াটস অ্যাপ,হোয়াটস অ্যাপ,প্রযুক্তি ও ইলেকট্রনিক্স,ishaara,5
3304,টুইটার,টুইটার,প্রযুক্তি ও ইলেকট্রনিক্স,ishaara,5
3305,গুগল,গুগল,প্রযুক্তি ও ইলেকট্রনিক্স,ishaara,5
3306,ফেসবুক,ফেসবুক,প্রযুক্তি ও ইলেকট্রনিক্স,ishaara,5
3307,লগ ইন,লগ ইন,প্রযুক্তি ও ইলেকট্রনিক্স,ishaara,5
3308,ডাটা এন্ট্রি,ডাটা এন্ট্রি,প্রযুক্তি ও ইলেকট্রনিক্স,ishaara,5
3309,ভিডিও কল,ভিডিও কল,প্রযুক্তি ও ইলেকট্রনিক্স,ishaara,5
3310,ভিডিও কনফারেন্স,ভিডিও কনফারেন্স,প্রযুক্তি ও ইলেকট্রনিক্স,ishaara,5
3311,ইন্সটাগ্রাম,ইন্সটাগ্রাম,প্রযুক্তি ও ইলেকট্রনিক্স,ishaara,5
3312,ইউটিউব,ইউটিউব,প্রযুক্তি ও ইলেকট্রনিক্স,ishaara,5
3313,ভিডিও,ভিডিও,প্রযুক্তি ও ইলেকট্রনিক্স,ishaara,5
3314,চাল্‌নী,চাল্‌নী,গৃহস্থালি সরঞ্জাম,ishaara,5
3315,ঝুল ঝাড়ুনি,ঝুল ঝাড়ুনি,গৃহস্থালি সরঞ্জাম,ishaara,5
3316,ক্যাবিনেট,ক্যাবিনেট,গৃহস্থালি সরঞ্জাম,ishaara,5
3317,সুতারগুটি,সুতারগুটি,গৃহস্থালি সরঞ্জাম,ishaara,5
3318,এ্যাসট্রে,এ্যাসট্রে,গৃহস্থালি সরঞ্জাম,ishaara,5
3319,চিমটা,চিমটা,গৃহস্থালি সরঞ্জাম,ishaara,5
3320,গ্যাস সিলিন্ডার,গ্যাস সিলিন্ডার,গৃহস্থালি সরঞ্জাম,ishaara,5
3321,স্ক্রু ড্রাইভার,স্ক্রু ড্রাইভার,গৃহস্থালি সরঞ্জাম,ishaara,5
3322,টিস্যু,টিস্যু,গৃহস্থালি সরঞ্জাম,ishaara,5
3323,দেয়াশলাই,দেয়াশলাই,গৃহস্থালি সরঞ্জাম,ishaara,5
3324,ব্যাটারী,ব্যাটারী,গৃহস্থালি সরঞ্জাম,ishaara,5
3325,ফুলদানি,ফুলদানি,গৃহস্থালি সরঞ্জাম,ishaara,5
3326,পলিথিন,পলিথিন,গৃহস্থালি সরঞ্জাম,ishaara,5
3327,ছুরি,ছুরি,গৃহস্থালি সরঞ্জাম,ishaara,5
3328,চিরুনি,চিরুনি,গৃহস্থালি সরঞ্জাম,ishaara,5
3329,হাতুড়ি,হাতুড়ি,গৃহস্থালি সরঞ্জাম,ishaara,5
3330,গজ ফিতা,গজ ফিতা,গৃহস্থালি সরঞ্জাম,ishaara,5
3331,হাইকমোড,হাইকমোড,গৃহস্থালি সরঞ্জাম,ishaara,5
3332,লিকুইড সোপ,লিকুইড সোপ,গৃহস্থালি সরঞ্জাম,ishaara,5
3333,বেলন,বেলন,গৃহস্থালি সরঞ্জাম,ishaara,5
3334,বাথটাব,বাথটাব,গৃহস্থালি সরঞ্জাম,ishaara,5
3335,ব্লেন্ডার,ব্লেন্ডার,গৃহস্থালি সরঞ্জাম,ishaara,5
3336,কার্পেট,কার্পেট,গৃহস্থালি সরঞ্জাম,ishaara,5
3337,আলমারি,আলমারি,গৃহস্থালি সরঞ্জাম,ishaara,5
3338,ছাঁকনি,ছাঁকনি,গৃহস্থালি সরঞ্জাম,ishaara,5
3339,মাছ ধরিবার জাল,মাছ ধরিবার জাল,গৃহস্থালি সরঞ্জাম,ishaara,5
3340,পুতুল,পুতুল,গৃহস্থালি সরঞ্জাম,ishaara,5
3341,শোবার ঘর,শোবার ঘর,বিবিধ (সাধারণ),ishaara,5
3342,শরৎকাল,শরৎকাল,ঋতু ও সময়,ishaara,5
3343,পহেলা বৈশাখ,পহেলা বৈশাখ,ঋতু ও সময়,ishaara,5
3344,ফেব্রুয়ারী,ফেব্রুয়ারী,মাস,ishaara,5
3345,নিরাময়,নিরাময়,স্বাস্থ্য ও চিকিৎসা,ishaara,5
3346,যক্ষা,যক্ষা,স্বাস্থ্য ও চিকিৎসা,ishaara,5
3347,দংশন,দংশন,স্বাস্থ্য ও চিকিৎসা,ishaara,5
3348,নিউমোনিয়া,নিউমোনিয়া,স্বাস্থ্য ও চিকিৎসা,ishaara,5
3349,উন্মাদ,উন্মাদ,স্বাস্থ্য ও চিকিৎসা,ishaara,5
3350,জলাতঙ্ক,জলাতঙ্ক,স্বাস্থ্য ও চিকিৎসা,ishaara,5
3351,ধড়ফড়,ধড়ফড়,স্বাস্থ্য ও চিকিৎসা,ishaara,5
3352,ডায়েট,ডায়েট,স্বাস্থ্য ও চিকিৎসা,ishaara,5
3353,মৃগী রোগ,মৃগী রোগ,স্বাস্থ্য ও চিকিৎসা,ishaara,5
3354,চোখ উঠা,চোখ উঠা,স্বাস্থ্য ও চিকিৎসা,ishaara,5
3355,পানিশূন্যতা,পানিশূন্যতা,স্বাস্থ্য ও চিকিৎসা,ishaara,5
3356,ক্যান্সার,ক্যান্সার,স্বাস্থ্য ও চিকিৎসা,ishaara,5
3357,বদহজম,বদহজম,স্বাস্থ্য ও চিকিৎসা,ishaara,5
3358,প্রসব বেদনা,প্রসব বেদনা,স্বাস্থ্য ও চিকিৎসা,ishaara,5
3359,স্বাস্থ্য পরীক্ষা,স্বাস্থ্য পরীক্ষা,স্বাস্থ্য ও চিকিৎসা,ishaara,5
3360,NICU,NICU,স্বাস্থ্য ও চিকিৎসা,ishaara,5
3361,ইউরিন টেস্ট,ইউরিন টেস্ট,স্বাস্থ্য ও চিকিৎসা,ishaara,5
3362,ECG,ECG,স্বাস্থ্য ও চিকিৎসা,ishaara,5
3363,আলট্রাসোনোগ্রাফি,আলট্রাসোনোগ্রাফি,স্বাস্থ্য ও চিকিৎসা,ishaara,5
3364,ব্লাড ক্যানসার,ব্লাড ক্যানসার,স্বাস্থ্য ও চিকিৎসা,ishaara,5
3365,ব্রেন টিউমার,ব্রেন টিউমার,স্বাস্থ্য ও চিকিৎসা,ishaara,5
3366,কেবিন,কেবিন,স্বাস্থ্য ও চিকিৎসা,ishaara,5
3367,স্ত্রীরোগ বিশেষজ্ঞ,স্ত্রীরোগ বিশেষজ্ঞ,স্বাস্থ্য ও চিকিৎসা,ishaara,5
3368,অর্থোপেডিক ডাক্তার,অর্থোপেডিক ডাক্তার,স্বাস্থ্য ও চিকিৎসা,ishaara,5
3369,দাঁতের ডাক্তার,দাঁতের ডাক্তার,স্বাস্থ্য ও চিকিৎসা,ishaara,5
3370,নরমাল ডেলিভারি,নরমাল ডেলিভারি,স্বাস্থ্য ও চিকিৎসা,ishaara,5
3371,গ্যাস্ট্রিক,গ্যাস্ট্রিক,স্বাস্থ্য ও চিকিৎসা,ishaara,5
3372,এলার্জি,এলার্জি,স্বাস্থ্য ও চিকিৎসা,ishaara,5
3373,ফোস্কা,ফোস্কা,স্বাস্থ্য ও চিকিৎসা,ishaara,5
3374,ঝাপসা,ঝাপসা,স্বাস্থ্য ও চিকিৎসা,ishaara,5
3375,খিঁচুনি,খিঁচুনি,স্বাস্থ্য ও চিকিৎসা,ishaara,5
3376,কাশির সিরাপ,কাশির সিরাপ,স্বাস্থ্য ও চিকিৎসা,ishaara,5
3377,পাগল,পাগল,স্বাস্থ্য ও চিকিৎসা,ishaara,5
3378,মাথা ঘোরা,মাথা ঘোরা,স্বাস্থ্য ও চিকিৎসা,ishaara,5
3379,বিষণ্ণ,বিষণ্ণ,স্বাস্থ্য ও চিকিৎসা,ishaara,5
3380,টিকা,টিকা,স্বাস্থ্য ও চিকিৎসা,ishaara,5
3381,কামরাঙা,কামরাঙা,ফল,ishaara,5
3382,ললি পপ,ললি পপ,খাদ্য ও পানীয় (সাধারণ),ishaara,5
3383,ফুল পিঠা,ফুল পিঠা,খাদ্য ও পানীয় (সাধারণ),ishaara,5
3384,সজ্‌নে,সজ্‌নে,খাদ্য ও পানীয় (সাধারণ),ishaara,5
3385,দুধলাউ,দুধলাউ,খাদ্য ও পানীয় (সাধারণ),ishaara,5
3386,পানীয়,পানীয়,খাদ্য ও পানীয় (সাধারণ),ishaara,5
3387,জেলি,জেলি,খাদ্য ও পানীয় (সাধারণ),ishaara,5
3388,হালিম,হালিম,খাদ্য ও পানীয় (সাধারণ),ishaara,5
3389,বার্গার,বার্গার,খাদ্য ও পানীয় (সাধারণ),ishaara,5
3390,ভাজি,ভাজি,খাদ্য ও পানীয় (সাধারণ),ishaara,5
3391,ঝালমুড়ি,ঝালমুড়ি,খাদ্য ও পানীয় (সাধারণ),ishaara,5
3392,জাম,জাম,ফল,ishaara,5
3393,সিঙ্গারা,সিঙ্গারা,খাদ্য ও পানীয় (সাধারণ),ishaara,5
3394,বাইম মাছ,বাইম মাছ,বিবিধ (সাধারণ),ishaara,5
3395,মিটবল,মিটবল,খাদ্য ও পানীয় (সাধারণ),ishaara,5
3396,শিক কাবাব,শিক কাবাব,খাদ্য ও পানীয় (সাধারণ),ishaara,5
3397,আলুর চপ,আলুর চপ,খাদ্য ও পানীয় (সাধারণ),ishaara,5
3398,বারবিকিউ,বারবিকিউ,খাদ্য ও পানীয় (সাধারণ),ishaara,5
3399,গরুর মাংস,গরুর মাংস,খাদ্য ও পানীয় (সাধারণ),ishaara,5
3400,মাখন,মাখন,খাদ্য ও পানীয় (সাধারণ),ishaara,5
3401,ক্যাফেটারিয়া,ক্যাফেটারিয়া,খাদ্য ও পানীয় (সাধারণ),ishaara,5
3402,চকোলেট,চকোলেট,খাদ্য ও পানীয় (সাধারণ),ishaara,5
3403,ধনেপাতা,ধনেপাতা,শাকসব্জি ও রান্নার উপকরণ,ishaara,5
3404,মসলা,মসলা,খাদ্য ও পানীয় (সাধারণ),ishaara,5
3405,শসা,শসা,শাকসব্জি ও রান্নার উপকরণ,ishaara,5
3406,তরকারি,তরকারি,খাদ্য ও পানীয় (সাধারণ),ishaara,5
3407,কাস্টার্ড,কাস্টার্ড,খাদ্য ও পানীয় (সাধারণ),ishaara,5
3408,ডেজার্ট,ডেজার্ট,খাদ্য ও পানীয় (সাধারণ),ishaara,5
3409,ফাস্ট ফুড,ফাস্ট ফুড,খাদ্য ও পানীয় (সাধারণ),ishaara,5
3410,মাছের মাথা,মাছের মাথা,খাদ্য ও পানীয় (সাধারণ),ishaara,5
3411,বাকি,বাকি,বিবিধ (সাধারণ),ishaara,5
3412,মোবাইল ব্যাংকিং,মোবাইল ব্যাংকিং,আর্থিক ও ব্যবসা,ishaara,5
3413,বিকাশ,বিকাশ,আর্থিক ও ব্যবসা,ishaara,5
3414,ক্রেডিট কার্ড,ক্রেডিট কার্ড,আর্থিক ও ব্যবসা,ishaara,5
3415,3D অ্যানিমেশন,3D অ্যানিমেশন,প্রযুক্তি ও ইলেকট্রনিক্স,ishaara,5
3416,IMO,IMO,প্রযুক্তি ও ইলেকট্রনিক্স,ishaara,5
3417,Messenger,Messenger,প্রযুক্তি ও ইলেকট্রনিক্স,ishaara,5
3418,Skype,Skype,প্রযুক্তি ও ইলেকট্রনিক্স,ishaara,5
3419,Zoom,Zoom,প্রযুক্তি ও ইলেকট্রনিক্স,ishaara,5
3420,অক্ষমতা,অক্ষমতা,বিশেষ শিক্ষা ও প্রতিবন্ধিতা,ishaara,5
3421,অগণিত,অগণিত,বিবিধ (সাধারণ),ishaara,5
3422,অগ্নিকান্ড,অগ্নিকান্ড,বিবিধ (সাধারণ),ishaara,5
3423,অগ্নিকুণ্ড,অগ্নিকুণ্ড,বিবিধ (সাধারণ),ishaara,5
3424,অগ্নিনির্বাপক,অগ্নিনির্বাপক,বিবিধ (সাধারণ),ishaara,5
3425,অগ্রভাগ,অগ্রভাগ,বিবিধ (সাধারণ),ishaara,5
3426,অঙ্গহানি,অঙ্গহানি,বিবিধ (সাধারণ),ishaara,5
3427,অজুহাত,অজুহাত,বিবিধ (সাধারণ),ishaara,5
3428,অটিস্টিক,অটিস্টিক,বিশেষ শিক্ষা ও প্রতিবন্ধিতা,ishaara,5
3429,অডিটোরিয়াম,অডিটোরিয়াম,বিবিধ (সাধারণ),ishaara,5
3430,অত্যাবশ্যক,অত্যাবশ্যক,বিবিধ (সাধারণ),ishaara,5
3431,অধিগ্রহণ,অধিগ্রহণ,বিবিধ (সাধারণ),ishaara,5
3432,অধিনায়ক,অধিনায়ক,বিবিধ (সাধারণ),ishaara,5
3433,অধিভুক্ত,অধিভুক্ত,বিবিধ (সাধারণ),ishaara,5
3434,অনবরত,অনবরত,বিবিধ (সাধারণ),ishaara,5
3435,অনাত্মীয়,অনাত্মীয়,বিবিধ (সাধারণ),ishaara,5
3436,অনাবৃষ্টি,অনাবৃষ্টি,বিবিধ (সাধারণ),ishaara,5
3437,অনামিকা,অনামিকা,বিবিধ (সাধারণ),ishaara,5
3438,অনাস্থা,অনাস্থা,বিবিধ (সাধারণ),ishaara,5
3439,অনিশ্চিত,অনিশ্চিত,বিবিধ (সাধারণ),ishaara,5
3440,অনুকরণ,অনুকরণ,বিবিধ (সাধারণ),ishaara,5
3441,অনুগ্রহ,অনুগ্রহ,বিবিধ (সাধারণ),ishaara,5
3442,অনুচিত,অনুচিত,বিবিধ (সাধারণ),ishaara,5
3443,অনুচ্ছেদ,অনুচ্ছেদ,বিবিধ (সাধারণ),ishaara,5
3444,অনুজ্জ্বল,অনুজ্জ্বল,বিবিধ (সাধারণ),ishaara,5
3445,অনুনয়,অনুনয়,বিবিধ (সাধারণ),ishaara,5
3446,অনুবাদ,অনুবাদ,বিবিধ (সাধারণ),ishaara,5
3447,অনুভব করা,অনুভব করা,বিবিধ (সাধারণ),ishaara,5
3448,অনুরাগী,অনুরাগী,বিবিধ (সাধারণ),ishaara,5
3449,অনেক দূরে,অনেক দূরে,বিবিধ (সাধারণ),ishaara,5
3450,অন্তর্ভুক্ত,অন্তর্ভুক্ত,বিবিধ (সাধারণ),ishaara,5
3451,অন্ধ,অন্ধ,বিবিধ (সাধারণ),ishaara,5
3452,অন্নপ্রাশন,অন্নপ্রাশন,বিবিধ (সাধারণ),ishaara,5
3453,অন্যত্র,অন্যত্র,বিবিধ (সাধারণ),ishaara,5
3454,অপছন্দ,অপছন্দ,বিবিধ (সাধারণ),ishaara,5
3455,অপমান,অপমান,বিবিধ (সাধারণ),ishaara,5
3456,অপরিস্কার,অপরিস্কার,বিবিধ (সাধারণ),ishaara,5
3457,অপর্যাপ্ত,অপর্যাপ্ত,বিবিধ (সাধারণ),ishaara,5
3458,অপারেশন থিয়েটার,অপারেশন থিয়েটার,বিবিধ (সাধারণ),ishaara,5
3459,অপ্রিয়,অপ্রিয়,বিবিধ (সাধারণ),ishaara,5
3460,অফার,অফার,বিবিধ (সাধারণ),ishaara,5
3461,অফিসার,অফিসার,বিবিধ (সাধারণ),ishaara,5
3462,অবজ্ঞা,অবজ্ঞা,বিবিধ (সাধারণ),ishaara,5
3463,অবমাননা,অবমাননা,বিবিধ (সাধারণ),ishaara,5
3464,অবাধ্য,অবাধ্য,বিবিধ (সাধারণ),ishaara,5
3465,অবিবাহিত,অবিবাহিত,বিবিধ (সাধারণ),ishaara,5
3466,অবিশ্বাস করা,অবিশ্বাস করা,বিবিধ (সাধারণ),ishaara,5
3467,অভিবাদন,অভিবাদন,বিবিধ (সাধারণ),ishaara,5
3468,অর্জন করা,অর্জন করা,বিবিধ (সাধারণ),ishaara,5
3469,অর্থ (মানে),অর্থ (মানে),বিবিধ (সাধারণ),ishaara,5
3470,অর্থনীতিবিদ,অর্থনীতিবিদ,বিবিধ (সাধারণ),ishaara,5
3471,অর্থায়ন,অর্থায়ন,বিবিধ (সাধারণ),ishaara,5
3472,অর্ধনমিত,অর্ধনমিত,বিবিধ (সাধারণ),ishaara,5
3473,অশিক্ষিত,অশিক্ষিত,বিবিধ (সাধারণ),ishaara,5
3474,অষ্টম,অষ্টম,বিবিধ (সাধারণ),ishaara,5
3475,অসন্তুষ্ট,অসন্তুষ্ট,বিবিধ (সাধারণ),ishaara,5
3476,অসম্মত,অসম্মত,বিবিধ (সাধারণ),ishaara,5
3477,অসম্মানজনক,অসম্মানজনক,বিবিধ (সাধারণ),ishaara,5
3478,অসুখি,অসুখি,বিবিধ (সাধারণ),ishaara,5
3479,অস্ত্র,অস্ত্র,বিবিধ (সাধারণ),ishaara,5
3480,অস্থিরতা,অস্থিরতা,বিবিধ (সাধারণ),ishaara,5
3481,অস্পষ্ট,অস্পষ্ট,বিবিধ (সাধারণ),ishaara,5
3482,অস্বীকৃতি,অস্বীকৃতি,বিবিধ (সাধারণ),ishaara,5
3483,অ্যান্টার্কটিকা,অ্যান্টার্কটিকা,দেশ ও আন্তর্জাতিক,ishaara,5
3484,অ্যালুমিনিয়াম,অ্যালুমিনিয়াম,বিবিধ (সাধারণ),ishaara,5
3485,অ্যালোপেথি,অ্যালোপেথি,বিবিধ (সাধারণ),ishaara,5
3486,আই ড্রপার,আই ড্রপার,বিবিধ (সাধারণ),ishaara,5
3487,আইডি কার্ড,আইডি কার্ড,বিবিধ (সাধারণ),ishaara,5
3488,আইলাইনার,আইলাইনার,সৌন্দর্য ও সাজসজ্জা,ishaara,5
3489,আইশ্যাডো,আইশ্যাডো,সৌন্দর্য ও সাজসজ্জা,ishaara,5
3490,আইসিইউ,আইসিইউ,বিবিধ (সাধারণ),ishaara,5
3491,আইসিইউ (ICU),আইসিইউ (ICU),বিবিধ (সাধারণ),ishaara,5
3492,আউট,আউট,বিবিধ (সাধারণ),ishaara,5
3493,আঁকড়ে ধরা,আঁকড়ে ধরা,বিবিধ (সাধারণ),ishaara,5
3494,আঁকাবাঁকা,আঁকাবাঁকা,বিবিধ (সাধারণ),ishaara,5
3495,আকৃতি,আকৃতি,বিবিধ (সাধারণ),ishaara,5
3496,আগ্রহ,আগ্রহ,বিবিধ (সাধারণ),ishaara,5
3497,আগ্রহী,আগ্রহী,বিবিধ (সাধারণ),ishaara,5
3498,আগ্রা,আগ্রা,বিবিধ (সাধারণ),ishaara,5
3499,আঙুলের ছাপ,আঙুলের ছাপ,বিবিধ (সাধারণ),ishaara,5
3500,আঁচড়,আঁচড়,বিবিধ (সাধারণ),ishaara,5
3501,আচরণগত পরিবর্তন,আচরণগত পরিবর্তন,বিবিধ (সাধারণ),ishaara,5
3502,আচ্ছা,আচ্ছা,বিবিধ (সাধারণ),ishaara,5
3503,আছাড়,আছাড়,বিবিধ (সাধারণ),ishaara,5
3504,আজীবন,আজীবন,বিবিধ (সাধারণ),ishaara,5
3505,আঞ্চলিক,আঞ্চলিক,বিবিধ (সাধারণ),ishaara,5
3506,আটকানো,আটকানো,বিবিধ (সাধারণ),ishaara,5
3507,আংটা,আংটা,বিবিধ (সাধারণ),ishaara,5
3508,আঠালো,আঠালো,বিবিধ (সাধারণ),ishaara,5
3509,আড়াআড়ি,আড়াআড়ি,বিবিধ (সাধারণ),ishaara,5
3510,আড়াই,আড়াই,বিবিধ (সাধারণ),ishaara,5
3511,আড়ি,আড়ি,বিবিধ (সাধারণ),ishaara,5
3512,আড্ডা,আড্ডা,বিবিধ (সাধারণ),ishaara,5
3513,আতঙ্ক,আতঙ্ক,"আবেগ, অনুভূতি ও মানসিক অবস্থা",ishaara,5
3514,আতশবাজি,আতশবাজি,বিবিধ (সাধারণ),ishaara,5
3515,আতা,আতা,ফল,ishaara,5
3516,আত্মগোপন,আত্মগোপন,বিবিধ (সাধারণ),ishaara,5
3517,আত্মবিশ্বাসী,আত্মবিশ্বাসী,বিবিধ (সাধারণ),ishaara,5
3518,আত্মমর্যাদা,আত্মমর্যাদা,বিবিধ (সাধারণ),ishaara,5
3519,আত্মসাৎ,আত্মসাৎ,বিবিধ (সাধারণ),ishaara,5
3520,আদেশ,আদেশ,বিবিধ (সাধারণ),ishaara,5
3521,আধাঘন্টা,আধাঘন্টা,বিবিধ (সাধারণ),ishaara,5
3522,আধুনিক,আধুনিক,বিবিধ (সাধারণ),ishaara,5
3523,আনন্দিত,আনন্দিত,বিবিধ (সাধারণ),ishaara,5
3524,আন্দাজ,আন্দাজ,বিবিধ (সাধারণ),ishaara,5
3525,আপত্তি,আপত্তি,বিবিধ (সাধারণ),ishaara,5
3526,আবাসন মেলা,আবাসন মেলা,বিবিধ (সাধারণ),ishaara,5
3527,আবিষ্কার,আবিষ্কার,বিবিধ (সাধারণ),ishaara,5
3528,আমলকী,আমলকী,ফল,ishaara,5
3529,আম্পায়ার,আম্পায়ার,বিবিধ (সাধারণ),ishaara,5
3530,আম্রকানন,আম্রকানন,বিবিধ (সাধারণ),ishaara,5
3531,আয়োডিন,আয়োডিন,বিবিধ (সাধারণ),ishaara,5
3532,আলজিহবা,আলজিহবা,বিবিধ (সাধারণ),ishaara,5
3533,আলজেরিয়া,আলজেরিয়া,দেশ ও আন্তর্জাতিক,ishaara,5
3534,আলহামদুলিল্লাহ,আলহামদুলিল্লাহ,বিবিধ (সাধারণ),ishaara,5
3535,আলিঙ্গন,আলিঙ্গন,বিবিধ (সাধারণ),ishaara,5
3536,আলোকিত,আলোকিত,বিবিধ (সাধারণ),ishaara,5
3537,আশীর্বাদ,আশীর্বাদ,বিবিধ (সাধারণ),ishaara,5
3538,আশুলিয়া,আশুলিয়া,বিবিধ (সাধারণ),ishaara,5
3539,আসক্তি,আসক্তি,বিবিধ (সাধারণ),ishaara,5
3540,আসন,আসন,বিবিধ (সাধারণ),ishaara,5
3541,ই-কমার্স,ই-কমার্স,প্রযুক্তি ও ইলেকট্রনিক্স,ishaara,5
3542,ইউক্রেন,ইউক্রেন,দেশ ও আন্তর্জাতিক,ishaara,5
3543,ইউরো,ইউরো,বিবিধ (সাধারণ),ishaara,5
3544,ইউরোপীয় ইউনিয়ন,ইউরোপীয় ইউনিয়ন,বিবিধ (সাধারণ),ishaara,5
3545,ইচ্ছা,ইচ্ছা,"আবেগ, অনুভূতি ও মানসিক অবস্থা",ishaara,5
3546,ইচ্ছাকৃত,ইচ্ছাকৃত,"আবেগ, অনুভূতি ও মানসিক অবস্থা",ishaara,5
3547,ইজতেমা,ইজতেমা,ধর্ম,ishaara,5
3548,ইমেইল,ইমেইল,প্রযুক্তি ও ইলেকট্রনিক্স,ishaara,5
3549,ইমেইল অ্যাড্রেস,ইমেইল অ্যাড্রেস,প্রযুক্তি ও ইলেকট্রনিক্স,ishaara,5
3550,ইয়ারফোন,ইয়ারফোন / ইয়ারবাড,প্রযুক্তি ও ইলেকট্রনিক্স,ishaara,5
3551,ইলাস্টিক,ইলাস্টিক,প্রযুক্তি ও ইলেকট্রনিক্স,ishaara,5
3552,ইংল্যান্ড,ইংল্যান্ড,বিবিধ (সাধারণ),ishaara,5
3553,ইসলামিক ফাউন্ডেশন,ইসলামিক ফাউন্ডেশন,ধর্ম,ishaara,5
3554,ইস্পাত,ইস্পাত,বিবিধ (সাধারণ),ishaara,5
3555,ঈশ্বর,ঈশ্বর,বিবিধ (সাধারণ),ishaara,5
3556,উগ্র,উগ্র,বিবিধ (সাধারণ),ishaara,5
3557,উচ্চ শব্দ,উচ্চ শব্দ,বিবিধ (সাধারণ),ishaara,5
3558,উচ্চস্বর,উচ্চস্বর,বিবিধ (সাধারণ),ishaara,5
3559,উচ্ছ্বসিত,উচ্ছ্বসিত,বিবিধ (সাধারণ),ishaara,5
3560,উত্তর পত্র,উত্তর পত্র,বিবিধ (সাধারণ),ishaara,5
3561,উত্তরা,উত্তরা,বাংলাদেশের স্থান,ishaara,5
3562,উত্তেজিত,উত্তেজিত,"আবেগ, অনুভূতি ও মানসিক অবস্থা",ishaara,5
3563,উদ্বোধন,উদ্বোধন,বিবিধ (সাধারণ),ishaara,5
3564,উদ্যোক্তা,উদ্যোক্তা,বিবিধ (সাধারণ),ishaara,5
3565,উপকারী,উপকারী,বিবিধ (সাধারণ),ishaara,5
3566,উপদেশ,উপদেশ,বিবিধ (সাধারণ),ishaara,5
3567,উপন‍্যাস,উপন‍্যাস,বিবিধ (সাধারণ),ishaara,5
3568,উপভোগ,উপভোগ,বিবিধ (সাধারণ),ishaara,5
3569,উপস্থাপন,উপস্থাপন,বিবিধ (সাধারণ),ishaara,5
3570,উপহাস,উপহাস,বিবিধ (সাধারণ),ishaara,5
3571,উপাদান,উপাদান,বিবিধ (সাধারণ),ishaara,5
3572,উপায়,উপায়,বিবিধ (সাধারণ),ishaara,5
3573,উপেক্ষা,উপেক্ষা,বিবিধ (সাধারণ),ishaara,5
3574,উল,উল,বিবিধ (সাধারণ),ishaara,5
3575,উল্টানো,উল্টানো,বিবিধ (সাধারণ),ishaara,5
3576,উল্লাস,উল্লাস,"আবেগ, অনুভূতি ও মানসিক অবস্থা",ishaara,5
3577,ঋতুস্রাব,ঋতুস্রাব,বিবিধ (সাধারণ),ishaara,5
3578,এক-পঞ্চমাংশ,এক-পঞ্চমাংশ,বিবিধ (সাধারণ),ishaara,5
3579,এককালীন,এককালীন,বিবিধ (সাধারণ),ishaara,5
3580,একতারা,একতারা,সংগীত ও সংস্কৃতি,ishaara,5
3581,একদর,একদর,বিবিধ (সাধারণ),ishaara,5
3582,একমাত্র,একমাত্র,বিবিধ (সাধারণ),ishaara,5
3583,এক্সেল,এক্সেল,প্রযুক্তি ও ইলেকট্রনিক্স,ishaara,5
3584,এসকেলেটর,এসকেলেটর,প্রযুক্তি ও ইলেকট্রনিক্স,ishaara,5
3585,ওজন মাপার যন্ত্র,ওজন মাপার যন্ত্র,বিবিধ (সাধারণ),ishaara,5
3586,ওজু,ওজু,বিবিধ (সাধারণ),ishaara,5
3587,ওঠানামা করা,ওঠানামা করা,বিবিধ (সাধারণ),ishaara,5
3588,ওমরাহ,ওমরাহ,ধর্ম,ishaara,5
3589,ওয়ানডে ম্যাচ,ওয়ানডে ম্যাচ,খেলাধুলা ও বিনোদন,ishaara,5
3590,ওয়ার্ড,ওয়ার্ড,বিবিধ (সাধারণ),ishaara,5
3591,ওয়েবসাইট,ওয়েবসাইট,প্রযুক্তি ও ইলেকট্রনিক্স,ishaara,5
3592,ওয়েস্ট কোট,ওয়েস্ট কোট,পোশাক ও ফ্যাশন,ishaara,5
3593,কণ্ঠ,কণ্ঠ,বিবিধ (সাধারণ),ishaara,5
3594,কত্থক নাচ,কত্থক নাচ,খেলাধুলা ও বিনোদন,ishaara,5
3595,কনটাক্ট লেন্স,কনটাক্ট লেন্স,বিবিধ (সাধারণ),ishaara,5
3596,কপি (Copy),কপি (Copy),বিবিধ (সাধারণ),ishaara,5
3597,কবরস্থান,কবরস্থান,ধর্ম,ishaara,5
3598,কব্জি,কব্জি,বিবিধ (সাধারণ),ishaara,5
3599,কমান্ডার,কমান্ডার,বিবিধ (সাধারণ),ishaara,5
3600,কমিশন,কমিশন,বিবিধ (সাধারণ),ishaara,5
3601,করোনা ভাইরাস,করোনা ভাইরাস,বিবিধ (সাধারণ),ishaara,5
3602,কর্কশ,কর্কশ,বিবিধ (সাধারণ),ishaara,5
3603,কর্মচারী,কর্মচারী,বিবিধ (সাধারণ),ishaara,5
3604,কর্মসংস্থান,কর্মসংস্থান,বিবিধ (সাধারণ),ishaara,5
3605,কল্পকাহিনী,কল্পকাহিনী,বিবিধ (সাধারণ),ishaara,5
3606,কল্যাণপুর,কল্যাণপুর,বাংলাদেশের স্থান,ishaara,5
3607,কসমেটিক,কসমেটিক,সৌন্দর্য ও সাজসজ্জা,ishaara,5
3608,কাকরাইল,কাকরাইল,বাংলাদেশের স্থান,ishaara,5
3609,কাঁচা মরিচ,কাঁচা মরিচ,শাকসব্জি ও রান্নার উপকরণ,ishaara,5
3610,কাঁচা হলুদ,কাঁচা হলুদ,শাকসব্জি ও রান্নার উপকরণ,ishaara,5
3611,কাছিম,কাছিম,বিবিধ (সাধারণ),ishaara,5
3612,কাজলদানি,কাজলদানি,বিবিধ (সাধারণ),ishaara,5
3613,কাজিন,কাজিন,বিবিধ (সাধারণ),ishaara,5
3614,কাঁটা তার,কাঁটা তার,বিবিধ (সাধারণ),ishaara,5
3615,কাতল মাছ,কাতল মাছ,বিবিধ (সাধারণ),ishaara,5
3616,কাদের,কাদের,বিবিধ (সাধারণ),ishaara,5
3617,কান,কান,শরীরের অংশ,ishaara,5
3618,কাপড় চোপড়,কাপড় চোপড়,বিবিধ (সাধারণ),ishaara,5
3619,কাপুরুষ,কাপুরুষ,চরিত্র ও গুণাবলী,ishaara,5
3620,কাবা শরিফ,কাবা শরিফ,ধর্ম,ishaara,5
3621,কারাগার,কারাগার,বিবিধ (সাধারণ),ishaara,5
3622,কারুশিল্প,কারুশিল্প,সংগীত ও সংস্কৃতি,ishaara,5
3623,কার্গো,কার্গো,বিবিধ (সাধারণ),ishaara,5
3624,কার্টুন,কার্টুন,বিবিধ (সাধারণ),ishaara,5
3625,কার্তুজ,কার্তুজ,বিবিধ (সাধারণ),ishaara,5
3626,কার্বন ডাই অক্সাইড,কার্বন ডাই অক্সাইড,বিবিধ (সাধারণ),ishaara,5
3627,কার্যনির্বাহী,কার্যনির্বাহী,বিবিধ (সাধারণ),ishaara,5
3628,কালবৈশাখি,কালবৈশাখি,প্রকৃতি ও পরিবেশ,ishaara,5
3629,কিডনি,কিডনি,বিবিধ (সাধারণ),ishaara,5
3630,কিশমিশ,কিশমিশ,বিবিধ (সাধারণ),ishaara,5
3631,কুঁজো,কুঁজো,বিবিধ (সাধারণ),ishaara,5
3632,কুটনামি করা,কুটনামি করা,বিবিধ (সাধারণ),ishaara,5
3633,কুড়িল বিশ্বরোড,কুড়িল বিশ্বরোড,বাংলাদেশের স্থান,ishaara,5
3634,কুতকুত খেলা,কুতকুত খেলা,খেলাধুলা ও বিনোদন,ishaara,5
3635,কুনি,কুনি,বিবিধ (সাধারণ),ishaara,5
3636,কৃতিত্ব,কৃতিত্ব,বিবিধ (সাধারণ),ishaara,5
3637,কৃপণ,কৃপণ,চরিত্র ও গুণাবলী,ishaara,5
3638,কৃষি জমি,কৃষি জমি,প্রকৃতি ও পরিবেশ,ishaara,5
3639,কৃষিবিজ্ঞান,কৃষিবিজ্ঞান,বিবিধ (সাধারণ),ishaara,5
3640,কৃষ্ণ,কৃষ্ণ,বিবিধ (সাধারণ),ishaara,5
3641,কেটে ফেলা,কেটে ফেলা,বিবিধ (সাধারণ),ishaara,5
3642,কেমিক্যাল,কেমিক্যাল,বিবিধ (সাধারণ),ishaara,5
3643,কোক,কোক,বিবিধ (সাধারণ),ishaara,5
3644,কোটি,কোটি,বিবিধ (সাধারণ),ishaara,5
3645,কোমর,কোমর,শরীরের অংশ,ishaara,5
3646,কোরআন শরিফ,কোরআন শরিফ,ধর্ম,ishaara,5
3647,কোরমা,কোরমা,বিবিধ (সাধারণ),ishaara,5
3648,ক্যামেরা,ক্যামেরা,বিবিধ (সাধারণ),ishaara,5
3649,ক্রম,ক্রম,বিবিধ (সাধারণ),ishaara,5
3650,ক্রমাগত,ক্রমাগত,বিবিধ (সাধারণ),ishaara,5
3651,ক্রয়,ক্রয়,বিবিধ (সাধারণ),ishaara,5
3652,ক্লান্তি,ক্লান্তি,বিবিধ (সাধারণ),ishaara,5
3653,ক্ষণস্থায়ী,ক্ষণস্থায়ী,বিবিধ (সাধারণ),ishaara,5
3654,ক্ষতিপূরণ,ক্ষতিপূরণ,বিবিধ (সাধারণ),ishaara,5
3655,ক্ষমা,ক্ষমা,বিবিধ (সাধারণ),ishaara,5
3656,ক্ষীণ,ক্ষীণ,বিবিধ (সাধারণ),ishaara,5
3657,ক্ষুধার্ত,ক্ষুধার্ত,বিবিধ (সাধারণ),ishaara,5
3658,ক্ষেত্র,ক্ষেত্র,বিবিধ (সাধারণ),ishaara,5
3659,খরচ,খরচ,বিবিধ (সাধারণ),ishaara,5
3660,খরম,খরম,বিবিধ (সাধারণ),ishaara,5
3661,খসখসে,খসখসে,বিবিধ (সাধারণ),ishaara,5
3662,খসড়া,খসড়া,বিবিধ (সাধারণ),ishaara,5
3663,খাওয়ানো,খাওয়ানো,বিবিধ (সাধারণ),ishaara,5
3664,খাজনা,খাজনা,বিবিধ (সাধারণ),ishaara,5
3665,খাদ্য বিশেষজ্ঞ,খাদ্য বিশেষজ্ঞ,বিবিধ (সাধারণ),ishaara,5
3666,খাবনামা,খাবনামা,বিবিধ (সাধারণ),ishaara,5
3667,খারাপ অভ্যাস,খারাপ অভ্যাস,বিবিধ (সাধারণ),ishaara,5
3668,খারাপ কথা,খারাপ কথা,বিবিধ (সাধারণ),ishaara,5
3669,খুচরা,খুচরা,বিবিধ (সাধারণ),ishaara,5
3670,খেয়া ঘাট,খেয়া ঘাট,বিবিধ (সাধারণ),ishaara,5
3671,খোঁচা মারা,খোঁচা মারা,বিবিধ (সাধারণ),ishaara,5
3672,গড়,গড়,বিবিধ (সাধারণ),ishaara,5
3673,গণেশ,গণেশ,প্রকৃতি ও পরিবেশ,ishaara,5
3674,গম্বুজ,গম্বুজ,বিবিধ (সাধারণ),ishaara,5
3675,গলি,গলি,বিবিধ (সাধারণ),ishaara,5
3676,গাঁথা,গাঁথা,বিবিধ (সাধারণ),ishaara,5
3677,গাঁদা ফুল,গাঁদা ফুল,ফুল,ishaara,5
3678,গাবতলি,গাবতলি,বিবিধ (সাধারণ),ishaara,5
3679,গিট্টু,গিট্টু,বিবিধ (সাধারণ),ishaara,5
3680,গিবত,গিবত,বিবিধ (সাধারণ),ishaara,5
3681,গিয়ার,গিয়ার,বিবিধ (সাধারণ),ishaara,5
3682,গির্জা,গির্জা,বিবিধ (সাধারণ),ishaara,5
3683,গুঁড়ি গুঁড়ি বৃষ্টি,গুঁড়ি গুঁড়ি বৃষ্টি,প্রকৃতি ও পরিবেশ,ishaara,5
3684,গুন,গুন,বিবিধ (সাধারণ),ishaara,5
3685,গুলশান,গুলশান,বাংলাদেশের স্থান,ishaara,5
3686,গুলিস্তান,গুলিস্তান,বাংলাদেশের স্থান,ishaara,5
3687,গুহা,গুহা,প্রকৃতি ও পরিবেশ,ishaara,5
3688,গোড়ালি,গোড়ালি,বিবিধ (সাধারণ),ishaara,5
3689,গোল,গোল,বিবিধ (সাধারণ),ishaara,5
3690,গোলাকৃতি,গোলাকৃতি,বিবিধ (সাধারণ),ishaara,5
3691,গোলাপ ফূল,গোলাপ ফূল,ফুল,ishaara,5
3692,গোলাপজল,গোলাপজল,বিবিধ (সাধারণ),ishaara,5
3693,গ্রাফিক্স,গ্রাফিক্স,বিবিধ (সাধারণ),ishaara,5
3694,গ্রামাঞ্চল,গ্রামাঞ্চল,বিবিধ (সাধারণ),ishaara,5
3695,গ্লাভস,গ্লাভস,বিবিধ (সাধারণ),ishaara,5
3696,ঘাগড়া,ঘাগড়া,বিবিধ (সাধারণ),ishaara,5
3697,ঘুমঘুম ভাব,ঘুমঘুম ভাব,বিবিধ (সাধারণ),ishaara,5
3698,ঘুমন্ত,ঘুমন্ত,বিবিধ (সাধারণ),ishaara,5
3699,ঘুসি,ঘুসি,বিবিধ (সাধারণ),ishaara,5
3700,ঘূুড়ি উৎসব,ঘূুড়ি উৎসব,বিবিধ (সাধারণ),ishaara,5
3701,ঘৃণা,ঘৃণা,"আবেগ, অনুভূতি ও মানসিক অবস্থা",ishaara,5
3702,ঘোলা,ঘোলা,বিবিধ (সাধারণ),ishaara,5
3703,চক্র,চক্র,বিবিধ (সাধারণ),ishaara,5
3704,চক্রান্ত,চক্রান্ত,বিবিধ (সাধারণ),ishaara,5
3705,চঞ্চল,চঞ্চল,বিবিধ (সাধারণ),ishaara,5
3706,চড়া দাম,চড়া দাম,বিবিধ (সাধারণ),ishaara,5
3707,চন্দন,চন্দন,বিবিধ (সাধারণ),ishaara,5
3708,চর্ম,চর্ম,বিবিধ (সাধারণ),ishaara,5
3709,চর্মরোগ বিশেষজ্ঞ,চর্মরোগ বিশেষজ্ঞ,বিবিধ (সাধারণ),ishaara,5
3710,চা চক্র,চা চক্র,বিবিধ (সাধারণ),ishaara,5
3711,চারুকলা,চারুকলা,সংগীত ও সংস্কৃতি,ishaara,5
3712,চার্জ,চার্জ,বিবিধ (সাধারণ),ishaara,5
3713,চাহিদা,চাহিদা,বিবিধ (সাধারণ),ishaara,5
3714,চিত্র,চিত্র,বিবিধ (সাধারণ),ishaara,5
3715,চিরতরে,চিরতরে,বিবিধ (সাধারণ),ishaara,5
3716,চীনাবাদাম,চীনাবাদাম,বিবিধ (সাধারণ),ishaara,5
3717,চুনাপাথর,চুনাপাথর,বিবিধ (সাধারণ),ishaara,5
3718,চুবানো,চুবানো,বিবিধ (সাধারণ),ishaara,5
3719,চুল ঝুটি,চুল ঝুটি,বিবিধ (সাধারণ),ishaara,5
3720,চুলের জটা,চুলের জটা,বিবিধ (সাধারণ),ishaara,5
3721,চুষা,চুষা,বিবিধ (সাধারণ),ishaara,5
3722,চোয়াল,চোয়াল,বিবিধ (সাধারণ),ishaara,5
3723,চ্যালেঞ্জ,চ্যালেঞ্জ,বিবিধ (সাধারণ),ishaara,5
3724,ছক্কা,ছক্কা,বিবিধ (সাধারণ),ishaara,5
3725,ছড়িয়ে পড়া,ছড়িয়ে পড়া,বিবিধ (সাধারণ),ishaara,5
3726,ছলনা,ছলনা,বিবিধ (সাধারণ),ishaara,5
3727,ছাঁকা,ছাঁকা,বিবিধ (সাধারণ),ishaara,5
3728,ছারপোকা,ছারপোকা,বিবিধ (সাধারণ),ishaara,5
3729,ছিকা,ছিকা,বিবিধ (সাধারণ),ishaara,5
3730,ছিটকে পড়া,ছিটকে পড়া,বিবিধ (সাধারণ),ishaara,5
3731,ছিনিয়ে নেওয়া,ছিনিয়ে নেওয়া,বিবিধ (সাধারণ),ishaara,5
3732,ছেঁকে নেওয়া,ছেঁকে নেওয়া,বিবিধ (সাধারণ),ishaara,5
3733,ছেঁচা,ছেঁচা,বিবিধ (সাধারণ),ishaara,5
3734,ছোঁয়া,ছোঁয়া,বিবিধ (সাধারণ),ishaara,5
3735,জট,জট,বিবিধ (সাধারণ),ishaara,5
3736,জনশূন্য,জনশূন্য,বিবিধ (সাধারণ),ishaara,5
3737,জনসংখ্যা,জনসংখ্যা,বিবিধ (সাধারণ),ishaara,5
3738,জনসভা,জনসভা,বিবিধ (সাধারণ),ishaara,5
3739,জন্মনিয়ন্ত্রণ,জন্মনিয়ন্ত্রণ,বিবিধ (সাধারণ),ishaara,5
3740,জন্মভূমি,জন্মভূমি,বিবিধ (সাধারণ),ishaara,5
3741,জন্মসনদ,জন্মসনদ,বিবিধ (সাধারণ),ishaara,5
3742,জন্মাষ্টমী,জন্মাষ্টমী,ধর্ম,ishaara,5
3743,জবাই,জবাই,বিবিধ (সাধারণ),ishaara,5
3744,জয়ী,জয়ী,বিবিধ (সাধারণ),ishaara,5
3745,জর্দা,জর্দা,বিবিধ (সাধারণ),ishaara,5
3746,জলবসন্ত,জলবসন্ত,বিবিধ (সাধারণ),ishaara,5
3747,জলবায়ু,জলবায়ু,বিবিধ (সাধারণ),ishaara,5
3748,জলরঙ,জলরঙ,বিবিধ (সাধারণ),ishaara,5
3749,জল্লাদ,জল্লাদ,বিবিধ (সাধারণ),ishaara,5
3750,জাঙ্গিয়া,জাঙ্গিয়া,পোশাক ও ফ্যাশন,ishaara,5
3751,জাতীয় প্রতিবন্ধী উন্নয়ন ফাউন্ডেশন,জাতীয় প্রতিবন্ধী উন্নয়ন ফাউন্ডেশন,বিবিধ (সাধারণ),ishaara,5
3752,জাতীয় বধির সংস্থা,জাতীয় বধির সংস্থা,বিবিধ (সাধারণ),ishaara,5
3753,জাদু,জাদু,বিবিধ (সাধারণ),ishaara,5
3754,জামবুরা,জামবুরা,ফল,ishaara,5
3755,জামাইষষ্ঠী,জামাইষষ্ঠী,বিবিধ (সাধারণ),ishaara,5
3756,জাল,জাল,বিবিধ (সাধারণ),ishaara,5
3757,জাহান্নাম,জাহান্নাম,ধর্ম,ishaara,5
3758,জিএনপি (GNP),জিএনপি (GNP),বিবিধ (সাধারণ),ishaara,5
3759,জীবন কাহিনী,জীবন কাহিনী,বিবিধ (সাধারণ),ishaara,5
3760,জীবন বৃত্তান্ত,জীবন বৃত্তান্ত,বিবিধ (সাধারণ),ishaara,5
3761,জীবাণুমুক্ত করা,জীবাণুমুক্ত করা,বিবিধ (সাধারণ),ishaara,5
3762,জোড় সংখ্যা,জোড় সংখ্যা,পরিমাপ ও একক,ishaara,5
3763,জোড়া,জোড়া,বিবিধ (সাধারণ),ishaara,5
3764,জোর,জোর,বিবিধ (সাধারণ),ishaara,5
3765,জোরদার,জোরদার,বিবিধ (সাধারণ),ishaara,5
3766,জোরে হাসি,জোরে হাসি,বিবিধ (সাধারণ),ishaara,5
3767,জ্যাকেট,জ্যাকেট,পোশাক ও ফ্যাশন,ishaara,5
3768,ঝগড়া,ঝগড়া,বিবিধ (সাধারণ),ishaara,5
3769,ঝরা,ঝরা,বিবিধ (সাধারণ),ishaara,5
3770,ঝাঁক,ঝাঁক,বিবিধ (সাধারণ),ishaara,5
3771,ঝিকিমিকি,ঝিকিমিকি,বিবিধ (সাধারণ),ishaara,5
3772,ঝুঁকিপূর্ণ,ঝুঁকিপূর্ণ,বিবিধ (সাধারণ),ishaara,5
3773,ঝুলন্ত,ঝুলন্ত,বিবিধ (সাধারণ),ishaara,5
3774,টকিং বুক,টকিং বুক,বিবিধ (সাধারণ),ishaara,5
3775,টঙ্গি,টঙ্গি,বাংলাদেশের স্থান,ishaara,5
3776,টাই পিন,টাই পিন,বিবিধ (সাধারণ),ishaara,5
3777,টাক,টাক,বিবিধ (সাধারণ),ishaara,5
3778,টি-২০ ক্রিকেট,টি-২০ ক্রিকেট,খেলাধুলা ও বিনোদন,ishaara,5
3779,টিটকারি,টিটকারি,বিবিধ (সাধারণ),ishaara,5
3780,টিপ বোতাম,টিপ বোতাম,বিবিধ (সাধারণ),ishaara,5
3781,টুপি,টুপি,বিবিধ (সাধারণ),ishaara,5
3782,টেন্ডার,টেন্ডার,বিবিধ (সাধারণ),ishaara,5
3783,টেস্ট ক্রিকেট,টেস্ট ক্রিকেট,খেলাধুলা ও বিনোদন,ishaara,5
3784,ট্যালকম পাউডার,ট্যালকম পাউডার,বিবিধ (সাধারণ),ishaara,5
3785,ট্রান্সমিটার,ট্রান্সমিটার,বিবিধ (সাধারণ),ishaara,5
3786,ট্রাস্ট,ট্রাস্ট,বিবিধ (সাধারণ),ishaara,5
3787,ঠান্ডা,ঠান্ডা,বিবিধ (সাধারণ),ishaara,5
3788,ঠিক করা,ঠিক করা,বিবিধ (সাধারণ),ishaara,5
3789,ডজন,ডজন,পরিমাপ ও একক,ishaara,5
3790,ডাইনিং রুম,ডাইনিং রুম,বিবিধ (সাধারণ),ishaara,5
3791,ডাউনলোড,ডাউনলোড,প্রযুক্তি ও ইলেকট্রনিক্স,ishaara,5
3792,ডায়াগনস্টিক সেন্টার,ডায়াগনস্টিক সেন্টার,বিবিধ (সাধারণ),ishaara,5
3793,ডায়াপার,ডায়াপার,বিবিধ (সাধারণ),ishaara,5
3794,ডায়াবেটিস,ডায়াবেটিস,বিবিধ (সাধারণ),ishaara,5
3795,ডায়েরি,ডায়েরি,বিবিধ (সাধারণ),ishaara,5
3796,ডিজিটাল,ডিজিটাল,প্রযুক্তি ও ইলেকট্রনিক্স,ishaara,5
3797,ডিশ অ্যান্টেনা,ডিশ অ্যান্টেনা,প্রযুক্তি ও ইলেকট্রনিক্স,ishaara,5
3798,ডিসকাউন্ট,ডিসকাউন্ট,আর্থিক ও ব্যবসা,ishaara,5
3799,ডুব,ডুব,বিবিধ (সাধারণ),ishaara,5
3800,ডেস্ক,ডেস্ক,বিবিধ (সাধারণ),ishaara,5
3801,ড্রপার,ড্রপার,বিবিধ (সাধারণ),ishaara,5
3802,ঢাকা বিশ্ববিদ্যালয়,ঢাকা বিশ্ববিদ্যালয়,বাংলাদেশের স্থান,ishaara,5
3803,ঢাকা মেডিকেল,ঢাকা মেডিকেল,স্বাস্থ্য ও চিকিৎসা,ishaara,5
3804,তওবা,তওবা,ধর্ম,ishaara,5
3805,তৎকালীন,তৎকালীন,বিবিধ (সাধারণ),ishaara,5
3806,তত্ত্বাবধায়ক,তত্ত্বাবধায়ক,বিবিধ (সাধারণ),ishaara,5
3807,তথ্যচিত্র,তথ্যচিত্র,বিবিধ (সাধারণ),ishaara,5
3808,তদারক,তদারক,বিবিধ (সাধারণ),ishaara,5
3809,তফাৎ,তফাৎ,বিবিধ (সাধারণ),ishaara,5
3810,তরুণ,তরুণ,বিবিধ (সাধারণ),ishaara,5
3811,তরুণী,তরুণী,বিবিধ (সাধারণ),ishaara,5
3812,তর্জনী,তর্জনী,বিবিধ (সাধারণ),ishaara,5
3813,তাওই,তাওই,বিবিধ (সাধারণ),ishaara,5
3814,তাজ্জব,তাজ্জব,বিবিধ (সাধারণ),ishaara,5
3815,তাৎক্ষণিক,তাৎক্ষণিক,বিবিধ (সাধারণ),ishaara,5
3816,তাপ,তাপ,বিবিধ (সাধারণ),ishaara,5
3817,তামা,তামা,বিবিধ (সাধারণ),ishaara,5
3818,তারপর,তারপর,সর্বনাম ও সাধারণ কথ্য শব্দ,ishaara,5
3819,তাল গাছ,তাল গাছ,বাগান ও গাছপালা,ishaara,5
3820,তালিকাভুক্ত করা,তালিকাভুক্ত করা,বিবিধ (সাধারণ),ishaara,5
3821,তাসবিহ,তাসবিহ,ধর্ম,ishaara,5
3822,তিরস্কার করা,তিরস্কার করা,বিবিধ (সাধারণ),ishaara,5
3823,তীব্র,তীব্র,বিবিধ (সাধারণ),ishaara,5
3824,তীর চিহ্ন,তীর চিহ্ন,প্রযুক্তি ও ইলেকট্রনিক্স,ishaara,5
3825,তুড়ি,তুড়ি,বিবিধ (সাধারণ),ishaara,5
3826,তুলতুলে,তুলতুলে,বিবিধ (সাধারণ),ishaara,5
3827,তুষারঝড়,তুষারঝড়,বিবিধ (সাধারণ),ishaara,5
3828,তোশক,তোশক,বিবিধ (সাধারণ),ishaara,5
3829,ত্যাজ্য পুত্র,ত্যাজ্য পুত্র,পারিবারিক সম্পর্ক,ishaara,5
3830,ত্রুটি,ত্রুটি,বিবিধ (সাধারণ),ishaara,5
3831,ত্রুটিপূর্ণ,ত্রুটিপূর্ণ,বিবিধ (সাধারণ),ishaara,5
3832,ত্রুটিহীন,ত্রুটিহীন,বিবিধ (সাধারণ),ishaara,5
3833,থরথর কাঁপা,থরথর কাঁপা,বিবিধ (সাধারণ),ishaara,5
3834,থালাবাসন,থালাবাসন,গৃহস্থালি সরঞ্জাম,ishaara,5
3835,দক্ষিণ আফ্রিকা,দক্ষিণ আফ্রিকা,দেশ ও আন্তর্জাতিক,ishaara,5
3836,দড়িলাফ,দড়িলাফ,খেলাধুলা ও বিনোদন,ishaara,5
3837,দপ্তর,দপ্তর,সাধারণ প্রশাসন ও সামাজিক,ishaara,5
3838,দমন,দমন,আইন ও অপরাধ,ishaara,5
3839,দরকষা,দরকষা,বিবিধ (সাধারণ),ishaara,5
3840,দরখাস্ত,দরখাস্ত,সাধারণ প্রশাসন ও সামাজিক,ishaara,5
3841,দরজার হাতল,দরজার হাতল,গৃহস্থালি সরঞ্জাম,ishaara,5
3842,দরদাম,দরদাম,বিবিধ (সাধারণ),ishaara,5
3843,দর্শক,দর্শক,সাধারণ প্রশাসন ও সামাজিক,ishaara,5
3844,দান,দান,সাধারণ প্রশাসন ও সামাজিক,ishaara,5
3845,দাপট,দাপট,সাধারণ প্রশাসন ও সামাজিক,ishaara,5
3846,দাবি,দাবি,সাধারণ প্রশাসন ও সামাজিক,ishaara,5
3847,দিন (সময়),দিন (সময়),ঋতু ও সময়,ishaara,5
3848,দিন মজুর,দিন মজুর,পেশা ও জীবিকা,ishaara,5
3849,দিবস,দিবস,সাধারণ প্রশাসন ও সামাজিক,ishaara,5
3850,দিশেহারা,দিশেহারা,বিবিধ (সাধারণ),ishaara,5
3851,দুপাট্টা,দুপাট্টা,পোশাক ও ফ্যাশন,ishaara,5
3852,দুবাই,দুবাই,দেশ ও আন্তর্জাতিক,ishaara,5
3853,দুর্বল মন,দুর্বল মন,চরিত্র ও গুণাবলী,ishaara,5
3854,দুর্ভিক্ষ,দুর্ভিক্ষ,বিবিধ (সাধারণ),ishaara,5
3855,দুর্লভ,দুর্লভ,বিবিধ (সাধারণ),ishaara,5
3856,দূত,দূত,বিবিধ (সাধারণ),ishaara,5
3857,দূষিত,দূষিত,বিবিধ (সাধারণ),ishaara,5
3858,দৃঢ় বিশ্বাস,দৃঢ় বিশ্বাস,"আবেগ, অনুভূতি ও মানসিক অবস্থা",ishaara,5
3859,দেউলিয়া,দেউলিয়া,আর্থিক ও ব্যবসা,ishaara,5
3860,দেনা-পাওনা,দেনা-পাওনা,বিবিধ (সাধারণ),ishaara,5
3861,দেয়াল প্লাস্টার,দেয়াল প্লাস্টার,বিবিধ (সাধারণ),ishaara,5
3862,দোকানপাট,দোকানপাট,বিবিধ (সাধারণ),ishaara,5
3863,দোতলা,দোতলা,বিবিধ (সাধারণ),ishaara,5
3864,দোমড়ানো,দোমড়ানো,বিবিধ (সাধারণ),ishaara,5
3865,দৌড়,দৌড়,খেলাধুলা ও বিনোদন,ishaara,5
3866,দ্বন্দ্ব,দ্বন্দ্ব,বিবিধ (সাধারণ),ishaara,5
3867,দ্বিগুণ,দ্বিগুণ,বিবিধ (সাধারণ),ishaara,5
3868,দ্বৈত,দ্বৈত,বিবিধ (সাধারণ),ishaara,5
3869,দ্রুত,দ্রুত,বিবিধ (সাধারণ),ishaara,5
3870,ধনসম্পত্তি,ধনসম্পত্তি,সাধারণ প্রশাসন ও সামাজিক,ishaara,5
3871,ধর্ম,ধর্ম,সাধারণ প্রশাসন ও সামাজিক,ishaara,5
3872,ধর্মপ্রচার,ধর্মপ্রচার,সাধারণ প্রশাসন ও সামাজিক,ishaara,5
3873,ধানক্ষেত,ধানক্ষেত,প্রকৃতি ও পরিবেশ,ishaara,5
3874,ধানভানা,ধানভানা,প্রকৃতি ও পরিবেশ,ishaara,5
3875,ধাবা,ধাবা,বিবিধ (সাধারণ),ishaara,5
3876,ধারালো,ধারালো,বিবিধ (সাধারণ),ishaara,5
3877,ধীরে,ধীরে,বিবিধ (সাধারণ),ishaara,5
3878,ধুলো,ধুলো,বিবিধ (সাধারণ),ishaara,5
3879,ধোঁয়া,ধোঁয়া,বিবিধ (সাধারণ),ishaara,5
3880,ধ্বংস করা,ধ্বংস করা,বিবিধ (সাধারণ),ishaara,5
3881,নগণ্য,নগণ্য,বিশেষণ ও বর্ণনামূলক শব্দ,ishaara,5
3882,নথ,নথ,সৌন্দর্য ও সাজসজ্জা,ishaara,5
3883,নবী,নবী,ধর্ম,ishaara,5
3884,নমনীয়,নমনীয়,বিশেষণ ও বর্ণনামূলক শব্দ,ishaara,5
3885,নমস্কার,নমস্কার,বিবিধ (সাধারণ),ishaara,5
3886,নাইটি,নাইটি,পোশাক ও ফ্যাশন,ishaara,5
3887,নাগড়া,নাগড়া,বিবিধ (সাধারণ),ishaara,5
3888,নানাবাড়ি,নানাবাড়ি,বিবিধ (সাধারণ),ishaara,5
3889,নামানো,নামানো,বিবিধ (সাধারণ),ishaara,5
3890,নারীসংক্রান্ত,নারীসংক্রান্ত,বিবিধ (সাধারণ),ishaara,5
3891,নাস্তিক,নাস্তিক,ধর্ম,ishaara,5
3892,নিখুঁত,নিখুঁত,বিশেষণ ও বর্ণনামূলক শব্দ,ishaara,5
3893,নিখোঁজ,নিখোঁজ,বিবিধ (সাধারণ),ishaara,5
3894,নিচে,নিচে,বিবিধ (সাধারণ),ishaara,5
3895,নিংড়ানো,নিংড়ানো,বিবিধ (সাধারণ),ishaara,5
3896,নিন্দা,নিন্দা,বিবিধ (সাধারণ),ishaara,5
3897,নিয়তি,নিয়তি,বিবিধ (সাধারণ),ishaara,5
3898,নিযুক্ত,নিযুক্ত,বিবিধ (সাধারণ),ishaara,5
3899,নির্দেশ,নির্দেশ,বিবিধ (সাধারণ),ishaara,5
3900,নির্দেশিত,নির্দেশিত,বিবিধ (সাধারণ),ishaara,5
3901,নির্বাচন কমিশন,নির্বাচন কমিশন,সরকার ও রাজনীতি,ishaara,5
3902,নির্বাচিত,নির্বাচিত,সরকার ও রাজনীতি,ishaara,5
3903,নির্বোধ,নির্বোধ,চরিত্র ও গুণাবলী,ishaara,5
3904,নির্ভীক,নির্ভীক,চরিত্র ও গুণাবলী,ishaara,5
3905,নির্মল,নির্মল,বিশেষণ ও বর্ণনামূলক শব্দ,ishaara,5
3906,নিষিদ্ধ,নিষিদ্ধ,বিশেষণ ও বর্ণনামূলক শব্দ,ishaara,5
3907,নিষেধ,নিষেধ,বিশেষণ ও বর্ণনামূলক শব্দ,ishaara,5
3908,নিস্পন্দ,নিস্পন্দ,বিশেষণ ও বর্ণনামূলক শব্দ,ishaara,5
3909,নিঃস্ব,নিঃস্ব,বিশেষণ ও বর্ণনামূলক শব্দ,ishaara,5
3910,নীতি,নীতি,বিশেষণ ও বর্ণনামূলক শব্দ,ishaara,5
3911,নূপুর,নূপুর,সৌন্দর্য ও সাজসজ্জা,ishaara,5
3912,নেদারল্যান্ডস,নেদারল্যান্ডস,দেশ ও আন্তর্জাতিক,ishaara,5
3913,নো বল,নো বল,বিবিধ (সাধারণ),ishaara,5
3914,নোট,নোট,বিবিধ (সাধারণ),ishaara,5
3915,নোনতা,নোনতা,বিবিধ (সাধারণ),ishaara,5
3916,নোলক,নোলক,সৌন্দর্য ও সাজসজ্জা,ishaara,5
3917,পক্ষ,পক্ষ,বিবিধ (সাধারণ),ishaara,5
3918,পক্ষপাত,পক্ষপাত,বিবিধ (সাধারণ),ishaara,5
3919,পঞ্চাশ,পঞ্চাশ,পরিমাপ ও একক,ishaara,5
3920,পড়ে যাওয়া,পড়ে যাওয়া,বিবিধ (সাধারণ),ishaara,5
3921,পথনাটক,পথনাটক,সংগীত ও সংস্কৃতি,ishaara,5
3922,পয়েন্ট,পয়েন্ট,বিবিধ (সাধারণ),ishaara,5
3923,পরাজিত করা,পরাজিত করা,বিবিধ (সাধারণ),ishaara,5
3924,পরামর্শদাতা,পরামর্শদাতা,পেশা ও জীবিকা,ishaara,5
3925,পরিচর্যা,পরিচর্যা,বিবিধ (সাধারণ),ishaara,5
3926,পরিচিত,পরিচিত,বিবিধ (সাধারণ),ishaara,5
3927,পরিধান,পরিধান,পোশাক ও ফ্যাশন,ishaara,5
3928,পরিমাণ,পরিমাণ,বিবিধ (সাধারণ),ishaara,5
3929,পরিশ্রমী,পরিশ্রমী,চরিত্র ও গুণাবলী,ishaara,5
3930,পরিসংখ্যান,পরিসংখ্যান,সাধারণ প্রশাসন ও সামাজিক,ishaara,5
3931,পর্যটন,পর্যটন,বিবিধ (সাধারণ),ishaara,5
3932,পর্যবেক্ষণ,পর্যবেক্ষণ,বিবিধ (সাধারণ),ishaara,5
3933,পর্যাপ্ত,পর্যাপ্ত,বিবিধ (সাধারণ),ishaara,5
3934,পল্টন,পল্টন,বিবিধ (সাধারণ),ishaara,5
3935,পশু চিকিৎসাবিজ্ঞান,পশু চিকিৎসাবিজ্ঞান,বিবিধ (সাধারণ),ishaara,5
3936,পশুখাদ্য,পশুখাদ্য,বিবিধ (সাধারণ),ishaara,5
3937,পা,পা,শরীরের অংশ,ishaara,5
3938,পাইকারি,পাইকারি,আর্থিক ও ব্যবসা,ishaara,5
3939,পাইপ,পাইপ,গৃহস্থালি সরঞ্জাম,ishaara,5
3940,পাইপিন,পাইপিন,বিবিধ (সাধারণ),ishaara,5
3941,পাগড়ি,পাগড়ি,পোশাক ও ফ্যাশন,ishaara,5
3942,পাঁচ তারকা,পাঁচ তারকা,বিবিধ (সাধারণ),ishaara,5
3943,পাঁচগুণ,পাঁচগুণ,পরিমাপ ও একক,ishaara,5
3944,পাঁজর,পাঁজর,শরীরের অংশ,ishaara,5
3945,পাতা,পাতা,বিবিধ (সাধারণ),ishaara,5
3946,পাতাল পথ,পাতাল পথ,পরিবহন ও যানবাহন,ishaara,5
3947,পান করা,পান করা,বিবিধ (সাধারণ),ishaara,5
3948,পানের বরজ,পানের বরজ,বাগান ও গাছপালা,ishaara,5
3949,পাপী,পাপী,বিবিধ (সাধারণ),ishaara,5
3950,পালিত সন্তান,পালিত সন্তান,পারিবারিক সম্পর্ক,ishaara,5
3951,পিছিয়ে পড়া,পিছিয়ে পড়া,বিবিধ (সাধারণ),ishaara,5
3952,পিছু হটা,পিছু হটা,বিবিধ (সাধারণ),ishaara,5
3953,পিতা,পিতা,পারিবারিক সম্পর্ক,ishaara,5
3954,পিতামাতা,পিতামাতা,পারিবারিক সম্পর্ক,ishaara,5
3955,পুতি (Great grandchild),পুতি (Great grandchild),পারিবারিক সম্পর্ক,ishaara,5
3956,পুত্রবধূ,পুত্রবধূ,পারিবারিক সম্পর্ক,ishaara,5
3957,পুনরাবৃত্তি,পুনরাবৃত্তি,বিবিধ (সাধারণ),ishaara,5
3958,পুরু,পুরু,বিবিধ (সাধারণ),ishaara,5
3959,পুরোহিত,পুরোহিত,ধর্ম,ishaara,5
3960,পুষ্টিবিজ্ঞান,পুষ্টিবিজ্ঞান,বিবিধ (সাধারণ),ishaara,5
3961,পু্রান ঢাকা,পু্রান ঢাকা,বাংলাদেশের স্থান,ishaara,5
3962,পূর্বনাম,পূর্বনাম,বিবিধ (সাধারণ),ishaara,5
3963,পূর্বমুখী,পূর্বমুখী,বিবিধ (সাধারণ),ishaara,5
3964,পূর্বাভাস,পূর্বাভাস,বিবিধ (সাধারণ),ishaara,5
3965,পৃথক,পৃথক,বিবিধ (সাধারণ),ishaara,5
3966,পেঙ্গুইন,পেঙ্গুইন,প্রাণী,ishaara,5
3967,পেশী,পেশী,শরীরের অংশ,ishaara,5
3968,পোকা,পোকা,প্রাণী,ishaara,5
3969,পোড়া,পোড়া,বিবিধ (সাধারণ),ishaara,5
3970,প্যাথেডিন,প্যাথেডিন,বিবিধ (সাধারণ),ishaara,5
3971,প্রকাশকাল,প্রকাশকাল,বিবিধ (সাধারণ),ishaara,5
3972,প্রকাশ্যে,প্রকাশ্যে,বিবিধ (সাধারণ),ishaara,5
3973,প্রচারণা,প্রচারণা,বিবিধ (সাধারণ),ishaara,5
3974,প্রচেষ্টা,প্রচেষ্টা,বিবিধ (সাধারণ),ishaara,5
3975,প্রতি সেকেন্ড,প্রতি সেকেন্ড,বিবিধ (সাধারণ),ishaara,5
3976,প্রতিনিধি,প্রতিনিধি,সাধারণ প্রশাসন ও সামাজিক,ishaara,5
3977,প্রতিপক্ষ,প্রতিপক্ষ,বিবিধ (সাধারণ),ishaara,5
3978,প্রতিবন্ধী ব্যাক্তি,প্রতিবন্ধী ব্যাক্তি,বিশেষ শিক্ষা ও প্রতিবন্ধিতা,ishaara,5
3979,প্রতিভা,প্রতিভা,বিবিধ (সাধারণ),ishaara,5
3980,প্রতিরোধ করা,প্রতিরোধ করা,বিবিধ (সাধারণ),ishaara,5
3981,প্রতিষ্ঠাবার্ষিকী,প্রতিষ্ঠাবার্ষিকী,অনুষ্ঠান ও সামাজিক কার্যক্রম,ishaara,5
3982,প্রথমত,প্রথমত,সাধারণ প্রশাসন ও সামাজিক,ishaara,5
3983,প্রদর্শন,প্রদর্শন,সাধারণ প্রশাসন ও সামাজিক,ishaara,5
3984,প্রবাসী,প্রবাসী,সাধারণ প্রশাসন ও সামাজিক,ishaara,5
3985,প্রবাহ,প্রবাহ,সাধারণ প্রশাসন ও সামাজিক,ishaara,5
3986,প্রবাহিত,প্রবাহিত,সাধারণ প্রশাসন ও সামাজিক,ishaara,5
3987,প্রবেশদ্বার,প্রবেশদ্বার,সাধারণ প্রশাসন ও সামাজিক,ishaara,5
3988,প্ররোচনা,প্ররোচনা,বিবিধ (সাধারণ),ishaara,5
3989,প্রস্তাব,প্রস্তাব,সাধারণ প্রশাসন ও সামাজিক,ishaara,5
3990,প্রস্তুত,প্রস্তুত,সাধারণ প্রশাসন ও সামাজিক,ishaara,5
3991,প্রস্থান,প্রস্থান,সাধারণ প্রশাসন ও সামাজিক,ishaara,5
3992,প্রাক্তন,প্রাক্তন,সাধারণ প্রশাসন ও সামাজিক,ishaara,5
3993,প্রাচীর,প্রাচীর,বিবিধ (সাধারণ),ishaara,5
3994,প্রাণীবিজ্ঞান,প্রাণীবিজ্ঞান,বিবিধ (সাধারণ),ishaara,5
3995,প্রাথমিক চিকিৎসা,প্রাথমিক চিকিৎসা,স্বাস্থ্য ও চিকিৎসা,ishaara,5
3996,প্রার্থী,প্রার্থী,সাধারণ প্রশাসন ও সামাজিক,ishaara,5
3997,প্রি পেইড,প্রি পেইড,প্রযুক্তি ও ইলেকট্রনিক্স,ishaara,5
3998,প্রিন্টার,প্রিন্টার,প্রযুক্তি ও ইলেকট্রনিক্স,ishaara,5
3999,প্রেরক,প্রেরক,বিবিধ (সাধারণ),ishaara,5
4000,প্রেসক্রিপশন,প্রেসক্রিপশন,স্বাস্থ্য ও চিকিৎসা,ishaara,5
4001,প্রেসক্লাব,প্রেসক্লাব,বিবিধ (সাধারণ),ishaara,5
4002,ফটো এডিটিং,ফটো এডিটিং,প্রযুক্তি ও ইলেকট্রনিক্স,ishaara,5
4003,ফন্ট,ফন্ট,প্রযুক্তি ও ইলেকট্রনিক্স,ishaara,5
4004,ফসকে যাওয়া,ফসকে যাওয়া,বিবিধ (সাধারণ),ishaara,5
4005,ফাটল,ফাটল,বিবিধ (সাধারণ),ishaara,5
4006,ফায়ার সার্ভিস,ফায়ার সার্ভিস,বিবিধ (সাধারণ),ishaara,5
4007,ফারেনহাইট,ফারেনহাইট,বিবিধ (সাধারণ),ishaara,5
4008,ফিজিওথেরাপি,ফিজিওথেরাপি,স্বাস্থ্য ও চিকিৎসা,ishaara,5
4009,ফিনকি,ফিনকি,বিবিধ (সাধারণ),ishaara,5
4010,ফুটেজ,ফুটেজ,খেলাধুলা ও বিনোদন,ishaara,5
4011,ফুপানো,ফুপানো,বিবিধ (সাধারণ),ishaara,5
4012,ফুলপাতা,ফুলপাতা,বিবিধ (সাধারণ),ishaara,5
4013,ফুলের মালা,ফুলের মালা,ফুল,ishaara,5
4014,ফুসলানো,ফুসলানো,বিবিধ (সাধারণ),ishaara,5
4015,ফেডারেশন,ফেডারেশন,সাধারণ প্রশাসন ও সামাজিক,ishaara,5
4016,ফোকাস,ফোকাস,বিবিধ (সাধারণ),ishaara,5
4017,ফোটা (ডট),ফোটা (ডট),বিবিধ (সাধারণ),ishaara,5
4018,ফোলা,ফোলা,বিবিধ (সাধারণ),ishaara,5
4019,ফ্যাকাশে,ফ্যাকাশে,বিবিধ (সাধারণ),ishaara,5
4020,ফ্যান্টাসি কিংডম,ফ্যান্টাসি কিংডম,বিবিধ (সাধারণ),ishaara,5
4021,ফ্যাশন,ফ্যাশন,বিবিধ (সাধারণ),ishaara,5
4022,ফ্রাই প্যান,ফ্রাই প্যান,বিবিধ (সাধারণ),ishaara,5
4023,ফ্লপ,ফ্লপ,বিবিধ (সাধারণ),ishaara,5
4024,ফ্লাশ,ফ্লাশ,বিবিধ (সাধারণ),ishaara,5
4025,ফ্ল্যাট,ফ্ল্যাট,বিবিধ (সাধারণ),ishaara,5
4026,বকাবকি,বকাবকি,বিবিধ (সাধারণ),ishaara,5
4027,বঙ্গবন্ধু শেখ মুজিব মেডিকেল কলেজ,বঙ্গবন্ধু শেখ মুজিব মেডিকেল কলেজ,বিবিধ (সাধারণ),ishaara,5
4028,বঙ্গবন্ধু শেখ মুজিবুর রহমান,বঙ্গবন্ধু শেখ মুজিবুর রহমান,বিখ্যাত ব্যক্তি,ishaara,5
4029,বদমাইশ,বদমাইশ,বিবিধ (সাধারণ),ishaara,5
4030,বনানী,বনানী,বিবিধ (সাধারণ),ishaara,5
4031,বন্ধ্যা,বন্ধ্যা,বিবিধ (সাধারণ),ishaara,5
4032,বপন,বপন,শস্য ও কৃষি,ishaara,5
4033,বয়কট,বয়কট,আর্থিক ও ব্যবসা,ishaara,5
4034,বয়স,বয়স,বিবিধ (সাধারণ),ishaara,5
4035,বয়স্ক ভাতা,বয়স্ক ভাতা,বিবিধ (সাধারণ),ishaara,5
4036,বরখাস্ত করা,বরখাস্ত করা,বিবিধ (সাধারণ),ishaara,5
4037,বর্ণনা,বর্ণনা,সাধারণ প্রশাসন ও সামাজিক,ishaara,5
4038,বস্ত্রমেলা,বস্ত্রমেলা,বিবিধ (সাধারণ),ishaara,5
4039,বহিষ্কার,বহিষ্কার,বিবিধ (সাধারণ),ishaara,5
4040,বাইনোকুলার,বাইনোকুলার,বিশেষ শিক্ষা ও প্রতিবন্ধিতা,ishaara,5
4041,বাক প্রতিবন্ধী,বাক প্রতিবন্ধী,বিশেষ শিক্ষা ও প্রতিবন্ধিতা,ishaara,5
4042,বাগদত্তা,বাগদত্তা,বিবিধ (সাধারণ),ishaara,5
4043,বাছুর,বাছুর,প্রাণী,ishaara,5
4044,বাজি,বাজি,বিবিধ (সাধারণ),ishaara,5
4045,বাজেয়াপ্ত করা,বাজেয়াপ্ত করা,আর্থিক ও ব্যবসা,ishaara,5
4046,বাটাখারা,বাটাখারা,বিবিধ (সাধারণ),ishaara,5
4047,বাতাসা,বাতাসা,আর্থিক ও ব্যবসা,ishaara,5
4048,বাদ,বাদ,বিবিধ (সাধারণ),ishaara,5
4049,বাদুড়,বাদুড়,প্রাণী,ishaara,5
4050,বাঁধ,বাঁধ,বিবিধ (সাধারণ),ishaara,5
4051,বাধা,বাধা,বিবিধ (সাধারণ),ishaara,5
4052,বাঁধা,বাঁধা,বিবিধ (সাধারণ),ishaara,5
4053,বান্ডিল,বান্ডিল,বিবিধ (সাধারণ),ishaara,5
4054,বায়তুল মোকাররম মসজিদ,বায়তুল মোকাররম মসজিদ,সাধারণ প্রশাসন ও সামাজিক,ishaara,5
4055,বায়ান্ন,বায়ান্ন,সাধারণ প্রশাসন ও সামাজিক,ishaara,5
4056,বার্নিশ,বার্নিশ,বিবিধ (সাধারণ),ishaara,5
4057,বার্লি,বার্লি,খাদ্য ও পানীয় (সাধারণ),ishaara,5
4058,বাংলাদেশ কম্পিউটার কাউন্সিল,বাংলাদেশ কম্পিউটার কাউন্সিল,প্রযুক্তি ও ইলেকট্রনিক্স,ishaara,5
4059,বাঁশঝাড়,বাঁশঝাড়,বাগান ও গাছপালা,ishaara,5
4060,বাঁশি,বাঁশি,সংগীত ও সংস্কৃতি,ishaara,5
4061,বাস্কেটবল,বাস্কেটবল,খেলাধুলা ও বিনোদন,ishaara,5
4062,বাস্প,বাস্প,খেলাধুলা ও বিনোদন,ishaara,5
4063,বাহু,বাহু,শরীরের অংশ,ishaara,5
4064,বিচক্ষণ,বিচক্ষণ,চরিত্র ও গুণাবলী,ishaara,5
4065,বিচার বিভাগ,বিচার বিভাগ,বিবিধ (সাধারণ),ishaara,5
4066,বিচ্ছিন্ন,বিচ্ছিন্ন,বিবিধ (সাধারণ),ishaara,5
4067,বিচ্ছেদ,বিচ্ছেদ,বিবিধ (সাধারণ),ishaara,5
4068,বিছা,বিছা,বিবিধ (সাধারণ),ishaara,5
4069,বিজোড় সংখ্যা,বিজোড় সংখ্যা,বিবিধ (সাধারণ),ishaara,5
4070,বিটিভি,বিটিভি,বিবিধ (সাধারণ),ishaara,5
4071,বিতরণ,বিতরণ,সাধারণ প্রশাসন ও সামাজিক,ishaara,5
4072,বিতরণকারী,বিতরণকারী,সাধারণ প্রশাসন ও সামাজিক,ishaara,5
4073,বিতর্ক,বিতর্ক,খেলাধুলা ও বিনোদন,ishaara,5
4074,বিদায় অনুষ্ঠান,বিদায় অনুষ্ঠান,অনুষ্ঠান ও সামাজিক কার্যক্রম,ishaara,5
4075,বিদেশি,বিদেশি,সাধারণ প্রশাসন ও সামাজিক,ishaara,5
4076,বিধবা ভাতা,বিধবা ভাতা,সাধারণ প্রশাসন ও সামাজিক,ishaara,5
4077,বিধ্বস্ত,বিধ্বস্ত,আর্থিক ও ব্যবসা,ishaara,5
4078,বিনামূল্য,বিনামূল্য,সাধারণ প্রশাসন ও সামাজিক,ishaara,5
4079,বিনিময়,বিনিময়,সাধারণ প্রশাসন ও সামাজিক,ishaara,5
4080,বিন্দু,বিন্দু,সাধারণ প্রশাসন ও সামাজিক,ishaara,5
4081,বিপজ্জনক,বিপজ্জনক,সাধারণ প্রশাসন ও সামাজিক,ishaara,5
4082,বিপর্যয়,বিপর্যয়,সাধারণ প্রশাসন ও সামাজিক,ishaara,5
4083,বিফল,বিফল,সাধারণ প্রশাসন ও সামাজিক,ishaara,5
4084,বিবেচনা,বিবেচনা,সাধারণ প্রশাসন ও সামাজিক,ishaara,5
4085,বিব্রত,বিব্রত,সাধারণ প্রশাসন ও সামাজিক,ishaara,5
4086,বিভক্ত,বিভক্ত,সাধারণ প্রশাসন ও সামাজিক,ishaara,5
4087,বিভিন্ন,বিভিন্ন,সাধারণ প্রশাসন ও সামাজিক,ishaara,5
4088,বিরোধ,বিরোধ,সাধারণ প্রশাসন ও সামাজিক,ishaara,5
4089,বিশাল,বিশাল,সাধারণ প্রশাসন ও সামাজিক,ishaara,5
4090,বিশেষজ্ঞ,বিশেষজ্ঞ,সাধারণ প্রশাসন ও সামাজিক,ishaara,5
4091,বিশ্বস্ত,বিশ্বস্ত,সাধারণ প্রশাসন ও সামাজিক,ishaara,5
4092,বিশ্বাসী,বিশ্বাসী,সাধারণ প্রশাসন ও সামাজিক,ishaara,5
4093,বিসমিল্লাহ,বিসমিল্লাহ,ধর্ম,ishaara,5
4094,বিস্তার,বিস্তার,সাধারণ প্রশাসন ও সামাজিক,ishaara,5
4095,বিস্তারিত,বিস্তারিত,সাধারণ প্রশাসন ও সামাজিক,ishaara,5
4096,বিস্ময়কর,বিস্ময়কর,সাধারণ প্রশাসন ও সামাজিক,ishaara,5
4097,বিস্ময়বোধক চিহ্ন,বিস্ময়বোধক চিহ্ন,সাধারণ প্রশাসন ও সামাজিক,ishaara,5
4098,বিস্মিত,বিস্মিত,সাধারণ প্রশাসন ও সামাজিক,ishaara,5
4099,বুকিং,বুকিং,সাধারণ প্রশাসন ও সামাজিক,ishaara,5
4100,বুট জুতা,বুট জুতা,সাধারণ প্রশাসন ও সামাজিক,ishaara,5
4101,বুদ্ধি প্রতিবন্ধী,বুদ্ধি প্রতিবন্ধী,বিশেষ শিক্ষা ও প্রতিবন্ধিতা,ishaara,5
4102,বৃক্ষমেলা,বৃক্ষমেলা,অনুষ্ঠান ও সামাজিক কার্যক্রম,ishaara,5
4103,বৃদ্ধাঙ্গুল,বৃদ্ধাঙ্গুল,শরীরের অংশ,ishaara,5
4104,বৃদ্ধি করা,বৃদ্ধি করা,সাধারণ প্রশাসন ও সামাজিক,ishaara,5
4105,বেত,বেত,গৃহস্থালি সরঞ্জাম,ishaara,5
4106,বেতার,বেতার,সাধারণ প্রশাসন ও সামাজিক,ishaara,5
4107,বেঁধে রাখা,বেঁধে রাখা,সাধারণ প্রশাসন ও সামাজিক,ishaara,5
4108,বেনারসি শাড়ি,বেনারসি শাড়ি,পোশাক ও ফ্যাশন,ishaara,5
4109,বেনী,বেনী,সাধারণ প্রশাসন ও সামাজিক,ishaara,5
4110,বেবিকট,বেবিকট,সাধারণ প্রশাসন ও সামাজিক,ishaara,5
4111,বের করা,বের করা,সাধারণ প্রশাসন ও সামাজিক,ishaara,5
4112,বেশিক্ষণ,বেশিক্ষণ,সাধারণ প্রশাসন ও সামাজিক,ishaara,5
4113,বেসমেন্ট,বেসমেন্ট,সাধারণ প্রশাসন ও সামাজিক,ishaara,5
4114,বেহায়া,বেহায়া,সাধারণ প্রশাসন ও সামাজিক,ishaara,5
4115,বৈচিত্র্য,বৈচিত্র্য,সাধারণ প্রশাসন ও সামাজিক,ishaara,5
4116,বৈদ্যুতিক গিটার,বৈদ্যুতিক গিটার,সংগীত ও সংস্কৃতি,ishaara,5
4117,বোনাস,বোনাস,আর্থিক ও ব্যবসা,ishaara,5
4118,বোরকা,বোরকা,পোশাক ও ফ্যাশন,ishaara,5
4119,বৌদ্ধ,বৌদ্ধ,সাধারণ প্রশাসন ও সামাজিক,ishaara,5
4120,ব্যবস্থাপনা,ব্যবস্থাপনা,সাধারণ প্রশাসন ও সামাজিক,ishaara,5
4121,ব্যয়বহুল,ব্যয়বহুল,আর্থিক ও ব্যবসা,ishaara,5
4122,ব্যর্থতা,ব্যর্থতা,সাধারণ প্রশাসন ও সামাজিক,ishaara,5
4123,ব্যাংকক,ব্যাংকক,সাধারণ প্রশাসন ও সামাজিক,ishaara,5
4124,ব্যাকরণ,ব্যাকরণ,শিক্ষা,ishaara,5
4125,ব্যাঙের ছাতা,ব্যাঙের ছাতা,সাধারণ প্রশাসন ও সামাজিক,ishaara,5
4126,ব্যাধি,ব্যাধি,সাধারণ প্রশাসন ও সামাজিক,ishaara,5
4127,ব্যারিক্যাড,ব্যারিক্যাড,সাধারণ প্রশাসন ও সামাজিক,ishaara,5
4128,ব্যালট,ব্যালট,সাধারণ প্রশাসন ও সামাজিক,ishaara,5
4129,ব্রাহ্মণ,ব্রাহ্মণ,সাধারণ প্রশাসন ও সামাজিক,ishaara,5
4130,ব্রেসলেট,ব্রেসলেট,বিবিধ (সাধারণ),ishaara,5
4131,ব্লুটুথ,ব্লুটুথ,প্রযুক্তি ও ইলেকট্রনিক্স,ishaara,5
4132,ভগবান,ভগবান,ধর্ম,ishaara,5
4133,ভাগাভাগি,ভাগাভাগি,সাধারণ প্রশাসন ও সামাজিক,ishaara,5
4134,ভাঁজ,ভাঁজ,সাধারণ প্রশাসন ও সামাজিক,ishaara,5
4135,ভালো লাগছে,ভালো লাগছে,সাধারণ প্রশাসন ও সামাজিক,ishaara,5
4136,ভাশুর,ভাশুর,পারিবারিক সম্পর্ক,ishaara,5
4137,ভাষান্তর,ভাষান্তর,সাধারণ প্রশাসন ও সামাজিক,ishaara,5
4138,ভিজানো,ভিজানো,সাধারণ প্রশাসন ও সামাজিক,ishaara,5
4139,ভিডিও  ক্যামেরা,ভিডিও  ক্যামেরা,প্রযুক্তি ও ইলেকট্রনিক্স,ishaara,5
4140,ভিডিও এডিটিং,ভিডিও এডিটিং,প্রযুক্তি ও ইলেকট্রনিক্স,ishaara,5
4141,ভিডিও পোস্ট,ভিডিও পোস্ট,প্রযুক্তি ও ইলেকট্রনিক্স,ishaara,5
4142,ভিন্ন,ভিন্ন,সাধারণ প্রশাসন ও সামাজিক,ishaara,5
4143,ভীতু,ভীতু,চরিত্র ও গুণাবলী,ishaara,5
4144,ভীরু,ভীরু,"আবেগ, অনুভূতি ও মানসিক অবস্থা",ishaara,5
4145,ভুরু,ভুরু,শরীরের অংশ,ishaara,5
4146,ভুলো মন,ভুলো মন,সাধারণ প্রশাসন ও সামাজিক,ishaara,5
4147,ভেঙে ফেলা,ভেঙে ফেলা,সাধারণ প্রশাসন ও সামাজিক,ishaara,5
4148,ভেলা,ভেলা,সাধারণ প্রশাসন ও সামাজিক,ishaara,5
4149,ভোজ,ভোজ,সাধারণ প্রশাসন ও সামাজিক,ishaara,5
4150,ভৌগোলিক,ভৌগোলিক,সাধারণ প্রশাসন ও সামাজিক,ishaara,5
4151,ভ্যাকসিন (টিকা),ভ্যাকসিন (টিকা),স্বাস্থ্য ও চিকিৎসা,ishaara,5
4152,মক্কা,মক্কা,ধর্ম,ishaara,5
4153,মগবাজার,মগবাজার,সাধারণ প্রশাসন ও সামাজিক,ishaara,5
4154,মঞ্জুর,মঞ্জুর,সাধারণ প্রশাসন ও সামাজিক,ishaara,5
4155,মৎস্য খামার,মৎস্য খামার,শস্য ও কৃষি,ishaara,5
4156,মনগড়া,মনগড়া,সাধারণ প্রশাসন ও সামাজিক,ishaara,5
4157,মনোনীত,মনোনীত,"আবেগ, অনুভূতি ও মানসিক অবস্থা",ishaara,5
4158,মনোযোগ,মনোযোগ,"আবেগ, অনুভূতি ও মানসিক অবস্থা",ishaara,5
4159,মনোরোগ,মনোরোগ,"আবেগ, অনুভূতি ও মানসিক অবস্থা",ishaara,5
4160,মন্ত্রণালয়,মন্ত্রণালয়,সাধারণ প্রশাসন ও সামাজিক,ishaara,5
4161,মন্দ,মন্দ,"আবেগ, অনুভূতি ও মানসিক অবস্থা",ishaara,5
4162,মর্যাদা,মর্যাদা,সাধারণ প্রশাসন ও সামাজিক,ishaara,5
4163,মলত্যাগ,মলত্যাগ,সাধারণ প্রশাসন ও সামাজিক,ishaara,5
4164,মসৃণ,মসৃণ,সাধারণ প্রশাসন ও সামাজিক,ishaara,5
4165,মহাখালী,মহাখালী,বাংলাদেশের স্থান,ishaara,5
4166,মহাদেশ,মহাদেশ,সাধারণ প্রশাসন ও সামাজিক,ishaara,5
4167,মহিলা,মহিলা,সাধারণ প্রশাসন ও সামাজিক,ishaara,5
4168,মাচা,মাচা,সাধারণ প্রশাসন ও সামাজিক,ishaara,5
4169,মাছরাঙা পাখি,মাছরাঙা পাখি,প্রাণী,ishaara,5
4170,মাজার,মাজার,সাধারণ প্রশাসন ও সামাজিক,ishaara,5
4171,মাড়াই করা,মাড়াই করা,সাধারণ প্রশাসন ও সামাজিক,ishaara,5
4172,মাত্রা,মাত্রা,পরিমাপ ও একক,ishaara,5
4173,মাথা ঘোরানো,মাথা ঘোরানো,বিবিধ (সাধারণ),ishaara,5
4174,মাথার তালু,মাথার তালু,শরীরের অংশ,ishaara,5
4175,মানবাধিকার,মানবাধিকার,সাধারণ প্রশাসন ও সামাজিক,ishaara,5
4176,মানিব্যাগ,মানিব্যাগ,সাধারণ প্রশাসন ও সামাজিক,ishaara,5
4177,মারাত্মক,মারাত্মক,সাধারণ প্রশাসন ও সামাজিক,ishaara,5
4178,মালামাল,মালামাল,সাধারণ প্রশাসন ও সামাজিক,ishaara,5
4179,মালিবাগ,মালিবাগ,বাংলাদেশের স্থান,ishaara,5
4180,মাশাআল্লাহ,মাশাআল্লাহ,সাধারণ প্রশাসন ও সামাজিক,ishaara,5
4181,মাসকারা,মাসকারা,সৌন্দর্য ও সাজসজ্জা,ishaara,5
4182,মিত্রদেশ,মিত্রদেশ,সাধারণ প্রশাসন ও সামাজিক,ishaara,5
4183,মুকুট,মুকুট,সাধারণ প্রশাসন ও সামাজিক,ishaara,5
4184,মুখ,মুখ,সাধারণ প্রশাসন ও সামাজিক,ishaara,5
4185,মুখোশ,মুখোশ,সাধারণ প্রশাসন ও সামাজিক,ishaara,5
4186,মুগুর পা,মুগুর পা,সাধারণ প্রশাসন ও সামাজিক,ishaara,5
4187,মুগ্ধ করা,মুগ্ধ করা,"আবেগ, অনুভূতি ও মানসিক অবস্থা",ishaara,5
4188,মুছে ফেলা,মুছে ফেলা,সাধারণ প্রশাসন ও সামাজিক,ishaara,5
4189,মুয়াজ্জিন,মুয়াজ্জিন,সাধারণ প্রশাসন ও সামাজিক,ishaara,5
4190,মুষ্টি,মুষ্টি,সাধারণ প্রশাসন ও সামাজিক,ishaara,5
4191,মূর্খ,মূর্খ,সাধারণ প্রশাসন ও সামাজিক,ishaara,5
4192,মূর্খতা,মূর্খতা,সাধারণ প্রশাসন ও সামাজিক,ishaara,5
4193,মৃতদেহ,মৃতদেহ,সাধারণ প্রশাসন ও সামাজিক,ishaara,5
4194,মৃৎ শিল্প,মৃৎ শিল্প,সাধারণ প্রশাসন ও সামাজিক,ishaara,5
4195,মৃত্যুশয্যা,মৃত্যুশয্যা,সাধারণ প্রশাসন ও সামাজিক,ishaara,5
4196,মৃত্যুহার,মৃত্যুহার,সাধারণ প্রশাসন ও সামাজিক,ishaara,5
4197,মেজো,মেজো,সাধারণ প্রশাসন ও সামাজিক,ishaara,5
4198,মেয়াদ শেষ,মেয়াদ শেষ,সাধারণ প্রশাসন ও সামাজিক,ishaara,5
4199,মোটা করা,মোটা করা,সাধারণ প্রশাসন ও সামাজিক,ishaara,5
4200,মোয়া,মোয়া,সাধারণ প্রশাসন ও সামাজিক,ishaara,5
4201,ম্যানহোল,ম্যানহোল,সাধারণ প্রশাসন ও সামাজিক,ishaara,5
4202,যকৃৎ,যকৃৎ,সাধারণ প্রশাসন ও সামাজিক,ishaara,5
4203,যথেষ্ট,যথেষ্ট,সাধারণ প্রশাসন ও সামাজিক,ishaara,5
4204,যন্ত্র,যন্ত্র,সাধারণ প্রশাসন ও সামাজিক,ishaara,5
4205,যাকাত,যাকাত,ধর্ম,ishaara,5
4206,যিশু,যিশু,পেশা ও জীবিকা,ishaara,5
4207,যুগল,যুগল,সাধারণ প্রশাসন ও সামাজিক,ishaara,5
4208,যুদ্ধ,যুদ্ধ,সাধারণ প্রশাসন ও সামাজিক,ishaara,5
4209,যৌথভাবে,যৌথভাবে,সাধারণ প্রশাসন ও সামাজিক,ishaara,5
4210,রং প্লেট,রং প্লেট,সাধারণ প্রশাসন ও সামাজিক,ishaara,5
4211,রক্তদান,রক্তদান,সাধারণ প্রশাসন ও সামাজিক,ishaara,5
4212,রক্তের গ্রুপ,রক্তের গ্রুপ,সাধারণ প্রশাসন ও সামাজিক,ishaara,5
4213,রঙিন,রঙিন,সাধারণ প্রশাসন ও সামাজিক,ishaara,5
4214,রজনীগন্ধা,রজনীগন্ধা,ফুল,ishaara,5
4215,রাজকোষ,রাজকোষ,সাধারণ প্রশাসন ও সামাজিক,ishaara,5
4216,রাতের খাবার,রাতের খাবার,খাদ্য ও পানীয় (সাধারণ),ishaara,5
4217,রাধা,রাধা,বিবিধ (সাধারণ),ishaara,5
4218,রান,রান,সাধারণ প্রশাসন ও সামাজিক,ishaara,5
4219,রান্নাঘর,রান্নাঘর,সাধারণ প্রশাসন ও সামাজিক,ishaara,5
4220,রাষ্ট্রদূত,রাষ্ট্রদূত,সাধারণ প্রশাসন ও সামাজিক,ishaara,5
4221,রূপালি,রূপালি,সাধারণ প্রশাসন ও সামাজিক,ishaara,5
4222,রেকর্ড,রেকর্ড,সাধারণ প্রশাসন ও সামাজিক,ishaara,5
4223,রেখা,রেখা,সাধারণ প্রশাসন ও সামাজিক,ishaara,5
4224,রোগ,রোগ,স্বাস্থ্য ও চিকিৎসা,ishaara,5
4225,রোগ নির্ণয়,রোগ নির্ণয়,স্বাস্থ্য ও চিকিৎসা,ishaara,5
4226,রোগপ্রতিরোধ,রোগপ্রতিরোধ,স্বাস্থ্য ও চিকিৎসা,ishaara,5
4227,রোপণ,রোপণ,বাগান ও গাছপালা,ishaara,5
4228,রোহিঙ্গা,রোহিঙ্গা,সাধারণ প্রশাসন ও সামাজিক,ishaara,5
4229,লকডাউন,লকডাউন,সাধারণ প্রশাসন ও সামাজিক,ishaara,5
4230,লক্ষ্মীপূজা,লক্ষ্মীপূজা,অনুষ্ঠান ও সামাজিক কার্যক্রম,ishaara,5
4231,লতা,লতা,সাধারণ প্রশাসন ও সামাজিক,ishaara,5
4232,লাইন,লাইন,সাধারণ প্রশাসন ও সামাজিক,ishaara,5
4233,লিফলেট,লিফলেট,সাধারণ প্রশাসন ও সামাজিক,ishaara,5
4234,লেবানন,লেবানন,দেশ ও আন্তর্জাতিক,ishaara,5
4235,লোক,লোক,সাধারণ প্রশাসন ও সামাজিক,ishaara,5
4236,লোহা,লোহা,সাধারণ প্রশাসন ও সামাজিক,ishaara,5
4237,শকুন,শকুন,প্রাণী,ishaara,5
4238,শক্তি,শক্তি,সাধারণ প্রশাসন ও সামাজিক,ishaara,5
4239,শতাব্দী,শতাব্দী,সাধারণ প্রশাসন ও সামাজিক,ishaara,5
4240,শত্রুতা,শত্রুতা,সাধারণ প্রশাসন ও সামাজিক,ishaara,5
4241,শবে কদর,শবে কদর,ধর্ম,ishaara,5
4242,শয়তান,শয়তান,ধর্ম,ishaara,5
4243,শয্যাশায়ী,শয্যাশায়ী,সাধারণ প্রশাসন ও সামাজিক,ishaara,5
4244,শস্যাগার,শস্যাগার,সাধারণ প্রশাসন ও সামাজিক,ishaara,5
4245,শহরবাসী,শহরবাসী,সাধারণ প্রশাসন ও সামাজিক,ishaara,5
4246,শামুক (snail),শামুক (snail),প্রাণী,ishaara,5
4247,শারীরিক প্রতিবন্ধী,শারীরিক প্রতিবন্ধী,বিশেষ শিক্ষা ও প্রতিবন্ধিতা,ishaara,5
4248,শিকর,শিকর,সাধারণ প্রশাসন ও সামাজিক,ishaara,5
4249,শিখা,শিখা,সাধারণ প্রশাসন ও সামাজিক,ishaara,5
4250,শিরশ্ছেদ,শিরশ্ছেদ,সাধারণ প্রশাসন ও সামাজিক,ishaara,5
4251,শিলা বৃষ্টি,শিলা বৃষ্টি,প্রকৃতি ও পরিবেশ,ishaara,5
4252,শিল্প,শিল্প,সাধারণ প্রশাসন ও সামাজিক,ishaara,5
4253,শিশির,শিশির,প্রকৃতি ও পরিবেশ,ishaara,5
4254,শিষ্য,শিষ্য,সাধারণ প্রশাসন ও সামাজিক,ishaara,5
4255,শুটিং,শুটিং,সাধারণ প্রশাসন ও সামাজিক,ishaara,5
4256,শূন্য,শূন্য,সাধারণ প্রশাসন ও সামাজিক,ishaara,5
4257,শৃঙ্খলা,শৃঙ্খলা,সাধারণ প্রশাসন ও সামাজিক,ishaara,5
4258,শেষ মুহূর্তে,শেষ মুহূর্তে,ধর্ম,ishaara,5
4259,শেষ সীমানা,শেষ সীমানা,সাধারণ প্রশাসন ও সামাজিক,ishaara,5
4260,শ্বাস ছাড়া,শ্বাস ছাড়া,সাধারণ প্রশাসন ও সামাজিক,ishaara,5
4261,শ্বাসনালী,শ্বাসনালী,সাধারণ প্রশাসন ও সামাজিক,ishaara,5
4262,শ্বেতি রোগ,শ্বেতি রোগ,সাধারণ প্রশাসন ও সামাজিক,ishaara,5
4263,শ্মশান,শ্মশান,বিবিধ (সাধারণ),ishaara,5
4264,শ্যামলী,শ্যামলী,বাংলাদেশের স্থান,ishaara,5
4265,শ্রবণযন্ত্র,শ্রবণযন্ত্র,বিশেষ শিক্ষা ও প্রতিবন্ধিতা,ishaara,5
4266,ষড়যন্ত্র,ষড়যন্ত্র,সাধারণ প্রশাসন ও সামাজিক,ishaara,5
4267,সংকল্প,সংকল্প,সাধারণ প্রশাসন ও সামাজিক,ishaara,5
4268,সক্ষম,সক্ষম,সাধারণ প্রশাসন ও সামাজিক,ishaara,5
4269,সংক্ষিপ্ত,সংক্ষিপ্ত,সাধারণ প্রশাসন ও সামাজিক,ishaara,5
4270,সংক্ষিপ্ত বিবরণ,সংক্ষিপ্ত বিবরণ,সাধারণ প্রশাসন ও সামাজিক,ishaara,5
4271,সংগ্রহ করা,সংগ্রহ করা,সাধারণ প্রশাসন ও সামাজিক,ishaara,5
4272,সচিবালয়,সচিবালয়,সাধারণ প্রশাসন ও সামাজিক,ishaara,5
4273,সচেতন,সচেতন,সাধারণ প্রশাসন ও সামাজিক,ishaara,5
4274,সঠিক,সঠিক,সাধারণ প্রশাসন ও সামাজিক,ishaara,5
4275,সৎবাবা,সৎবাবা,পারিবারিক সম্পর্ক,ishaara,5
4276,সৎবোন,সৎবোন,পারিবারিক সম্পর্ক,ishaara,5
4277,সৎমা,সৎমা,পারিবারিক সম্পর্ক,ishaara,5
4278,সত্যবাদী,সত্যবাদী,চরিত্র ও গুণাবলী,ishaara,5
4279,সদরঘাট,সদরঘাট,বাংলাদেশের স্থান,ishaara,5
4280,সদস্য,সদস্য,সাধারণ প্রশাসন ও সামাজিক,ishaara,5
4281,সফটওয়্যার,সফটওয়্যার,সাধারণ প্রশাসন ও সামাজিক,ishaara,5
4282,সবকিছু,সবকিছু,সাধারণ প্রশাসন ও সামাজিক,ishaara,5
4283,সমতল,সমতল,সাধারণ প্রশাসন ও সামাজিক,ishaara,5
4284,সমপরিমাণ,সমপরিমাণ,সাধারণ প্রশাসন ও সামাজিক,ishaara,5
4285,সমভুমি,সমভুমি,সাধারণ প্রশাসন ও সামাজিক,ishaara,5
4286,সমমান,সমমান,সাধারণ প্রশাসন ও সামাজিক,ishaara,5
4287,সময়কাল,সময়কাল,সাধারণ প্রশাসন ও সামাজিক,ishaara,5
4288,সমষ্টি,সমষ্টি,সাধারণ প্রশাসন ও সামাজিক,ishaara,5
4289,সমাধি,সমাধি,ধর্ম,ishaara,5
4290,সম্পন্ন,সম্পন্ন,সাধারণ প্রশাসন ও সামাজিক,ishaara,5
4291,সম্পাদক,সম্পাদক,সাধারণ প্রশাসন ও সামাজিক,ishaara,5
4292,সম্মতি,সম্মতি,সাধারণ প্রশাসন ও সামাজিক,ishaara,5
4293,সংযোগ বিচ্ছিন্ন,সংযোগ বিচ্ছিন্ন,সাধারণ প্রশাসন ও সামাজিক,ishaara,5
4294,সরকার,সরকার,সরকার ও রাজনীতি,ishaara,5
4295,সরকারি,সরকারি,সরকার ও রাজনীতি,ishaara,5
4296,সরঞ্জাম,সরঞ্জাম,সাধারণ প্রশাসন ও সামাজিক,ishaara,5
4297,সরাসরি,সরাসরি,সাধারণ প্রশাসন ও সামাজিক,ishaara,5
4298,সর্ব,সর্ব,সাধারণ প্রশাসন ও সামাজিক,ishaara,5
4299,সর্বত্র,সর্বত্র,সাধারণ প্রশাসন ও সামাজিক,ishaara,5
4300,সর্বপ্রথম,সর্বপ্রথম,সাধারণ প্রশাসন ও সামাজিক,ishaara,5
4301,সংশোধন,সংশোধন,সাধারণ প্রশাসন ও সামাজিক,ishaara,5
4302,সস,সস,সাধারণ প্রশাসন ও সামাজিক,ishaara,5
4303,সংসদ সদস্য,সংসদ সদস্য,সরকার ও রাজনীতি,ishaara,5
4304,সংস্কৃতি,সংস্কৃতি,সরকার ও রাজনীতি,ishaara,5
4305,সহ,সহ,সাধারণ প্রশাসন ও সামাজিক,ishaara,5
4306,সহকারী প্রধান শিক্ষক,সহকারী প্রধান শিক্ষক,সাধারণ প্রশাসন ও সামাজিক,ishaara,5
4307,সহনশীল,সহনশীল,সাধারণ প্রশাসন ও সামাজিক,ishaara,5
4308,সহযোগিতা,সহযোগিতা,সাধারণ প্রশাসন ও সামাজিক,ishaara,5
4309,সহসভাপতি,সহসভাপতি,সাধারণ প্রশাসন ও সামাজিক,ishaara,5
4310,সাধারণ সম্পাদক,সাধারণ সম্পাদক,সরকার ও রাজনীতি,ishaara,5
4311,সাবলীল,সাবলীল,সাধারণ প্রশাসন ও সামাজিক,ishaara,5
4312,সাবেক,সাবেক,সাধারণ প্রশাসন ও সামাজিক,ishaara,5
4313,সামান্য,সামান্য,সাধারণ প্রশাসন ও সামাজিক,ishaara,5
4314,সারপ্রাইজ,সারপ্রাইজ,সাধারণ প্রশাসন ও সামাজিক,ishaara,5
4315,সারাদিন,সারাদিন,সাধারণ প্রশাসন ও সামাজিক,ishaara,5
4316,সারারাত,সারারাত,ঋতু ও সময়,ishaara,5
4317,সার্কাস,সার্কাস,সাধারণ প্রশাসন ও সামাজিক,ishaara,5
4318,সাহসী,সাহসী,চরিত্র ও গুণাবলী,ishaara,5
4319,সিপিইউ,সিপিইউ,প্রযুক্তি ও ইলেকট্রনিক্স,ishaara,5
4320,সুখী,সুখী,সাধারণ প্রশাসন ও সামাজিক,ishaara,5
4321,সুগন্ধ,সুগন্ধ,সাধারণ প্রশাসন ও সামাজিক,ishaara,5
4322,সুড়সুড়ি,সুড়সুড়ি,সাধারণ প্রশাসন ও সামাজিক,ishaara,5
4323,সুপার শপ,সুপার শপ,সাধারণ প্রশাসন ও সামাজিক,ishaara,5
4324,সুপারিশ,সুপারিশ,সাধারণ প্রশাসন ও সামাজিক,ishaara,5
4325,সুরক্ষা,সুরক্ষা,সাধারণ প্রশাসন ও সামাজিক,ishaara,5
4326,সুরমা,সুরমা,সৌন্দর্য ও সাজসজ্জা,ishaara,5
4327,সুলভ,সুলভ,সাধারণ প্রশাসন ও সামাজিক,ishaara,5
4328,সূর্যগ্রহণ,সূর্যগ্রহণ,সাধারণ প্রশাসন ও সামাজিক,ishaara,5
4329,সৃষ্টি,সৃষ্টি,সাধারণ প্রশাসন ও সামাজিক,ishaara,5
4330,সেবা,সেবা,সাধারণ প্রশাসন ও সামাজিক,ishaara,5
4331,সেমিজ,সেমিজ,সাধারণ প্রশাসন ও সামাজিক,ishaara,5
4332,সেলুন,সেলুন,সাধারণ প্রশাসন ও সামাজিক,ishaara,5
4333,সেহরি,সেহরি,সাধারণ প্রশাসন ও সামাজিক,ishaara,5
4334,সোনারগাঁ,সোনারগাঁ,সাধারণ প্রশাসন ও সামাজিক,ishaara,5
4335,স্কাউট,স্কাউট,সাধারণ প্রশাসন ও সামাজিক,ishaara,5
4336,স্টল,স্টল,সাধারণ প্রশাসন ও সামাজিক,ishaara,5
4337,স্টিমার,স্টিমার,সাধারণ প্রশাসন ও সামাজিক,ishaara,5
4338,স্টীল,স্টীল,সাধারণ প্রশাসন ও সামাজিক,ishaara,5
4339,স্ট্যাম্প,স্ট্যাম্প,সাধারণ প্রশাসন ও সামাজিক,ishaara,5
4340,স্তুপ,স্তুপ,সাধারণ প্রশাসন ও সামাজিক,ishaara,5
4341,স্থির করা,স্থির করা,সাধারণ প্রশাসন ও সামাজিক,ishaara,5
4342,স্নেহ,স্নেহ,সাধারণ প্রশাসন ও সামাজিক,ishaara,5
4343,স্বল্প দৃষ্টি প্রতিবন্ধী,স্বল্প দৃষ্টি প্রতিবন্ধী,সাধারণ প্রশাসন ও সামাজিক,ishaara,5
4344,স্বাদহীন,স্বাদহীন,সাধারণ প্রশাসন ও সামাজিক,ishaara,5
4345,স্বাস্থ্যমন্ত্রী,স্বাস্থ্যমন্ত্রী,সাধারণ প্রশাসন ও সামাজিক,ishaara,5
4346,স্যানিটারি ন্যাপকিন,স্যানিটারি ন্যাপকিন,সাধারণ প্রশাসন ও সামাজিক,ishaara,5
4347,স্যালাইন,স্যালাইন,সাধারণ প্রশাসন ও সামাজিক,ishaara,5
4348,হজম,হজম,সাধারণ প্রশাসন ও সামাজিক,ishaara,5
4349,হতবাক,হতবাক,সাধারণ প্রশাসন ও সামাজিক,ishaara,5
4350,হযরত মুহম্মদ (স.),হযরত মুহম্মদ (স.),বিখ্যাত ব্যক্তি,ishaara,5
4351,হলুদ রং,হলুদ রং,সাধারণ প্রশাসন ও সামাজিক,ishaara,5
4352,হাই তোলা,হাই তোলা,সাধারণ প্রশাসন ও সামাজিক,ishaara,5
4353,হাঁটু,হাঁটু,সাধারণ প্রশাসন ও সামাজিক,ishaara,5
4354,হাফপ্যান্ট,হাফপ্যান্ট,পোশাক ও ফ্যাশন,ishaara,5
4355,হাসি,হাসি,সাধারণ প্রশাসন ও সামাজিক,ishaara,5
4356,হিমশিম,হিমশিম,সাধারণ প্রশাসন ও সামাজিক,ishaara,5
4357,হীরা,হীরা,সাধারণ প্রশাসন ও সামাজিক,ishaara,5
4358,হুইল চেয়ার,হুইল চেয়ার,বিশেষ শিক্ষা ও প্রতিবন্ধিতা,ishaara,5
4359,হুঁকা (হুক্কা),হুঁকা (হুক্কা),সাধারণ প্রশাসন ও সামাজিক,ishaara,5
4360,হৃদস্পন্দন,হৃদস্পন্দন,সাধারণ প্রশাসন ও সামাজিক,ishaara,5
4361,হ্রাস করা,হ্রাস করা,সাধারণ প্রশাসন ও সামাজিক,ishaara,5
